International Designator,NORAD Catalog Number,Name,Period (minutes),Inclination (degrees),Apogee Height (km),Perigee Height (km),Eccentricity,Latest Data,GP Age (days)
1964-063C,900,CALSPHERE 1,104.67,90.21,998,959,0.0026488,,0.67
1964-063E,902,CALSPHERE 2,106.44,90.22,1074,1050,0.0016522,,0.39
1965-034C,1361,LCS 1,145.56,32.14,2797,2778,0.0010308,,0.58
1965-065E,1512,TEMPSAT 1,107.98,89.96,1185,1082,0.0068058,,0.52
1965-065H,1520,CALSPHERE 4A,107.77,89.93,1177,1070,0.0071135,,0.7
1967-053A,2826,OPS 5712 (P/L 160),98.18,69.92,672,671,0.0000855,,0.55
1967-066E,2866,LES-5,1315.96,1.48,33629,33173,0.0057257,,1.02
1967-053F,2872,SURCAL 159,102.9,69.97,899,893,0.000392,,0.51
1967-053H,2874,OPS 5712 (P/L 153),103.1,69.97,910,901,0.0006007,,0.76
1967-053J,2909,SURCAL 150B,95.86,69.93,564,556,0.0006009,,0.2
1971-039A,5204,OPS 3811 (DSP 2),1466.95,1.09,36490,36287,0.0023673,,0.23
1971-067E,5398,RIGIDSPHERE 2 (LCS 4),100.22,87.62,814,724,0.006261,,0.56
1974-089B,7530,OSCAR 7 (AO-7),114.86,101.99,1459,1439,0.001229,,0.55
1975-010A,7646,STARLETTE,104.17,49.83,1106,805,0.0205687,,0.59
1976-039A,8820,LAGEOS 1,225.47,109.86,5947,5839,0.0044159,,0.79
1982-019A,13086,OPS 8701 (DSP 10),1466.56,10.33,36401,36361,0.0004692,,1.19
1983-058B,14129,PHASE 3B (AO-10),699.46,27.16,35502,3945,0.6044873,,1.52
1984-021B,14781,UOSAT 2 (UO-11),96.74,97.74,609,596,0.0009493,,0.6
1986-061A,16908,AJISAI (EGS),115.71,50.01,1496,1479,0.0011261,,0.52
1988-091B,19548,TDRS 3,1436.03,12.99,35962,35609,0.0041851,*G,1.2
1989-001C,19751,COSMOS 1989 (ETALON 1),675.56,64.66,19186,19065,0.0023711,,0.2
1989-039C,20026,COSMOS 2024 (ETALON 2),675.41,65.23,19172,19071,0.001986,,0.95
1989-077A,20253,FLTSATCOM 8 (USA 46),1436.19,12.57,35819,35758,0.0007183,*G,0.69
1990-005G,20442,LUSAT (LO-19),100.43,98.9,787,771,0.0010592,,0.55
1990-037B,20580,HST,94.58,28.47,500,496,0.0002431,,0.34
1990-079A,20776,SKYNET 4C,1436.08,13.5,35802,35771,0.0003605,*G,0.45
1990-095A,20929,USA 65 (DSP 15),1463.41,14.32,36334,36305,0.0003491,,0.79
1991-054B,21639,TDRS 5,1436.02,14.13,35807,35763,0.0005156,*G,1.19
1991-080B,21805,USA 75 (DSP 16),1451.79,14.28,36106,36080,0.0003119,*G,0.93
1992-070B,22195,LAGEOS 2,222.46,52.64,5951,5617,0.0137117,,0.25
1993-003B,22314,TDRS 6,1436.04,14.17,35817,35754,0.0007375,*G,0.31
1993-009B,22490,SCD 1,99.61,24.97,770,710,0.0042383,,0.54
1993-056A,22787,UFO 2 (USA 95),1436.09,11.72,35800,35773,0.0003097,*G,0.38
1993-061B,22824,STELLA,100.88,98.85,804,796,0.0005349,,0.56
1993-061C,22825,EYESAT A (AO-27),100.65,98.76,796,783,0.0008901,,0.33
1993-061D,22826,ITAMSAT (IO-26),100.62,98.75,795,781,0.0009638,,0.55
1994-009A,22988,USA 99 (MILSTAR-1 1),1436.11,16.85,35800,35774,0.0003143,*G,0.48
1994-085A,23439,RADIO ROSTO (RS-15),127.71,64.82,2145,1900,0.0145558,,0.59
1995-003A,23467,UFO 4 (USA 108),1436.06,9.67,35799,35772,0.0003203,*G,0.24
1995-035B,23613,TDRS 7,1436.13,13.59,35882,35693,0.0022362,*G,1.59
1995-060A,23712,USA 115 (MILSTAR-1 2),1436.08,13.88,35806,35767,0.0004569,*G,0.48
1996-013A,23802,POLAR,1109,79.3,50429,7796,0.6006331,,4.72
1996-020A,23839,INMARSAT 3-F1,1440.34,9.53,35897,35842,0.0006542,*G,0.34
1996-029A,23893,USA 119,107.13,63.33,1710,477,0.0824937,,0.94
1996-046B,24278,JAS-2 (FO-29),106.41,98.59,1321,800,0.0349793,,0.74
1996-053A,24307,INMARSAT 3-F2,1440.11,8.69,35886,35844,0.0004918,*G,1.04
1996-070A,24674,INMARSAT 3-F3,1440,9.21,35895,35830,0.0007705,*G,0.28
1997-035A,24876,NAVSTAR 43 (USA 132),717.98,55.75,20412,19952,0.0086542,,1.34
1997-047A,24920,FORTE,100.87,69.95,818,782,0.0025387,,0.75
1997-050A,24936,AMC-3,1436.08,6.89,35799,35773,0.0003082,*G,0.47
1997-065A,25019,USA 134,1436.07,12.17,35809,35763,0.0005365,*G,0.48
1997-067A,25030,NAVSTAR 44 (USA 135),764.18,55.6,21363,21257,0.0019091,,0.75
1997-084G,25118,ORBCOMM FM06,99.64,45.02,743,740,0.0001788,,0.5
1998-006B,25153,INMARSAT 3-F5,1436.17,8.51,35811,35765,0.0005466,*G,13.46
1998-007C,25159,ORBCOMM FM04,100.41,107.97,807,749,0.0040307,,1.11
1998-007D,25160,CELESTIS-02 & TAURUS R/B,101.25,108.01,864,772,0.0063973,,0.6
1998-030A,25338,NOAA 15,100.92,98.55,810,794,0.0010999,,0.24
1998-043D,25397,TECHSAT 1B (GO-32),101.11,98.95,811,811,0.0000465,,0.62
1998-046C,25415,ORBCOMM FM19,100.17,44.99,770,763,0.0004794,,0.69
1998-046D,25416,ORBCOMM FM20,100.23,44.99,771,768,0.000202,,0.73
1998-050A,25462,ASTRA 2A,1436.1,5.8,35800,35773,0.0003212,*G,0.73
1998-053G,25481,ORBCOMM FM27,100.18,45,768,767,0.0000648,,0.56
1998-060A,25504,SCD 2,99.64,25,754,729,0.0017087,,0.26
1998-067A,25544,ISS (ZARYA),92.88,51.64,417,414,0.0002183,,0.29
1998-071A,25560,SWAS,95.74,69.9,561,548,0.0009432,,0.86
1999-009B,25639,SKYNET 4E,1436.12,11.76,35800,35774,0.0003129,*G,0.32
1999-029B,25757,DLR-TUBSAT,99.16,98.62,730,708,0.0015424,,0.62
1999-040B,25867,CXO,3809,46.22,144113,4714,0.8627046,,-1.5
1999-053A,25924,ABS-6,1436.18,0.04,35800,35776,0.0002915,*G,0.79
1999-055A,25933,NAVSTAR 46 (USA 145),717.98,51.91,20490,19874,0.0115912,,0.73
1999-063A,25967,UFO 10 (USA 146),1436.11,9.61,35815,35759,0.0006688,*G,1.18
1999-065C,25982,ORBCOMM FM32,100.3,45.02,776,769,0.0005238,,1.06
1999-066A,25989,XMM-NEWTON,2872.08,66.89,93683,27422,0.4949946,,-1.29
1999-068A,25994,TERRA,98.6,98.02,694,690,0.0003212,,0.26
1999-071A,26038,GALAXY 11 (G-11),1454.1,5.44,36165,36111,0.0006371,*G,0.77
2000-001A,26052,USA 148,1436.06,11.07,35800,35772,0.0003399,*G,0.24
2000-016A,26107,ASIASTAR,1436.08,7.93,35805,35767,0.0004544,*G,1.01
2000-017A,26113,IMAGE,853.81,93.95,46242,627,0.765024,,0.91
2000-024A,26356,USA 149 (DSP 20),1436.26,12.78,35795,35785,0.0001141,*G,0.87
2000-025A,26360,NAVSTAR 47 (USA 150),717.98,54.83,20287,20077,0.0039552,,0.81
2000-034A,26388,TDRS 8,1435.97,11.88,35813,35755,0.0006921,*G,1.19
2000-041A,26410,CLUSTER II-FM7 (SAMBA),3213.31,142.13,123701,7807,0.8033491,,-1.71
2000-043A,26451,INTELSAT 9 (IS-9),1436.08,9.26,35798,35774,0.000286,*G,0.41
2000-045A,26463,CLUSTER II-FM5 (RUMBA),3356.29,153.71,134264,1492,0.894016,,-0.81
2000-045B,26464,CLUSTER II-FM8 (TANGO),3241.97,142.33,124485,7879,0.8035099,,0.16
2000-059A,26554,NSS-11,1436.08,0.8,35799,35773,0.0003037,*G,0.64
2000-065A,26575,USA 153,1436.13,10.73,35798,35776,0.0002552,*G,1.08
2000-067A,26580,AMC-6,1436.13,0.03,35801,35774,0.0003231,*G,0.88
2000-071A,26605,NAVSTAR 49 (USA 154),717.98,55.36,20611,19754,0.0161337,,0.2
2000-072A,26608,INTELSAT 1R (IS-1R),1454.96,6.8,36197,36113,0.0009929,,0.28
2001-004A,26690,NAVSTAR 50 (USA 156),751.61,54.81,21011,20999,0.0002189,,0.25
2001-007A,26702,ODIN,93.94,97.46,471,463,0.0005294,,0.89
2001-009A,26715,USA 157 (MILSTAR-2 2),1436.09,10.98,35955,35618,0.0039949,*G,0.86
2001-011B,26720,BSAT-2A,1451.91,9.64,36124,36067,0.0006791,*G,1.01
2001-019A,26766,INTELSAT 10 (IS-10),1436.07,7.85,35803,35769,0.00041,*G,0.34
2001-024A,26824,INTELSAT 901 (IS-901),1436.11,0.02,35796,35777,0.0002268,*G,0.61
2001-026A,26857,OMNI-M1,366.97,45.02,10631,10571,0.0017905,,1.16
2001-033A,26880,USA 159 (DSP 21),1436.11,12.3,35790,35784,0.0000715,*G,0.61
2001-039A,26900,INTELSAT 902 (IS-902),1436.09,4.82,35806,35767,0.0004616,*G,0.47
2001-043C,26931,PCSAT (NO-44),100.59,67.05,791,782,0.000622,,0.8
2001-049B,26958,PROBA-1,95.75,97.94,596,513,0.0059934,,0.26
2001-055B,26998,TIMED,96.44,74.07,589,587,0.000119,,0.69
2001-056D,27004,MAROC-TUBSAT,105.09,99.76,1013,984,0.0019997,,0.6
2001-058B,27056,COSMOS 2385,114.24,82.54,1425,1416,0.0005415,,0.57
2001-058C,27057,COSMOS 2386,114.14,82.54,1417,1415,0.0001133,,0.6
2002-001A,27168,USA 164 (MILSTAR-2 3),1436.04,10.57,36205,35367,0.0099375,,0.27
2002-007A,27380,INTELSAT 904 (IS-904),1436.1,5.63,35800,35773,0.0003169,*G,0.61
2002-022A,27424,AQUA,98.58,98.36,692,689,0.0001986,,0.29
2002-023A,27426,DIRECTV 5 (TEMPO 1),1436.09,3.57,35800,35772,0.0003307,*G,0.62
2002-027A,27438,INTELSAT 905 (IS-905),1436.09,5.46,35798,35775,0.0002655,*G,0.61
2002-030A,27445,GALAXY 3C (G-3C),1436.09,2.42,35797,35776,0.0002575,*G,0.62
2002-036A,27464,COSMOS 2390,115.7,82.49,1507,1468,0.0024727,,0.63
2002-036B,27465,COSMOS 2391,115.67,82.49,1506,1466,0.002553,,0.56
2002-041A,27513,INTELSAT 906 (IS-906),1436.11,4.5,35811,35763,0.0005718,*G,0.34
2002-048A,27540,INTEGRAL,3832.22,90.75,144620,4864,0.8614178,,1.19
2002-055A,27566,TDRS 10,1436.15,10.01,35816,35759,0.0006705,*G,0.81
2002-058B,27606,LATINSAT B,97.59,64.56,675,612,0.0044962,,1.21
2002-058C,27607,SAUDISAT 1C (SO-50),97.24,64.55,654,599,0.0039438,,0.62
2002-058H,27612,LATINSAT A,97.06,64.56,644,592,0.003708,,0.31
2002-062A,27632,NIMIQ 2,1436.09,8.25,35813,35760,0.0006368,*G,0.9
2003-001A,27640,CORIOLIS,101.43,98.71,836,817,0.0013142,,0.56
2003-004A,27651,SORCE,96.08,39.99,585,557,0.0020566,,0.36
2003-005A,27663,NAVSTAR 51 (USA 166),717.98,55.02,20563,19802,0.0143152,,0.92
2003-008A,27691,USA 167,1436.1,9.94,35804,35769,0.0004121,*G,0.83
2003-010A,27704,NAVSTAR 52 (USA 168),717.95,55.04,20873,19490,0.0260267,,1.17
2003-012A,27711,USA 169 (MILSTAR-2 4),1436.12,11.57,36202,35372,0.009833,,0.25
2003-014A,27718,ASIASAT 4,1436.12,3.39,35802,35772,0.0003631,*G,0.82
2003-020A,27811,HELLAS-SAT 2,1436.09,6.07,35825,35748,0.0009144,*G,0.53
2003-026A,27825,THURAYA-2,1436.07,8.04,35813,35759,0.0006386,*G,1.38
2003-028B,27831,OPTUS C1,1436.09,5.6,35812,35761,0.0005967,*G,0.81
2003-031D,27843,MOST,101.33,98.71,828,815,0.0008883,,0.54
2003-031E,27844,CUTE-1 (CO-55),101.14,98.68,819,806,0.000888,,0.6
2003-031J,27848,CUBESAT XI-IV (CO-57),101.18,98.68,821,809,0.0008581,,0.93
2003-034A,27854,GALAXY 23 (G-23),1436.09,1.87,35799,35774,0.0002993,*G,0.77
2003-036A,27858,SCISAT 1,97.28,73.93,635,622,0.000896,,0.31
2003-037A,27868,COSMOS 2400,115.65,82.47,1502,1467,0.0022406,,0.53
2003-037B,27869,COSMOS 2401,115.62,82.47,1502,1465,0.0023175,,0.28
2003-040A,27875,USA 170,1435.99,9.41,35790,35779,0.0001273,*G,0.74
2003-042A,27939,MOZHAYETS 4 (RS-22),97.85,98.31,665,647,0.0012668,,0.21
2003-042F,27944,LARETS,98.38,98.34,690,673,0.0012107,,0.28
2003-044A,27954,GALAXY 13 (HORIZONS-1),1436.07,0.09,35793,35779,0.0001692,*G,0.86
2003-046A,28051,IRS-P6 (RESOURCESAT-1),100.29,98.26,819,725,0.0065801,,0.21
2003-048A,28054,DMSP 5D-3 F16 (USA 172),101.82,99.02,850,839,0.0007826,,0.22
2003-049B,28058,CHUANGXIN 1 (CX-1),99.44,98.56,740,724,0.0011595,,0.74
2003-053A,28089,YAMAL 202,1436.1,5.05,35811,35762,0.0005843,*G,0.9
2003-057A,28117,UFO 11 (USA 174),1436.08,8.41,35804,35769,0.0004128,*G,1.37
2003-058A,28129,NAVSTAR 53 (USA 175),717.97,54.68,20367,19998,0.0069469,,1.15
2004-004A,28158,USA 176 (DSP 22),1436.11,11.36,35793,35781,0.0001483,*G,1.01
2004-007A,28184,ABS-4 (MOBISAT-1),1436.11,4.74,35816,35758,0.000684,*G,0.34
2004-008A,28187,EUTELSAT 7A,1436.05,4.53,35804,35768,0.0004238,*G,0.77
2004-009A,28190,NAVSTAR 54 (USA 177),717.95,55.26,20446,19917,0.0099608,,0.89
2004-012A,28220,SHIYAN 1 (SY-1),94.81,97.94,515,504,0.0008366,,0.83
2004-017A,28252,AMC-11,1436.07,0.05,35797,35775,0.0002555,*G,0.62
2004-022A,28358,INTELSAT 10-02,1436.08,0.04,35790,35783,0.0000773,*G,0.6
2004-023A,28361,NAVSTAR 55 (USA 178),718,54.53,20590,19775,0.0153341,,1.4
2004-025A,28366,APRIZESAT 2,100.16,98.07,842,691,0.0106099,,0.54
2004-025D,28369,SAUDICOMSAT 1,98.99,98.56,734,687,0.0033169,,0.58
2004-025E,28370,SAUDICOMSAT 2,99.36,98.65,768,688,0.0056256,,0.6
2004-025F,28371,SAUDISAT 2,98.9,98.51,724,687,0.0026135,,0.61
2004-025G,28372,APRIZESAT 1,99.23,98.61,753,691,0.0043838,,0.61
2004-026A,28376,AURA,98.64,98.28,695,693,0.0001612,,0.53
2004-027A,28378,ANIK F2,1436.09,1.96,35794,35779,0.00017,*G,0.9
2004-028A,28380,COSMOS 2407,104.63,82.96,1005,949,0.0038071,,0.3
2004-035A,28413,SHIJIAN-6 01A (SJ-6 01A),95.49,97.63,549,536,0.0009529,,0.85
2004-035B,28414,SHIJIAN-6 01B (SJ-6 01B),95.91,97.64,569,556,0.0009243,,0.28
2004-037A,28419,COSMOS 2408,115.6,82.48,1495,1470,0.0015559,,0.55
2004-037B,28420,COSMOS 2409,115.63,82.49,1495,1474,0.0013353,,0.57
2004-041A,28446,AMC-15,1436.11,0.03,35797,35777,0.0002309,*G,0.62
2004-044A,28470,JB-3 3 (ZY 2C),95.14,97.22,551,500,0.0036625,,1.07
2004-045A,28474,NAVSTAR 56 (USA 180),717.98,55.38,20626,19738,0.0167217,,1.06
2004-047A,28485,SWIFT,94.11,20.56,480,471,0.0006815,,1.09
2004-049A,28492,HELIOS 2A,96,98.33,573,561,0.0008714,,0.3
2004-049B,28493,NANOSAT-1,97.42,98.16,639,632,0.0004927,,0.62
2005-002A,28521,COSMOS 2414,103.76,82.95,965,907,0.003979,,0.89
2005-003A,28526,NSS-10,1436.1,5.17,35799,35774,0.0002962,*G,0.61
2005-005A,28542,XTAR-EUR,1436.08,3.01,35812,35760,0.0006202,*G,0.68
2005-008A,28626,XM-3 (RHYTHM),1436.11,0.03,35807,35767,0.00047,*G,0.89
2005-009A,28628,INMARSAT 4-F1,1436.09,4.52,35796,35777,0.0002201,*G,0.43
2005-017A,28649,IRS-P5 (CARTOSAT-1),96.72,97.59,603,601,0.0001187,,0.85
2005-018A,28654,NOAA 18,101.88,98.86,858,837,0.001468,,0.26
2005-019A,28659,DIRECTV 8,1436.09,0.02,35799,35774,0.0002972,*G,0.77
2005-022A,28702,GALAXY 28 (G-28),1436.1,1.98,35815,35759,0.0006656,*G,0.62
2005-024A,28737,SJ-7,95.28,97.77,546,519,0.0019627,,0.56
2005-028A,28786,THAICOM 4,1436.11,0.02,35797,35777,0.0002407,*G,0.79
2005-030A,28790,GALAXY 14 (G-14),1455.65,3.7,36179,36159,0.000235,*G,1.13
2005-031B,28810,REIMEI (INDEX),95.81,97.98,574,541,0.0023568,,0.27
2005-036A,28868,ANIK F1R,1436.09,3,35794,35779,0.0001876,*G,0.62
2005-038A,28874,NAVSTAR 57 (USA 183),717.95,55.31,20541,19822,0.0135292,,0.88
2005-041B,28885,SYRACUSE 3A,1436.11,3.34,35799,35775,0.0002806,*G,0.61
2005-043A,28890,BEIJING 1,98.43,98.22,695,673,0.001595,,0.22
2005-043D,28893,SINAH 1,98.4,98.22,693,671,0.0015816,,0.59
2005-043F,28895,CUBESAT XI-V,97.96,98.23,672,650,0.0015387,,0.58
2005-044A,28899,INMARSAT 4-F2,1436.11,4.44,35798,35776,0.0002641,*G,2
2005-046B,28903,SPACEWAY 2,1453.59,4.16,36135,36121,0.0001618,*G,0.61
2005-048A,28908,COSMOS 2416,114.69,82.47,1447,1436,0.0007031,,0.71
2005-049B,28912,METEOSAT-9 (MSG-2),1436.15,8.19,35789,35786,0.0000297,*G,0.74
2005-052A,28924,EUTELSAT 174A,1436.12,2.92,35813,35761,0.0006083,*G,0.64
2006-003A,28935,ECHOSTAR 10,1436.08,0.03,35792,35781,0.0001275,*G,0.89
2006-007A,28945,SPAINSAT,1436.08,0.05,35805,35768,0.0004435,*G,0.75
2006-007B,28946,EUTELSAT HOTBIRD 13E,1436.09,0.78,35795,35778,0.0002082,*G,0.24
2006-010A,29045,JCSAT-5A,1436.09,0.04,35793,35780,0.0001604,*G,0.79
2006-012A,29055,ASTRA 1KR,1436.1,0.01,35804,35769,0.0004112,*G,1.17
2006-014A,29079,EROS B,94.34,97.34,490,483,0.0005736,,0.26
2006-016B,29108,CALIPSO,98.13,98.44,670,668,0.0001753,,0.55
2006-018A,29155,EWS-G1 (GOES 13),1457.06,3.2,36475,35917,0.0065563,,0.83
2006-021A,29228,RESURS-DK 1,95.39,69.93,540,535,0.0003719,,0.58
2006-023A,29236,GALAXY 16 (G-16),1436.07,0.05,35799,35773,0.0003042,*G,0.62
2006-029A,29252,GENESIS 1,92.36,64.51,414,367,0.0034603,,0.66
2006-031A,29268,ARIRANG-2 (KOMPSAT-2),98.36,97.84,689,671,0.0013314,,0.29
2006-032A,29270,EUTELSAT HOTBIRD 13B,1436.04,0.34,35805,35766,0.0004685,*G,0.6
2006-033A,29272,JCSAT-3A,1436.08,0.03,35794,35779,0.0001757,*G,0.79
2006-033B,29273,SYRACUSE 3B,1436.07,1.59,35808,35764,0.0005193,*G,0.37
2006-034A,29349,KOREASAT 5 (MUGUNGWHA 5),1436.11,0.46,35796,35778,0.0002138,*G,0.74
2006-041A,29479,HINODE (SOLAR-B),98.13,98.08,683,656,0.0019003,,0.88
2006-042A,29486,NAVSTAR 58 (USA 190),717.95,54.68,20461,19902,0.0105313,,1.03
2006-043A,29494,DIRECTV 9S,1436.08,1.1,35798,35774,0.0002904,*G,0.48
2006-043B,29495,OPTUS D1,1436.1,1.71,35802,35771,0.0003647,*G,0.81
2006-046A,29505,SHIJIAN-6 02A (SJ-6 02A),95.45,97.7,544,537,0.0005156,,0.27
2006-046B,29506,SHIJIAN-6 02B (SJ-6 02B),96.07,97.72,571,569,0.0001533,,0.24
2006-050A,29522,DMSP 5D-3 F17 (USA 191),101.79,98.74,851,835,0.0011017,,0.26
2006-051A,29526,BADR-4,1436.1,0.68,35822,35752,0.000829,*G,0.6
2006-052A,29601,NAVSTAR 59 (USA 192),718.01,55.06,20417,19950,0.0087883,,1.12
2006-054A,29643,WILDBLUE-1,1436.09,1.48,35794,35779,0.0001825,*G,0.48
2007-001A,29709,LAPAN-TUBSAT,96.98,98.1,623,604,0.0013538,,0.28
2007-004A,30580,THEMIS A,1639.37,6.79,78483,871,0.8426018,,1.58
2007-007B,30794,SKYNET 5A,1436.09,3.99,35804,35769,0.0004107,*G,1.01
2007-004D,30797,THEMIS D,1639.36,2.15,78398,955,0.8407696,,0.25
2007-004E,30798,THEMIS E,1639.41,4.5,78350,1005,0.8396816,,0.6
2007-009A,31102,ANIK F3,1436.02,0.04,35793,35777,0.0001826,*G,0.77
2007-010A,31113,HAIYANG-1B,100.64,98.31,798,780,0.0012424,,0.57
2007-012B,31118,SAUDISAT 3,97.91,98.08,670,647,0.0015991,,0.64
2007-012C,31119,SAUDICOMSAT 7,98.3,98.31,718,637,0.0056936,,0.67
2007-012E,31121,SAUDICOMSAT 6,98.53,98.34,741,636,0.0074335,,0.63
2007-012H,31124,SAUDICOMSAT 5,98.17,98.28,704,638,0.0047252,,0.62
2007-012J,31125,SAUDICOMSAT 3,98.02,98.25,691,636,0.0039151,,0.56
2007-012L,31127,SAUDICOMSAT 4,98.41,98.33,729,636,0.0065905,,0.64
2007-016A,31306,ASTRA 1L,1436.07,0.05,35807,35765,0.0004944,*G,0.61
2007-016B,31307,GALAXY 17 (G-17),1436.09,1.67,35810,35763,0.0005641,*G,0.62
2007-019A,31490,YAOGAN-2,97.21,98.31,641,610,0.0022352,,0.53
2007-020A,31571,GLOBALSTAR M065,114.11,51.99,1423,1407,0.0010535,,0.22
2007-020C,31573,GLOBALSTAR M069,115.45,51.99,1477,1474,0.0001722,,0.31
2007-020D,31574,GLOBALSTAR M072,120.83,52.01,1719,1717,0.0000853,,0.44
2007-020F,31576,GLOBALSTAR M071,118.2,52.01,1601,1599,0.000104,,0.57
2007-023A,31598,COSMO-SKYMED 1,97.16,97.89,623,622,0.0001245,,0.22
2007-026A,31698,TERRASAR-X,94.79,97.45,510,507,0.0001735,,1.04
2007-028A,31789,GENESIS 2,92.6,64.48,410,394,0.0011788,,0.26
2007-029A,31792,COSMOS 2428,101.92,70.95,852,847,0.0003218,,0.58
2007-031A,31800,ZHONGXING-6B,1436.13,1.08,35806,35768,0.0004537,*G,0.76
2007-032A,31862,DIRECTV 10,1436.1,0.01,35789,35785,0.0000515,*G,0.55
2007-036B,32019,BSAT-3A,1436.09,0.07,35799,35774,0.0003064,*G,1.37
2007-041A,32060,WORLDVIEW-1 (WV-1),94.48,97.39,496,491,0.0003889,,0.64
2007-044A,32252,OPTUS D2,1436.09,0.75,35815,35758,0.0006872,*G,0.78
2007-044B,32253,INTELSAT 11 (IS-11),1436.11,2.23,35804,35769,0.000415,*G,0.61
2007-046A,32258,WGS F1 (USA 195),1436.06,0.07,35790,35782,0.0000975,*G,0.61
2007-047A,32260,NAVSTAR 60 (USA 196),718.01,53.73,20605,19761,0.0159012,,1.31
2007-048B,32264,GLOBALSTAR M070,114.08,51.97,1414,1412,0.0001187,,0.51
2007-048C,32265,GLOBALSTAR M066,115.93,51.97,1498,1497,0.0000858,,0.9
2007-052A,32275,COSMOS 2433 [GLONASS-M],675.73,65.85,19141,19119,0.0004341,,1.07
2007-052B,32276,COSMOS 2432 [GLONASS-M],675.73,65.86,19160,19100,0.0011819,,1.44
2007-055A,32289,YAOGAN-3,96.8,97.87,606,605,0.0001149,,0.23
2007-056B,32294,SKYNET 5B,1436.13,3.95,35804,35771,0.0003922,*G,0.53
2007-057A,32299,ASTRA 4A,1436.12,0.03,35799,35775,0.0002776,*G,0.74
2007-059A,32376,COSMO-SKYMED 2,97.15,97.89,624,621,0.0001474,,0.26
2007-061A,32382,RADARSAT-2,100.7,98.58,793,791,0.0001162,,0.25
2007-062A,32384,NAVSTAR 61 (USA 199),717.99,55.45,20257,20108,0.0028146,,0.26
2007-063B,32388,HORIZONS-2,1436.09,1.28,35795,35778,0.0001976,*G,0.62
2007-065A,32393,COSMOS 2434 [GLONASS-M],675.73,64.32,19143,19117,0.000501,,0.2
2007-065C,32395,COSMOS 2436 [GLONASS-M],675.74,64.33,19175,19085,0.0017555,,1.11
2008-001A,32404,THURAYA-3,1436.1,5.16,35797,35776,0.0002508,*G,1.01
2008-006A,32487,THOR 5,1436.11,0.05,35797,35777,0.0002457,*G,0.58
2008-011A,32708,AMC-14,1436.1,23.37,35963,35610,0.00418,*G,1.31
2008-012A,32711,NAVSTAR 62 (USA 201),718.01,54.46,20693,19673,0.0192154,,0.9
2008-013A,32729,DIRECTV 11,1436.1,0.02,35789,35785,0.0000519,*G,0.55
2008-016A,32763,ICO G1,1436.11,5.24,35798,35776,0.0002552,*G,0.98
2008-018A,32767,VINASAT-1,1436.11,0.05,35795,35779,0.0001866,*G,0.79
2008-018B,32768,STAR ONE C2,1436.08,0.04,35798,35774,0.0002843,*G,0.47
2008-021A,32783,CARTOSAT-2A,97.38,97.84,641,625,0.0011059,,0.28
2008-021C,32785,CUTE-1.7+APD II (CO-65),95.89,97.77,568,555,0.0008831,,0.35
2008-021F,32788,AAUSAT-II,93.31,97.61,442,432,0.0007135,,0.98
2008-021H,32790,CANX-2,96.03,97.8,577,560,0.0011546,,0.55
2008-021J,32791,SEEDS II (CO-66),95.18,97.71,529,526,0.0002344,,0.59
2008-022A,32794,AMOS-3,1436.09,0.02,35798,35775,0.0002782,*G,0.32
2008-024A,32951,GALAXY 18 (G-18),1436.07,0.01,35799,35773,0.0003017,*G,0.56
2008-025A,32953,YUBILEINY (RS-30),115.83,82.51,1509,1478,0.0019722,,0.28
2008-025B,32954,COSMOS 2437,115.87,82.5,1512,1478,0.0021028,,0.58
2008-025C,32955,COSMOS 2438,115.82,82.5,1509,1476,0.0021285,,0.58
2008-025D,32956,COSMOS 2439,115.84,82.51,1510,1477,0.0021078,,0.57
2008-026A,32958,FENGYUN 3A,101.46,98.63,834,821,0.0009052,,0.63
2008-028A,33051,ZHONGXING-9,1436.09,0.01,35805,35768,0.0004332,*G,0.36
2008-029A,33053,FGRST (GLAST),94.75,25.58,514,500,0.0010269,,0.79
2008-030A,33055,SKYNET 5C,1436.1,2.47,35808,35765,0.000516,*G,0.32
2008-030B,33056,TURKSAT 3A,1436.06,0.02,35799,35773,0.0003115,*G,1.02
2008-034A,33153,INTELSAT 25 (IS-25),1436.1,1.39,35799,35774,0.0002992,*G,0.61
2008-034B,33154,BADR-6,1458.29,1.53,36249,36191,0.0006747,,0.61
2008-035A,33207,ECHOSTAR 11,1436.1,0.01,35798,35776,0.0002586,*G,0.89
2008-038A,33274,SUPERBIRD-C2,1436.1,1.04,35793,35780,0.0001531,*G,0.82
2008-038B,33275,AMC-21,1436.08,1.62,35799,35774,0.0002914,*G,0.84
2008-039A,33278,INMARSAT 4-F3,1436.09,3.87,35799,35774,0.0002871,*G,0.55
2008-041A,33320,HUANJING 1A (HJ-1A),97.18,97.64,638,609,0.0020196,,0.27
2008-041B,33321,HUANJING 1B (HJ-1B),97.19,97.63,652,597,0.0038896,,0.21
2008-042A,33331,GEOEYE 1,98.33,98.12,681,676,0.0003483,,0.54
2008-044A,33373,NIMIQ 4,1436.13,0.03,35797,35778,0.0002254,*G,0.33
2008-045A,33376,GALAXY 19 (G-19),1436.05,0.06,35798,35773,0.0002887,*G,0.89
2008-049A,33396,THEOS,101.4,98.63,826,825,0.0000899,,0.28
2008-053A,33408,SHIJIAN-6 03A (SJ-6 03A),95.43,97.88,548,531,0.0012448,,0.56
2008-053B,33409,SHIJIAN-6 03B (SJ-6 03B),95.93,97.88,577,550,0.0019698,,0.23
2008-054A,33412,COSMO-SKYMED 3,95.9,97.88,574,550,0.0017235,,0.26
2008-056A,33433,SHIYAN 3 (SY-3),100.66,98.65,800,780,0.001347,,0.46
2008-056B,33434,CHUANGXIN 1-02 (CX-1-02),100.7,98.66,802,782,0.001401,,0.3
2008-057A,33436,ASTRA 1M,1436.13,0.08,35789,35785,0.0000493,*G,0.46
2008-061A,33446,YAOGAN-4,97.21,97.9,635,616,0.0013383,,0.3
2008-065A,33459,EUTELSAT HOTBIRD 13C,1436.09,1.63,35814,35759,0.0006418,*G,0.46
2009-002A,33492,GOSAT (IBUKI),98.12,98.05,670,668,0.0001105,,0.31
2009-002G,33498,STARS (KUKAI),96.66,98.12,606,591,0.0010863,,0.77
2009-002H,33499,KKS-1 (KISEKI),97.25,98.13,633,621,0.0009048,,0.73
2009-005A,33591,NOAA 19,101.89,99.02,858,838,0.0014227,,0.27
2009-007A,33595,EXPRESS-AM44,1436.09,2.14,35806,35767,0.00046,*G,0.32
2009-008A,33749,NSS-9,1436.07,0.03,35796,35776,0.0002275,*G,1.92
2009-008C,33751,SPIRALE A,312.46,2.12,17369,381,0.5568664,,0.92
2009-008D,33752,SPIRALE B,480.76,2.09,27647,254,0.6737376,,0.62
2009-009A,34111,TELSTAR 11N,1436.11,0.02,35797,35776,0.0002458,*G,0.75
2009-014A,34661,NAVSTAR 63 (USA 203),717.96,54.6,20548,19816,0.0137889,,1.24
2009-017A,34713,WGS F2 (USA 204),1436.13,0.02,35792,35782,0.0001205,*G,0.4
2009-021A,34839,YAOGAN-6,91.8,97.19,372,354,0.0013998,,0.63
2009-027A,34941,SES-7 (PROTOSTAR 2),1436.1,0.01,35795,35778,0.0002023,*G,1.01
2009-032A,35362,MEASAT-3A,1436.08,0.03,35799,35774,0.0002901,*G,0.78
2009-033A,35491,GOES 14,1436.04,0.35,35793,35778,0.0001735,*G,0.48
2009-034A,35493,FM-5,1436.11,0.02,35795,35779,0.0001854,*G,0.62
2009-035A,35496,TERRESTAR-1,1436.1,4.81,35800,35774,0.0003139,*G,0.77
2009-036A,35498,COSMOS 2451,116.05,82.49,1508,1498,0.0006038,,0.51
2009-036C,35500,COSMOS 2453,115.99,82.49,1506,1495,0.0006913,,0.51
2009-041A,35681,DEIMOS-1,97.68,97.69,649,646,0.0002484,,0.27
2009-041B,35682,DUBAISAT-1,97.74,97.93,658,644,0.0009627,,0.26
2009-041C,35683,UK-DMC 2,97.66,97.81,648,645,0.0001488,,0.29
2009-041D,35684,APRIZESAT 4,97.13,98.21,652,590,0.0044479,,0.78
2009-041E,35685,NANOSAT 1B,96.63,98.09,634,560,0.0053139,,0.24
2009-041F,35686,APRIZESAT 3,96.42,98.13,632,543,0.0064227,,0.34
2009-042A,35696,ASIASAT 5,1436.14,0.01,35794,35781,0.0001548,*G,0.63
2009-043A,35752,NAVSTAR 64 (USA 206),718,55.85,20325,20041,0.0053448,,0.8
2009-044A,35755,JCSAT-12 (JCSAT-RA),1436.1,0.04,35794,35780,0.000166,*G,0.79
2009-044B,35756,OPTUS D3,1436.09,0.57,35808,35765,0.0005071,*G,0.81
2009-050A,35873,NIMIQ 5,1436.09,0.06,35797,35776,0.0002483,*G,0.62
2009-051A,35931,OCEANSAT-2,102.89,98.24,907,884,0.0016124,,0.23
2009-051B,35932,SWISSCUBE,98.59,98.45,696,686,0.0007387,,0.34
2009-051C,35933,BEESAT-1,98.62,98.44,697,688,0.0006078,,0.83
2009-051E,35935,ITUPSAT1,98.7,98.45,702,690,0.0008392,,0.38
2009-054A,35942,AMAZONAS 2,1436.09,0.49,35800,35772,0.0003324,*G,0.61
2009-054B,35943,COMSATBW-1,1436.07,0.07,35798,35774,0.0002914,*G,0.49
2009-055A,35946,WORLDVIEW-2 (WV-2),100.2,98.49,770,766,0.0003171,,0.58
2009-057A,35951,DMSP 5D-3 F18 (USA 210),101.8,98.84,851,837,0.0010061,,0.28
2009-058A,36032,NSS-12,1436.11,0.1,35802,35772,0.0003571,*G,0.4
2009-058B,36033,THOR 6,1436.09,0.02,35796,35777,0.0002325,*G,0.75
2009-059A,36036,SMOS,100.01,98.44,760,758,0.0001096,,0.52
2009-059B,36037,PROBA-2,99.01,98.23,722,701,0.001426,,1.02
2009-061A,36088,SJ-11-01,98.45,97.96,692,677,0.0010766,,0.25
2009-063A,36095,COSMOS 2455,103.08,67.15,907,901,0.0004196,,0.45
2009-064A,36097,INTELSAT 14 (IS-14),1436.1,0.01,35797,35777,0.0002387,*G,1.04
2009-065A,36101,EUTELSAT 36B,1436.09,0.06,35814,35759,0.0006463,*G,0.45
2009-067A,36106,INTELSAT 15 (IS-15),1436.11,0.02,35796,35778,0.000221,*G,0.61
2009-068A,36108,WGS F3 (USA 211),1436.09,0.17,35787,35786,0.0000164,*G,0.24
2009-069A,36110,YAOGAN-7,97.49,98.08,655,622,0.0023767,,0.41
2009-070A,36111,COSMOS 2456 [GLONASS-M],675.73,64.72,19142,19118,0.0004712,,1.1
2009-070B,36112,COSMOS 2457 [GLONASS-M],675.74,64.7,19140,19120,0.0004056,,1.24
2009-072A,36121,YAOGAN-8,110.34,100.28,1259,1226,0.0021517,,0.79
2009-072B,36122,XIWANG-1 (HOPE-1),109.39,100.33,1204,1193,0.0007203,,0.66
2009-075A,36131,DIRECTV 12,1436.08,0,35789,35784,0.0000603,*G,0.62
2010-001A,36287,BEIDOU-2 G1,1436.08,3.1,35808,35764,0.0005248,*G,0.79
2010-002A,36358,RADUGA-1M 2,1435.94,2.29,35801,35766,0.0004217,*G,0.36
2010-005A,36395,SDO,1436.13,33.58,35794,35780,0.0001629,*G,0.29
2010-006A,36397,INTELSAT 16 (IS-16),1436.12,0.01,35794,35780,0.0001767,*G,0.62
2010-007C,36402,COSMOS 2460 [GLONASS-M],675.72,65.7,19136,19123,0.0002414,,1.22
2010-008A,36411,EWS-G2 (GOES 15),1436.05,0.04,35809,35762,0.0005649,*G,0.28
2010-009A,36413,YAOGAN-9 01A,107.02,63.37,1457,720,0.0493857,,0.58
2010-009B,36414,YAOGAN-9 01B,107.02,63.37,1458,719,0.0494497,,0.6
2010-009C,36415,YAOGAN-9 01C,107.02,63.37,1458,719,0.0495249,,0.6
2010-010A,36499,ECHOSTAR 14,1436.11,0.01,35795,35779,0.0001921,*G,0.83
2010-013A,36508,CRYOSAT 2,99.18,92.02,720,719,0.0000873,,0.25
2010-016A,36516,SES-1,1436.09,0.05,35796,35777,0.0002258,*G,0.62
2010-017A,36519,COSMOS 2463,104.99,82.96,1021,966,0.003736,,0.35
2010-021A,36581,ASTRA 3B,1436.1,0.14,35796,35778,0.0002156,*G,0.38
2010-021B,36582,COMSATBW-2,1436.07,0.06,35793,35779,0.0001562,*G,1.17
2010-022A,36585,NAVSTAR 65 (USA 213),717.98,54.38,20505,19860,0.0121372,,1.29
2010-024A,36590,BEIDOU-2 G3,1436.09,3.31,35816,35757,0.0007065,*G,1.02
2010-025A,36592,BADR-5,1436.07,0.06,35789,35783,0.0000623,*G,0.74
2010-027A,36596,SJ-12,95.39,97.77,544,531,0.0009241,,0.31
2010-030A,36605,TANDEM-X,94.79,97.45,510,507,0.0002053,,0.97
2010-032A,36744,COMS 1,1436.11,3.5,35792,35782,0.0001113,*G,0.79
2010-032B,36745,ARABSAT-5A,1436.12,0.06,35799,35775,0.0002893,*G,0.38
2010-034A,36792,ECHOSTAR 15,1436.12,0.02,35795,35780,0.0001803,*G,0.47
2010-035A,36795,CARTOSAT-2B,97.38,97.83,642,624,0.00128,,0.31
2010-035C,36797,AISSAT 1,96.4,98.16,592,580,0.000871,,0.85
2010-035D,36798,ALSAT 2A,97.75,97.77,652,650,0.0001955,,0.27
2010-035E,36799,TISAT 1,95.29,98.07,535,531,0.0002695,,0.55
2010-036A,36828,BEIDOU-2 IGSO-1,1436.16,54.27,35973,35603,0.0043885,*G,0.67
2010-037A,36830,NILESAT 201,1436.1,0.03,35801,35772,0.0003374,*G,0.6
2010-037B,36831,RASCOM-QAF 1R,1436.1,0.04,35814,35759,0.0006553,*G,0.6
2010-038A,36834,YAOGAN-10,97.05,97.94,618,616,0.0001381,,0.27
2010-039A,36868,AEHF-1 (USA 214),1436.09,6.94,35802,35771,0.0003718,*G,0.74
2010-040A,36985,TIANHUI 1,91.08,97.54,335,319,0.0011953,,0.79
2010-043A,37152,COSMOS 2467,115.85,82.46,1495,1493,0.0001735,,0.75
2010-043B,37153,STRELA 3,116.06,82.46,1510,1496,0.0008691,,0.24
2010-043C,37154,COSMOS 2468,115.78,82.46,1502,1480,0.0014079,,0.56
2010-047A,37165,YAOGAN-11,97.26,98.43,653,602,0.0036856,,0.34
2010-047B,37166,ZHEDA PIXING 1B,96.77,97.89,619,589,0.0021216,,0.31
2010-047C,37167,ZHEDA PIXING 1C,96.79,97.92,619,590,0.0020652,,0.27
2010-048A,37168,SBSS (USA 216),95.32,97.81,597,471,0.0091475,,0.22
2010-051A,37179,SHIJIAN-6 04A (SJ-6 04A),95.42,97.85,555,524,0.0022462,,0.25
2010-051B,37180,SHIJIAN-6 04B (SJ-6 04B),96.15,97.86,581,568,0.0009588,,0.28
2010-053A,37185,XM-5,1436.13,0.02,35789,35785,0.000047,*G,1.13
2010-054A,37188,GLOBALSTAR M079,114.08,52,1414,1413,0.000096,,0.47
2010-054B,37189,GLOBALSTAR M074,114.08,52,1415,1413,0.0001228,,0.37
2010-054C,37190,GLOBALSTAR M076,114.08,52,1415,1413,0.0001253,,0.5
2010-054D,37191,GLOBALSTAR M077,114.08,52,1414,1413,0.0001078,,0.59
2010-054E,37192,GLOBALSTAR M075,114.08,51.99,1414,1413,0.0000951,,0.32
2010-054F,37193,GLOBALSTAR M073,114.08,52,1414,1413,0.0001042,,0.56
2010-056B,37207,BSAT-3B,1436.14,0.09,35810,35765,0.0005346,*G,1.01
2010-057A,37210,BEIDOU-2 G4,1436.11,2.38,35824,35750,0.0008833,*G,0.8
2010-059A,37214,FENGYUN 3B,101.79,99.03,859,828,0.0022004,,0.22
2010-060A,37216,COSMO-SKYMED 4,97.16,97.89,624,622,0.0001329,,0.24
2010-061A,37218,SKYTERRA 1,1436.08,4.05,35799,35773,0.0003109,*G,0.9
2010-062C,37224,O/OREOS (USA 219),96.64,71.97,609,586,0.0016729,,0.69
2010-065A,37237,HYLAS 1,1436.07,4.34,35787,35785,0.0000175,*G,0.6
2010-065B,37238,INTELSAT 17 (IS-17),1436.1,0,35797,35776,0.0002485,*G,0.34
2010-068A,37256,BEIDOU-2 IGSO-2,1435.93,48.47,35947,35620,0.003884,*G,0.89
2010-069A,37258,EUTELSAT KA-SAT 9A,1436.11,0.08,35789,35785,0.0000475,*G,1.1
2010-070A,37264,HISPASAT 30W-5,1436.05,0.02,35796,35775,0.0002412,*G,0.61
2010-070B,37265,KOREASAT 6,1436.19,0.04,35798,35778,0.0002407,*G,0.74
2011-013A,37384,BEIDOU-2 IGSO-3,1436.34,61.67,35916,35667,0.0029558,*G,0.8
2011-015A,37387,RESOURCESAT-2,101.29,98.55,823,817,0.0004144,,0.25
2011-015B,37388,YOUTHSAT,101.04,98.31,819,797,0.0015462,,0.56
2011-015C,37389,X-SAT,101.06,98.3,819,798,0.0014964,,0.27
2011-016A,37392,INTELSAT 28 (IS-28),1437.97,0.48,35841,35806,0.0004119,*G,0.38
2011-016B,37393,YAHSAT 1A,1436.13,0.02,35801,35774,0.0003184,*G,0.45
2011-019A,37481,SBIRS GEO-1 (USA 230),1436.09,3.43,35797,35776,0.0002419,*G,0.45
2011-021A,37602,TELSTAR 14R,1436.12,0.05,35799,35775,0.0002804,*G,0.61
2011-022A,37605,GSAT-8,1436.07,0.81,35821,35751,0.0008377,*G,0.6
2011-022B,37606,ST-2,1436.16,0.01,35798,35777,0.0002475,*G,0.36
2011-026A,37677,ZHONGXING-10,1436.15,0.03,35797,35778,0.000222,*G,1.37
2011-030A,37730,SJ-11-03,98.41,97.87,688,677,0.0007707,,0.29
2011-033A,37739,GLOBALSTAR M083,114.08,51.99,1414,1413,0.0000652,,0.88
2011-033B,37740,GLOBALSTAR M088,114.08,51.98,1414,1413,0.0000174,,0.53
2011-033C,37741,GLOBALSTAR M091,114.08,52,1414,1413,0.0000116,,0.51
2011-033D,37742,GLOBALSTAR M085,114.08,51.99,1414,1413,0.0000459,,0.35
2011-033E,37743,GLOBALSTAR M081,114.08,52,1414,1413,0.0000627,,0.65
2011-033F,37744,GLOBALSTAR M089,114.08,51.99,1414,1413,0.0001122,,0.61
2011-035A,37748,SES-3,1436.1,0.01,35798,35775,0.0002771,*G,0.62
2011-035B,37749,KAZSAT-2,1436.11,0.03,35793,35781,0.0001377,*G,0.61
2011-038A,37763,BEIDOU-2 IGSO-4,1436.24,54.57,36348,35231,0.0132515,,0.63
2011-039A,37765,SJ-11-02,98.39,98.33,690,673,0.001188,,0.87
2011-041A,37775,ASTRA 1N,1436.11,0.09,35804,35770,0.0004105,*G,0.46
2011-041B,37776,BSAT-3C (JCSAT-110R),1436.09,0.01,35788,35785,0.0000398,*G,1.15
2011-042A,37779,PAKSAT-1R,1436.06,0.03,35797,35775,0.0002607,*G,0.6
2011-043A,37781,HAIYANG-2A,104.44,99.33,969,968,0.0000667,,0.23
2011-044B,37789,NIGERIASAT-2,97.98,97.82,683,641,0.0029477,,0.23
2011-044C,37790,NIGERIASAT-X,98.62,97.82,702,683,0.0013283,,0.56
2011-044D,37791,RASAT,98.15,98.07,685,655,0.0021216,,0.27
2011-044E,37792,APRIZESAT 5,97.34,98.23,669,594,0.0053297,,0.3
2011-044F,37793,APRIZESAT 6,97.59,98.28,673,613,0.0042928,,0.73
2011-049A,37809,SES-2,1436.09,0.04,35799,35774,0.0003052,*G,0.62
2011-049B,37810,ARABSAT-5C,1436.06,0.05,35802,35770,0.0003722,*G,0.38
2011-051A,37816,EUTELSAT 7 WEST A,1436.07,0.08,35808,35765,0.0005114,*G,0.37
2011-052A,37818,TACSAT 4,235.88,62.81,12172,364,0.4668745,,0.91
2011-054A,37826,QUETZSAT 1,1436.09,0.01,35798,35775,0.0002825,*G,0.62
2011-056A,37834,INTELSAT 18 (IS-18),1436.09,0.02,35792,35781,0.0001311,*G,0.64
2011-057A,37836,EUTELSAT 16A,1436.06,0.07,35808,35763,0.0005357,*G,0.61
2011-058B,37839,JUGNU,101.88,19.96,861,834,0.0018569,,0.74
2011-058D,37841,SRMSAT,102.03,19.97,863,846,0.0011671,,0.53
2011-059A,37843,VIASAT-1,1436.12,0.01,35796,35778,0.0002057,*G,0.83
2011-060A,37846,GSAT0101 (GALILEO-PFM),844.69,57.12,23233,23211,0.0003591,,1.15
2011-060B,37847,GSAT0102 (GALILEO-FM2),844.7,57.12,23238,23206,0.0005357,,0.93
2011-061A,37849,SUOMI NPP,101.44,98.75,828,826,0.0001379,,0.25
2011-064A,37867,COSMOS 2476 [GLONASS-M],675.73,64.99,19192,19068,0.0024455,,1.04
2011-064B,37868,COSMOS 2477 [GLONASS-M],675.73,64.99,19185,19075,0.0021638,,0.27
2011-064C,37869,COSMOS 2475 [GLONASS-M],675.73,65,19198,19062,0.0026679,,1.17
2011-066B,37875,YAOGAN-12,94.51,97.19,498,491,0.0004998,,0.27
2011-068A,37930,CHUANGXIN 1-03 (CX-1-03),100.67,98.72,801,780,0.0015145,,0.22
2011-068B,37931,SHIYAN 4 (SY-4),100.64,98.72,805,773,0.0022591,,0.53
2011-069A,37933,ASIASAT 7,1436.07,0.06,35792,35780,0.0001515,*G,0.65
2011-072A,37941,YAOGAN-13,90.66,97.72,309,305,0.0003202,,0.24
2011-073A,37948,BEIDOU-2 IGSO-5,1435.93,48.61,36209,35358,0.010095,,1.81
2011-074B,37951,LUCH-5A,1436.04,7.45,35801,35770,0.0003621,*G,0.64
2011-076E,38011,SSOT,97.16,97.88,623,622,0.000105,,0.29
2011-076F,38012,PLEIADES 1A,98.73,98.18,698,697,0.0000916,,0.24
2011-077A,38014,NIGCOMSAT 1R,1436.1,0.03,35796,35777,0.0002224,*G,0.59
2011-079A,38038,ZIYUAN 1-02C (ZY 1-02C),100.17,98.47,772,762,0.0007126,,0.26
2011-080A,38040,GLOBALSTAR M084,114.08,52,1414,1413,0.0001152,,0.74
2011-080B,38041,GLOBALSTAR M080,114.08,52.01,1415,1413,0.0001203,,0.69
2011-080C,38042,GLOBALSTAR M082,114.08,52.01,1414,1413,0.000069,,0.91
2011-080D,38043,GLOBALSTAR M092,114.08,52.01,1414,1413,0.0001111,,0.62
2011-080E,38044,GLOBALSTAR M090,114.08,51.99,1414,1413,0.0000495,,0.97
2011-080F,38045,GLOBALSTAR M086,114.08,51.99,1414,1413,0.0000688,,0.86
2012-001A,38046,ZIYUAN 3-1 (ZY 3-1),93.15,97.21,433,425,0.0005486,,0.29
2012-003A,38070,WGS F4 (USA 233),1436.09,0.02,35790,35783,0.0000884,*G,1.01
2012-006A,38077,LARES,114.75,69.49,1451,1437,0.0008614,,0.89
2012-007A,38087,SES-4,1436.13,0.03,35798,35776,0.0002558,*G,0.23
2012-008A,38091,BEIDOU-2 G5,1436.03,2.3,35841,35730,0.0013107,*G,0.68
2012-009A,38093,MUOS-1,1436.11,4.45,36011,35563,0.005312,,0.48
2012-011A,38098,INTELSAT 22 (IS-22),1436.11,0,35795,35779,0.000183,*G,0.6
2012-013A,38107,APSTAR-7,1436.1,0.04,35798,35775,0.0002727,*G,1.37
2012-016A,38245,YAHSAT 1B,1436.12,0.09,35800,35774,0.0003142,*G,0.59
2012-018A,38250,BEIDOU-2 M3,773.22,56.18,21595,21461,0.0023928,,1.03
2012-018B,38251,BEIDOU-2 M4,773.23,56.09,21570,21486,0.0014937,,1.09
2012-019A,38254,AEHF-2 (USA 235),1436.12,5.46,35798,35776,0.0002648,*G,0.53
2012-020A,38256,TIANHUI 1-02,92.73,97.61,415,402,0.0009629,,0.25
2012-021A,38257,YAOGAN-14,94.52,97.23,498,493,0.0004015,,0.26
2012-023A,38331,JCSAT-13,1436.08,0.01,35794,35779,0.0001721,*G,0.79
2012-023B,38332,VINASAT-2,1436.1,0.04,35797,35776,0.0002446,*G,0.24
2012-025A,38337,GCOM-W1 (SHIZUKU),98.83,98.23,703,702,0.0001058,,0.64
2012-025B,38338,ARIRANG-3 (KOMPSAT-3),98.49,98.29,690,682,0.0005741,,0.25
2012-025C,38339,SDS-4,97.68,98.15,653,642,0.0007954,,0.29
2012-026A,38342,NIMIQ 6,1436.1,0.01,35798,35775,0.0002688,*G,0.62
2012-028A,38352,ZHONGXING-2A,1436.07,0.13,35793,35779,0.0001678,*G,1.01
2012-029A,38354,YAOGAN-15,109.23,100.76,1210,1172,0.0025316,,0.27
2012-030A,38356,INTELSAT 19 (IS-19),1436.09,0.02,35800,35773,0.0003124,*G,0.24
2012-031A,38358,NUSTAR,95.92,6.03,569,557,0.0008258,,0.5
2012-035A,38551,ECHOSTAR 17,1436.08,0.02,35794,35778,0.0001924,*G,0.48
2012-035B,38552,METEOSAT-10 (MSG-3),1436.02,3.47,35792,35779,0.000152,*G,0.75
2012-036A,38652,SES-5,1436.09,0.05,35794,35778,0.0001886,*G,0.58
2012-039C,38709,EXACTVIEW-1 (ADS-1B),101.07,98.95,817,802,0.0010617,,0.61
2012-039E,38711,MKA-PN 1,101.04,98.94,816,800,0.0011259,,0.65
2012-041A,38733,COSMOS 2481,115.9,82.47,1512,1481,0.0019906,,0.3
2012-041B,38734,GONETS-M 3,115.67,82.47,1500,1472,0.0017837,,0.57
2012-041D,38736,GONETS-M 4,115.77,82.48,1511,1469,0.0026316,,0.54
2012-043A,38740,INTELSAT 20 (IS-20),1436.11,0.02,35801,35773,0.0003381,*G,1.29
2012-043B,38741,HYLAS 2,1431.75,1.1,35711,35692,0.0002268,*G,0.64
2012-044B,38745,EXPRESS-MD2,120.27,49.86,3126,260,0.1775834,,0.61
2012-045A,38749,INTELSAT 21 (IS-21),1436.08,0.04,35793,35779,0.0001677,*G,0.28
2012-047A,38755,SPOT 6,98.73,98.2,699,697,0.0001232,,0.24
2012-048B,38759,SMDC ONE 1.2,95.49,64.66,638,446,0.0138537,,0.47
2012-048G,38764,CINEMA,94.83,64.66,592,428,0.0119117,,0.55
2012-048J,38766,SMDC ONE 1.1,93.54,64.64,505,390,0.0083934,,0.37
2012-048K,38767,AEROCUBE 4.5A,94.51,64.65,569,420,0.0108551,,0.58
2012-048L,38768,AEROCUBE 4.5B,91.85,64.64,400,331,0.0051213,,0.54
2012-049A,38771,METOP-B,101.31,98.6,822,819,0.0001632,,0.28
2012-050B,38775,BEIDOU-2 M6,773.23,56.09,21563,21493,0.0012533,,0.31
2012-051A,38778,ASTRA 2F,1436.09,0.06,35801,35772,0.0003498,*G,0.45
2012-051B,38779,GSAT-10,1436.07,0.11,35797,35775,0.0002574,*G,0.36
2012-052A,38782,VRSS-1,97.4,97.57,648,620,0.0019949,,0.24
2012-053A,38833,NAVSTAR 67 (USA 239),717.98,53.53,20615,19750,0.0162753,,1.22
2012-055A,38857,GSAT0103 (GALILEO-FM3),844.71,55.51,23234,23211,0.0003928,,1.11
2012-056A,38860,SJ-9A,97.06,97.61,638,598,0.0028128,,0.26
2012-056B,38861,SJ-9B,96.78,97.56,617,592,0.0017866,,0.56
2012-057A,38867,INTELSAT 23 (IS-23),1435.96,0.04,35787,35781,0.0000653,*G,0.54
2012-059A,38953,BEIDOU-2 G6,1436.11,3.12,35827,35747,0.0009409,*G,0.36
2012-061A,38977,LUCH-5B,1436.08,9.37,35805,35768,0.0004412,*G,0.61
2012-061B,38978,YAMAL 300K,1436.09,0.02,35790,35783,0.0000769,*G,0.64
2012-062A,38991,STAR ONE C3,1436.09,0.02,35793,35780,0.0001604,*G,0.62
2012-062B,38992,EUTELSAT 21B,1436.07,0.07,35799,35773,0.0003108,*G,0.61
2012-065A,39008,ECHOSTAR 16,1436.09,0.02,35795,35778,0.0001991,*G,0.47
2012-066A,39011,YAOGAN-16 01A,107.03,63.36,1383,795,0.0393541,,0.73
2012-066B,39012,YAOGAN-16 01B,107.03,63.36,1383,795,0.0393607,,0.73
2012-066C,39013,YAOGAN-16 01C,107.03,63.36,1383,795,0.0393785,,0.29
2012-067A,39017,ZHONGXING-12,1436.1,0.05,35800,35774,0.0003081,*G,1.37
2012-068A,39019,PLEIADES 1B,98.73,98.17,699,697,0.0001125,,0.29
2012-069A,39020,EUTELSAT 70B,1436.08,0.06,35802,35771,0.0003738,*G,0.67
2012-070A,39022,YAMAL 402,1436.08,0.03,35805,35768,0.0004392,*G,1.09
2012-073A,39030,GOKTURK 2,97.65,97.73,647,645,0.0001314,,0.31
2012-075A,39034,SKYNET 5D,1436.05,0.07,35801,35770,0.0003673,*G,0.67
2012-075B,39035,MEXSAT 3,1436.11,0.02,35796,35778,0.0002065,*G,0.48
2013-001A,39057,COSMOS 2482,115.85,82.5,1516,1472,0.0027907,,0.57
2013-001B,39058,COSMOS 2483,115.75,82.5,1503,1476,0.0016908,,0.23
2013-001C,39059,COSMOS 2484,115.86,82.5,1515,1473,0.0026742,,0.57
2013-004A,39070,TDRS 11,1436.02,2.89,35798,35772,0.0003037,*G,0.64
2013-005A,39072,GLOBALSTAR M097,114.08,52.01,1414,1413,0.0000293,,0.55
2013-005B,39073,GLOBALSTAR M093,114.08,51.98,1414,1413,0.0000359,,0.34
2013-005C,39074,GLOBALSTAR M094,114.08,52,1414,1413,0.0000756,,0.42
2013-005D,39075,GLOBALSTAR M096,114.08,52.01,1414,1413,0.0000442,,0.56
2013-005E,39076,GLOBALSTAR M078,114.08,51.99,1414,1413,0.0000889,,0.27
2013-005F,39077,GLOBALSTAR M095,114.08,51.98,1414,1413,0.0000397,,0.4
2013-006A,39078,AMAZONAS 3,1436.1,0.06,35800,35773,0.0003194,*G,0.61
2013-006B,39079,AZERSPACE 1,1436.09,0.04,35795,35778,0.0001983,*G,0.59
2013-008A,39084,LANDSAT 8,98.82,98.2,703,702,0.0001168,,0.3
2013-009A,39086,SARAL,100.51,98.55,784,781,0.0002153,,0.59
2013-009C,39088,SAPPHIRE,100.35,98.41,783,767,0.0010829,,1.02
2013-009D,39089,NEOSSAT,100.32,98.4,781,766,0.0010591,,0.56
2013-009E,39090,STRAND-1,100.24,98.38,776,764,0.0008138,,0.55
2013-009F,39091,BRITE-AUSTRIA,100.27,98.38,778,764,0.0009772,,1.01
2013-011A,39120,SBIRS GEO-2 (USA 241),1436.16,3.41,35800,35775,0.0002994,*G,0.61
2013-012A,39122,EUTELSAT 117 WEST A,1436.09,0.03,35799,35774,0.0002927,*G,0.48
2013-014A,39127,ANIK G1,1436.12,0.02,35801,35773,0.0003229,*G,0.25
2013-018A,39150,GAOFEN-1,97.53,97.97,654,627,0.0019675,,0.27
2013-018B,39151,NEE-01 PEGASO,96.7,98.05,611,590,0.001468,,0.58
2013-019A,39155,COSMOS 2485 [GLONASS-M],675.73,65.14,19193,19066,0.0024837,,1.08
2013-020A,39157,ZHONGXING-11,1436.08,0.01,35810,35762,0.0005651,*G,0.62
2013-021A,39159,PROBA-V,101.16,98.31,817,811,0.0004139,,0.52
2013-021B,39160,VNREDSAT 1,98.32,97.97,679,678,0.0001104,,0.26
2013-021C,39161,ESTCUBE 1,97.38,97.8,639,628,0.0007581,,0.34
2013-022A,39163,EUTELSAT 7B,1436.09,0.07,35810,35763,0.0005621,*G,0.6
2013-023A,39166,NAVSTAR 68 (USA 242),717.98,54.92,20530,19835,0.0130854,,0.86
2013-024A,39168,WGS F5 (USA 243),1436.13,0.02,35789,35785,0.0000514,*G,0.4
2013-026A,39172,SES-6,1436.09,0.06,35795,35778,0.0002101,*G,1.04
2013-028A,39177,COSMOS 2486,98.92,97.95,715,699,0.0011327,,0.29
2013-031A,39188,O3B FM5,287.93,0.06,8070,8062,0.0002691,,0.94
2013-031B,39189,O3B FM4,287.93,0.04,8070,8062,0.0002649,,12.68
2013-031C,39190,O3B FM2,287.93,0.04,8070,8062,0.0002671,,1.19
2013-031D,39191,O3B PFM,287.93,0.05,8070,8062,0.0002727,,0.77
2013-033A,39197,IRIS,97.05,97.95,635,600,0.0024991,,0.97
2013-034A,39199,IRNSS-1A,1435.98,34.54,35874,35695,0.0021161,*G,13.74
2013-035A,39202,SJ-11-05,98.38,98.26,689,673,0.0011341,,0.25
2013-036A,39206,MUOS-2,1436.14,4.01,36015,35560,0.0053939,,0.38
2013-037A,39208,SHIYAN 7 (SY-7),97.88,98.07,663,652,0.0007603,,0.57
2013-037B,39209,CHUANGXIN-3 (CX-3),97.77,98.07,655,649,0.0003723,,0.51
2013-037C,39210,SHIJIAN-15 (SJ-15),97.93,98.09,664,656,0.0005854,,0.25
2013-038A,39215,ALPHASAT,1436.05,2.92,35793,35778,0.0001823,*G,0.61
2013-038B,39216,INSAT-3D,1436.16,0.6,35797,35779,0.0002144,*G,0.24
2013-041A,39222,WGS F6 (USA 244),1436.11,0.02,35788,35786,0.0000186,*G,0.77
2013-042A,39227,ARIRANG-5 (KOMPSAT-5),95.71,97.62,556,550,0.0003848,,0.25
2013-044A,39233,ES'HAIL 1,1436.09,0.05,35796,35777,0.0002173,*G,0.6
2013-044B,39234,GSAT-7,1436.09,0.07,35828,35745,0.0009892,*G,1.37
2013-045A,39237,AMOS-4,1436.09,0.01,35800,35773,0.0003172,*G,0.4
2013-046A,39239,YAOGAN-17 01A,107.03,63.39,1374,805,0.0381035,,0.62
2013-046B,39240,YAOGAN-17 01B,107.03,63.39,1374,805,0.038105,,0.58
2013-046C,39241,YAOGAN-17 01C,107.03,63.39,1374,804,0.038185,,0.61
2013-048A,39249,GONETS-M 5,115.86,82.48,1507,1482,0.0015315,,0.62
2013-048B,39250,GONETS-M 6,115.85,82.49,1508,1480,0.0018145,,0.52
2013-048C,39251,GONETS-M 7,115.86,82.49,1507,1482,0.0016118,,0.33
2013-049A,39253,HISAKI (SPRINT-A),106.24,29.72,1154,950,0.0137065,,0.36
2013-050A,39256,AEHF-3 (USA 246),1436.04,4.02,36176,35395,0.0092567,,0.84
2013-052A,39260,FENGYUN 3C,101.73,98.44,852,829,0.0015678,,0.24
2013-055A,39265,CASSIOPE,96.8,80.95,905,305,0.042919,,0.58
2013-055D,39268,POPACS 1,94.77,80.98,721,293,0.0310797,,0.89
2013-055E,39269,POPACS 2,98.06,81,1022,310,0.0505393,,0.59
2013-055F,39270,POPACS 3,99.75,81,1175,318,0.0601257,,0.96
2013-056A,39285,ASTRA 2E,1436.11,0.06,35799,35774,0.0003009,*G,0.6
2013-057A,39358,SHIJIAN-16 (SJ-16),96.61,74.97,607,585,0.0016109,,0.24
2013-058A,39360,FM-6,1436.13,0.01,35789,35785,0.0000428,*G,0.48
2013-062A,39375,RADUGA-1M 3,1436.08,4.66,35792,35780,0.0001409,*G,0.6
2013-065A,39410,YAOGAN-19,109.46,100.06,1209,1195,0.0009359,,0.24
2013-066A,39416,APRIZESAT 7,96.69,97.7,628,573,0.0039089,,0.61
2013-066B,39417,ZACUBE-1 (TSHEPISOSAT),96.38,97.76,618,552,0.0047176,,0.68
2013-066C,39418,SKYSAT-A,95.47,97.46,557,526,0.0022254,,0.78
2013-066D,39419,DUBAISAT-2,95.72,97.43,562,545,0.0012231,,0.26
2013-066E,39420,OPTOS,97.98,97.75,747,577,0.0120867,,0.6
2013-066G,39422,STSAT-3,96.12,97.55,586,559,0.0019289,,0.28
2013-066H,39423,WNISAT-1,98.87,97.67,823,586,0.0167895,,1.06
2013-066K,39425,APRIZESAT 8,96.92,97.76,645,578,0.0048015,,0.56
2013-066M,39427,TRITON-1,97.46,97.84,707,568,0.0098745,,0.3
2013-066N,39428,DELFI-N3XT,96.98,97.84,679,550,0.0092154,,0.77
2013-066Q,39430,GOMX-1,98.19,97.7,766,578,0.0133471,,0.32
2013-066Z,39439,FIRST-MOVE,95.02,97.73,544,495,0.0035143,,0.62
2013-066AA,39440,CUBEBUG-2 (LO-74),96.79,97.84,649,561,0.0062969,,0.66
2013-066AB,39441,NEE-02 KRYSAOR,97.1,97.84,668,571,0.0069414,,0.77
2013-066AE,39444,FUNCUBE-1 (AO-73),96.09,97.75,602,541,0.0044114,,0.64
2013-066AG,39446,UWE-3,96.6,97.81,634,558,0.0054379,,0.66
2013-067A,39451,SWARM B,94.51,87.75,497,493,0.0002336,,0.31
2013-067B,39452,SWARM A,93.59,87.34,452,449,0.0002661,,0.62
2013-067C,39453,SWARM C,93.59,87.34,452,449,0.0002643,,0.62
2013-068A,39455,SHIYAN 5 (SY-5),99.78,98.14,759,737,0.001541,,0.29
2013-071A,39460,SES-8,1436.09,0.04,35790,35783,0.0000917,*G,1.48
2013-072F,39467,ALICE,96.22,120.47,717,438,0.0200225,,1.03
2013-072G,39468,SNAP-3,93.18,120.47,481,379,0.0074893,,0.71
2013-072H,39469,SMDC ONE 2.4,95.88,120.5,690,432,0.0185382,,1.03
2013-072L,39472,MCUBED-2,94.87,120.49,607,418,0.013694,,0.97
2013-072M,39473,TACSAT 6,95,120.48,618,419,0.0144609,,0.87
2013-072N,39474,SMDC ONE 2.3,94.98,120.47,615,420,0.0141697,,0.89
2013-073A,39476,INMARSAT 5-F1,1436.09,0.03,35787,35786,0.0000099,*G,1.59
2013-075A,39481,TKSAT-1 (TUPAC KATARI),1436.1,0.03,35799,35774,0.0003003,*G,0.62
2013-076A,39483,COSMOS 2488,115.86,82.49,1510,1478,0.0020216,,0.54
2013-076B,39484,COSMOS 2489,115.86,82.49,1512,1477,0.0022278,,0.4
2013-076C,39485,COSMOS 2490,115.86,82.48,1512,1477,0.0022098,,0.27
2013-077A,39487,EXPRESS-AM5,1436.09,0.01,35794,35779,0.0001721,*G,0.95
2013-078A,39490,COSMOS 2493 (SKRL-756 1),96.15,82.41,585,564,0.0015169,,0.28
2013-078B,39491,COSMOS 2494 (SKRL-756 2),96.02,82.41,581,554,0.001982,,0.25
2014-001A,39498,GSAT-14,1436.1,0.08,35813,35760,0.0006324,*G,0.41
2014-002A,39500,THAICOM 6,1436.11,0.05,35791,35783,0.0000925,*G,0.61
2014-004A,39504,TDRS 12,1436.04,3.6,35804,35767,0.0004381,*G,0.61
2014-006A,39508,ABS-2,1436.09,0.02,35801,35772,0.0003347,*G,0.6
2014-006B,39509,ATHENA-FIDUS,1436.05,0.02,35789,35782,0.0000899,*G,0.39
2014-007A,39522,TURKSAT 4A,1436.11,0.08,35808,35766,0.0005042,*G,0.74
2014-008A,39533,NAVSTAR 69 (USA 248),718.01,53.61,20381,19985,0.0074587,,0.86
2014-009C,39574,GPM-CORE,93.23,64.98,440,425,0.0010471,,0.54
2014-010A,39612,EXPRESS-AT1,1436.12,0.01,35788,35786,0.0000255,*G,0.4
2014-010B,39613,EXPRESS-AT2,1436.08,0.01,35792,35781,0.0001248,*G,0.79
2014-011A,39616,AMAZONAS 4A,1436.09,0.06,35803,35770,0.0003884,*G,0.62
2014-011B,39617,ASTRA 5B,1436.11,0.05,35805,35769,0.0004322,*G,0.58
2014-012A,39620,COSMOS 2492 [GLONASS-M],675.73,65.58,19167,19092,0.0014726,,0.65
2014-014A,39624,SJ-11-06,98.56,98.01,700,679,0.0014665,,0.27
2014-016A,39634,SENTINEL-1A,98.68,98.18,697,695,0.0001269,,0.47
2014-023A,39727,LUCH-5V,1436.07,3.85,35802,35770,0.0003726,*G,1.01
2014-023B,39728,KAZSAT-3,1436.12,0.02,35788,35787,0.0000139,*G,0.6
2014-024A,39731,KAZEOSAT 1,99.86,98.37,753,751,0.000131,,0.3
2014-026A,39741,NAVSTAR 70 (USA 251),718.01,56.68,20279,20087,0.0036218,,0.57
2014-028A,39761,COSMOS 2496,115.86,82.44,1511,1478,0.0020963,,0.55
2014-028B,39762,COSMOS 2497,115.86,82.45,1511,1477,0.0021573,,0.58
2014-028C,39763,COSMOS 2498,115.85,82.44,1512,1477,0.00222,,0.56
2014-029A,39766,ALOS-2,97.33,97.92,632,630,0.0001449,,0.26
2014-029B,39767,UNIFORM 1,96.52,97.81,595,588,0.0004844,,0.26
2014-029C,39768,SOCRATES,96.55,97.88,597,590,0.0005391,,0.25
2014-029D,39769,RISING 2,96.62,97.71,599,594,0.0003439,,0.29
2014-030A,39773,EUTELSAT 3B,1436.06,0.06,35802,35770,0.0003863,*G,0.6
2014-032A,40001,COSMOS 2500 [GLONASS-M],675.72,65.51,19146,19113,0.0006329,,0.48
2014-033A,40010,KAZEOSAT 2,97.03,97.59,623,611,0.0008592,,0.25
2014-033B,40011,HODOYOSHI-4,96.91,97.56,627,594,0.002399,,0.28
2014-033C,40012,UNISAT-6,97.07,97.72,653,584,0.0048735,,0.6
2014-033D,40013,DEIMOS-2,96.58,97.65,595,594,0.0000952,,0.3
2014-033E,40014,BUGSAT-1 (TITA),95.46,98.1,564,517,0.0033624,,0.53
2014-033F,40015,HODOYOSHI-3,97.1,97.6,643,597,0.0033045,,0.53
2014-033G,40016,SAUDISAT 4,97.41,97.69,666,604,0.0044764,,0.58
2014-033J,40018,APRIZESAT 9,97.76,97.83,700,603,0.0068595,,0.63
2014-033K,40019,APRIZESAT 10,97.97,97.89,719,604,0.0081484,,0.62
2014-033L,40020,BRITE-CA1 (TORONTO),97.9,97.9,716,600,0.0082134,,0.25
2014-033M,40021,DUCHIFAT-1,94.76,98.1,515,498,0.0012531,,0.54
2014-033Q,40024,NANOSATC-BR1,95.2,98.09,533,524,0.0006442,,0.59
2014-033R,40025,QB50P1,95.58,98.07,555,538,0.0011981,,0.63
2014-033W,40030,DTUSAT-2,95.7,98.04,560,545,0.0010526,,0.67
2014-033Y,40032,QB50P2,95.69,98.03,560,545,0.0010718,,0.38
2014-033AD,40037,PERSEUS-M2,96.47,97.94,598,581,0.0012217,,0.23
2014-033AF,40039,PERSEUS-M1,96.48,97.92,598,581,0.001211,,0.25
2014-033AJ,40042,POLYITAN-1,95.22,98.09,538,520,0.0013161,,0.56
2014-033AK,40043,TIGRISAT,97.19,97.71,661,588,0.0051935,,0.61
2014-033AL,40044,LEMUR-1,97.19,97.72,660,589,0.0051114,,0.62
2014-033AM,40045,AEROCUBE 6A,96.7,97.68,632,569,0.0044789,,0.75
2014-033AN,40046,AEROCUBE 6B,96.63,97.68,628,567,0.004343,,0.59
2014-034A,40053,SPOT 7,98.62,98.13,694,692,0.0001357,,0.3
2014-034C,40055,CANX-4,97.33,98.38,639,622,0.0012467,,0.35
2014-034D,40056,CANX-5,97.33,98.38,639,622,0.0012422,,0.88
2014-035A,40059,OCO 2,98.83,98.23,704,702,0.0001241,,0.52
2014-036A,40061,GONETS-M 8,115.85,82.51,1517,1471,0.002932,,0.41
2014-036B,40062,GONETS-M 9,115.86,82.51,1512,1476,0.0022504,,0.62
2014-036C,40063,GONETS-M 10,115.86,82.51,1511,1477,0.0021434,,0.56
2014-037A,40069,METEOR-M 2,101.32,98.46,826,816,0.0006917,,0.21
2014-037C,40071,DX1,96.83,98.34,613,601,0.0008693,,0.22
2014-037D,40072,SKYSAT-B,96.92,98.34,616,606,0.0006904,,0.72
2014-037F,40074,UKUBE-1,95.92,98.37,565,561,0.000278,,0.42
2014-037G,40075,AISSAT 2,96.66,98.35,603,594,0.0006264,,0.6
2014-037H,40076,TECHDEMOSAT-1 (TDS-1),95.9,98.33,567,557,0.0007476,,0.63
2014-038A,40079,O3B FM3,287.93,0.04,8073,8059,0.000508,,1.31
2014-038B,40080,O3B FM7,287.93,0.04,8068,8064,0.0001518,,0.57
2014-038C,40081,O3B FM6,287.93,0.04,8070,8062,0.0002801,,0.54
2014-038D,40082,O3B FM8,287.93,0.04,8070,8062,0.0002738,,0.88
2014-040A,40086,ORBCOMM FM109,98.79,47,702,699,0.0001952,,1.17
2014-040B,40087,ORBCOMM FM107,98.78,47.01,702,699,0.000197,,0.65
2014-045A,40105,NAVSTAR 71 (USA 256),718.02,55.04,20261,20105,0.00294,,0.99
2014-046A,40107,ASIASAT 8 (AMOS-7),1436.1,0.01,35795,35779,0.0001911,*G,0.32
2014-047A,40109,YAOGAN-20 01A,107.03,63.38,1347,831,0.0345461,,0.28
2014-047B,40110,YAOGAN-20 01B,107.03,63.38,1347,832,0.0345295,,0.58
2014-047C,40111,YAOGAN-20 01C,107.03,63.38,1347,831,0.0345409,,0.58
2014-048A,40115,WORLDVIEW-3 (WV-3),96.97,97.85,617,610,0.0005422,,0.61
2014-049A,40118,GAOFEN-2,97.26,98.08,632,623,0.0006949,,0.25
2014-049B,40119,BRITE-PL2 (HEWELIUSZ),96.56,97.88,604,583,0.0015185,,0.63
2014-050A,40128,GSAT0201 (GALILEO 5),776.2,49.43,26126,17072,0.1618105,,0.58
2014-050B,40129,GSAT0202 (GALILEO 6),776.19,49.44,26125,17074,0.1617604,,1.4
2014-051A,40136,LING QIAO,100.69,98.68,806,777,0.0020033,,0.22
2014-051B,40137,CHUANGXIN 1-04 (CX-1-04),100.68,98.68,806,776,0.0021536,,0.28
2014-052A,40141,ASIASAT 6,1436.12,0.07,35790,35784,0.0000633,*G,0.96
2014-053A,40143,YAOGAN-21,94.51,97.22,505,484,0.0015615,,0.24
2014-053B,40144,TIANTUO 2,88.87,97.08,222,216,0.0004601,*D,0.26
2014-054A,40146,OPTUS 10,1436.18,0.11,35792,35784,0.0000981,*G,0.81
2014-054B,40147,MEASAT-3B,1436.11,0.03,35796,35778,0.0002174,*G,0.36
2014-058A,40258,LUCH (OLYMP-K 1),1436.1,0.57,35805,35768,0.0004429,*G,0.61
2014-059A,40261,SJ-11-07,98.44,98.05,691,677,0.0010061,,0.25
2014-060A,40267,HIMAWARI-8,1436.1,0.04,35790,35783,0.0000837,*G,0.79
2014-061A,40269,IRNSS-1C,1436.08,5.21,35863,35710,0.0018101,*G,1.37
2014-062A,40271,INTELSAT 30 (IS-30),1436.12,0.01,35791,35783,0.0000993,*G,0.62
2014-062B,40272,ARSAT 1,1436.1,0.03,35793,35780,0.00016,*G,0.33
2014-063A,40275,YAOGAN-22,109.46,100.69,1206,1197,0.0005935,,0.61
2014-064A,40277,EXPRESS-AM6,1436.1,0.01,35792,35781,0.0001216,*G,1.02
2014-066A,40286,SJ-11-08,98.3,98.28,686,668,0.0012944,,0.24
2014-068A,40294,NAVSTAR 72 (USA 258),717.94,56.6,20327,20036,0.0054722,,1.11
2014-069A,40296,MERIDIAN 7,717.87,63.51,38518,1841,0.6905011,,1.27
2014-070A,40298,ASNARO,94.77,97.39,511,504,0.0005376,,0.27
2014-070B,40299,HODOYOSHI-1,91.01,97.1,327,322,0.0003361,,0.29
2014-072A,40310,YAOGAN-24,97.54,98.08,650,632,0.0012718,,0.23
2014-075A,40315,COSMOS 2501 [GLONASS-K],675.73,63.62,19179,19081,0.0019121,,2.1
2014-078A,40332,GSAT-16,1436.15,0.05,35800,35775,0.0002926,*G,0.6
2014-078B,40333,DIRECTV 14,1436.07,0.02,35787,35785,0.0000252,*G,0.8
2014-079A,40336,CBERS 4,100.31,98.37,775,772,0.0001765,,0.23
2014-080A,40338,YAOGAN-25 01A,107.04,63.39,1329,850,0.0321318,,0.37
2014-080B,40339,YAOGAN-25 01B,107.03,63.39,1330,849,0.0321572,,0.53
2014-080C,40340,YAOGAN-25 01C,107.03,63.39,1329,850,0.0321226,,0.53
2014-082A,40345,YAMAL 401,1436.07,0.02,35791,35781,0.0001146,*G,0.36
2014-083A,40348,O3B FM10,287.93,0.05,8070,8062,0.0002718,,1.26
2014-083B,40349,O3B FM11,287.93,0.05,8070,8062,0.0002521,,0.65
2014-083C,40350,O3B FM12,287.93,0.05,8070,8062,0.0002825,,1.02
2014-083D,40351,O3B FM9,287.93,0.05,8070,8062,0.000268,,1.99
2014-086A,40358,COSMOS 2502,103.03,67.15,908,896,0.0008141,,0.32
2014-087A,40360,RESURS-P 2,89.74,97.12,263,260,0.0001965,*D,0.28
2014-088A,40362,YAOGAN-26,94.28,97.07,490,478,0.000866,,0.26
2014-089A,40364,ASTRA 2G,1436.1,0.04,35800,35773,0.0003192,*G,0.6
2014-090A,40367,FENGYUN 2G,1436.21,4.34,35793,35785,0.0000874,*G,0.36
2015-002A,40374,MUOS-3,1436.11,3.59,36026,35548,0.0056745,,0.53
2015-003A,40376,SMAP,98.4,98.13,683,681,0.0001161,,0.53
2015-005A,40384,INMARSAT 5-F2,1436.08,0.02,35787,35785,0.0000222,*G,0.61
2015-009A,40420,COSMOS 2503,95.73,97.91,566,542,0.0017116,,0.34
2015-010A,40424,ABS-3A,1436.1,0.01,35793,35780,0.0001517,*G,0.37
2015-010B,40425,EUTELSAT 115 WEST B,1436.1,0.01,35788,35786,0.000022,*G,0.48
2015-011A,40482,MMS 1,5055.38,59.48,177912,4478,0.8887398,,1.75
2015-011B,40483,MMS 2,5053.46,59.48,177918,4422,0.8892824,,1.75
2015-011C,40484,MMS 3,5053.76,59.48,177915,4433,0.8891772,,1.75
2015-011D,40485,MMS 4,5053.59,59.47,177910,4434,0.8891677,,1.66
2015-012A,40505,EXPRESS-AM7,1436.04,0.02,35796,35775,0.0002502,*G,1.02
2015-013A,40534,NAVSTAR 73 (USA 260),718.02,53.28,20441,19925,0.0097075,,0.98
2015-014A,40536,KOMPSAT-3A,94.06,97.64,474,473,0.0000687,,0.28
2015-017A,40544,GSAT0203 (GALILEO 7),844.69,56.91,23239,23205,0.0005892,,3.13
2015-017B,40545,GSAT0204 (GALILEO 8),844.7,56.92,23238,23206,0.0005428,,2.88
2015-018A,40547,IRNSS-1D,1436.2,27.06,35872,35705,0.0019845,*G,1.45
2015-019A,40549,BEIDOU-3S IGSO-1S,1436.32,50.16,35933,35649,0.0033678,*G,1.66
2015-020A,40552,GONETS-M 11,115.86,82.49,1508,1481,0.0017288,,0.57
2015-020B,40553,GONETS-M 12,115.86,82.49,1507,1482,0.0015711,,0.27
2015-020C,40554,GONETS-M 13,115.86,82.49,1505,1483,0.0013968,,0.62
2015-020D,40555,COSMOS 2504,105.82,82.52,1484,581,0.0608953,,0.26
2015-022A,40613,THOR 7,1436.1,0.01,35797,35776,0.0002545,*G,0.27
2015-023A,40617,TURKMENALEM52E/MONACOSAT,1436.05,0.02,35798,35773,0.0002917,*G,0.59
2015-026A,40663,DIRECTV 15,1436.1,0.02,35789,35784,0.0000572,*G,0.55
2015-026B,40664,SKY MEXICO-1,1436.11,0.03,35797,35777,0.0002354,*G,0.76
2015-028A,40697,SENTINEL-2A,100.64,98.57,790,788,0.0001018,,0.3
2015-029A,40699,COSMOS 2506,99.03,98.12,717,708,0.000619,,0.27
2015-030A,40701,GAOFEN-8,94.37,97.67,497,479,0.0013233,,0.24
2015-032A,40715,DMC3-FM1,96.99,97.72,618,612,0.000442,,0.29
2015-032B,40716,DMC3-FM2,96.99,97.73,619,610,0.000628,,0.26
2015-032C,40717,DMC3-FM3,97,97.73,620,610,0.0007711,,0.29
2015-032D,40718,CARBONITE 1 (CBNT-1),97.25,97.64,638,616,0.0015219,,0.25
2015-033A,40730,NAVSTAR 74 (USA 262),718,54.4,20456,19910,0.0102826,,0.82
2015-034A,40732,METEOSAT-11 (MSG-4),1436.01,1.92,35792,35778,0.000164,*G,0.46
2015-034B,40733,STAR ONE C4,1436.1,0.02,35799,35774,0.0002936,*G,1.04
2015-036A,40746,WGS F7 (USA 263),1436.1,0.01,35787,35786,0.0000204,*G,0.87
2015-037A,40748,BEIDOU-3S M2S,773.24,55.31,21560,21497,0.0011281,,1.43
2015-037B,40749,BEIDOU-3S M1S,773.25,55.32,21541,21515,0.0004673,,4.38
2015-039A,40874,INTELSAT 34 (IS-34),1436.11,0.02,35788,35785,0.000033,*G,0.76
2015-039B,40875,EUTELSAT 8 WEST B,1436.11,0.07,35803,35770,0.0003941,*G,0.59
2015-040A,40878,YAOGAN-27,109.42,100.08,1206,1194,0.0007842,,0.26
2015-041A,40880,GSAT-6,1436.13,0.59,35800,35774,0.0003131,*G,0.36
2015-042A,40882,INMARSAT 5-F3,1436.1,0.02,35788,35785,0.0000317,*G,0.89
2015-044A,40887,MUOS-4,1436.09,3.43,36019,35554,0.0055063,,0.35
2015-045A,40889,GSAT0205 (GALILEO 9),844.71,55.12,23241,23203,0.000649,,0.76
2015-045B,40890,GSAT0206 (GALILEO 10),844.71,55.12,23235,23210,0.0004278,,2.3
2015-046A,40892,TJS-1,1436.12,0.04,35806,35768,0.0004574,*G,0.2
2015-047A,40894,GAOFEN-9 01,97.22,97.7,646,605,0.0028657,,0.28
2015-048A,40895,EXPRESS-AM8,1436.06,0.01,35787,35785,0.0000277,*G,1.11
2015-049H,40906,XW-2C,90.71,97.45,312,307,0.0003124,,0.31
2015-049K,40908,LILACSAT-2,93.87,97.52,470,458,0.0008682,,0.26
2015-050A,40920,COSMOS 2507,115.86,82.49,1502,1486,0.0009948,,0.25
2015-050B,40921,COSMOS 2508,115.86,82.49,1506,1483,0.0014918,,0.54
2015-050C,40922,COSMOS 2509,115.86,82.49,1508,1481,0.0017385,,0.52
2015-052A,40930,ASTROSAT,97.25,6,633,621,0.0008965,,0.27
2015-052B,40931,LAPAN-A2,97.39,6,643,625,0.0013325,,2.3
2015-053A,40938,BEIDOU-3S IGSO-2S,1436.31,50.02,36008,35574,0.005147,,1.87
2015-054A,40940,SKY MUSTER 1 (NBN1A),1436.11,0.01,35794,35780,0.0001682,*G,0.23
2015-054B,40941,ARSAT 2,1436.09,0.03,35794,35779,0.0001787,*G,0.89
2015-056A,40946,MORELOS 3,1436.09,2.97,35796,35777,0.0002335,*G,0.62
2015-057B,40959,LINGQIAO VIDEO A,97.55,97.66,655,629,0.0018428,,0.26
2015-057C,40960,LINGQIAO VIDEO B,97.55,97.66,654,628,0.001854,,0.26
2015-057D,40961,JILIN-1,97.5,97.66,652,626,0.0018515,,0.21
2015-058B,40965,AEROCUBE 5C,96.86,64.77,736,481,0.0182717,,1.04
2015-058C,40966,AEROCUBE 7,96.68,64.77,722,477,0.0175723,,0.95
2015-058D,40967,FOX-1A (AO-85),96.9,64.78,736,484,0.0179991,,0.96
2015-058E,40968,SINOD-D 1,96.69,64.78,720,480,0.0171563,,1.02
2015-058G,40970,SNAP-3 ALICE,95.31,64.77,618,449,0.0122311,,0.61
2015-058H,40971,LMRST-SAT,96.9,64.78,737,483,0.0181756,,1.04
2015-058J,40972,SNAP-3 EDDIE,95.29,64.77,618,447,0.0123151,,0.59
2015-058K,40973,PROPCUBE 3,96.74,64.77,726,479,0.0177219,,1.05
2015-058L,40974,BISONSAT,95.96,64.77,667,463,0.0147003,,1.1
2015-058M,40975,SNAP-3 JIMI,96.42,64.77,702,472,0.0164613,,0.87
2015-058N,40976,PROPCUBE 1 (FLORA),96.99,64.78,741,488,0.0180935,,0.93
2015-058P,40977,SINOD-D 3,96.79,64.77,725,484,0.0172529,,0.97
2015-059A,40982,APSTAR-9,1436.1,0.01,35796,35778,0.0002096,*G,0.79
2015-060A,40984,TURKSAT 4B,1436.13,0,35790,35784,0.0000772,*G,0.39
2015-061A,40988,TIANHUI 1-03,92.65,97.49,407,402,0.0003518,,0.19
2015-062A,41019,NAVSTAR 75 (USA 265),717.97,56.58,20455,19909,0.0102923,,0.76
2015-063A,41021,ZHONGXING-2C,1436.13,0.03,35794,35781,0.0001571,*G,0.67
2015-064A,41026,YAOGAN-28,94.5,97.23,503,486,0.0012142,,0.22
2015-065A,41028,GSAT-15,1436.09,0.02,35793,35780,0.0001597,*G,0.62
2015-065B,41029,BADR-7 (ARABSAT-6B),1436.09,0.04,35806,35767,0.0004723,*G,0.6
2015-066A,41032,COSMOS 2510,718.11,63.05,39167,1204,0.7145849,,1.02
2015-067A,41034,LAOSAT 1,1436.07,0.04,35793,35779,0.0001593,*G,0.43
2015-068A,41036,TELSTAR 12V,1436.1,0.03,35798,35776,0.0002589,*G,0.61
2015-069A,41038,YAOGAN-29,97.14,98.05,622,621,0.0000637,,0.23
2015-074A,41105,ELEKTRO-L 2,1436.1,5.4,35802,35771,0.000369,*G,0.53
2015-075A,41121,COSMOS 2513,1436.1,0.06,35797,35776,0.0002474,*G,1.16
2015-077A,41166,VELOX-CI,94.11,14.98,480,471,0.0006795,,1.2
2015-077B,41167,KENT RIDGE 1,94.84,14.98,517,504,0.0009389,,0.93
2015-077D,41169,TELEOS-1,92.79,14.98,414,409,0.0003391,,0.55
2015-078A,41173,DAMPE,94.2,97.44,490,470,0.0014332,,0.23
2015-079A,41174,GSAT0209 (GALILEO 12),844.7,55.53,23231,23213,0.0003077,,2.13
2015-079B,41175,GSAT0208 (GALILEO 11),844.7,55.53,23230,23214,0.0002683,,1.91
2015-081A,41179,ORBCOMM FM114,98.78,47,702,699,0.0001833,,0.59
2015-081D,41182,ORBCOMM FM110,98.78,47,701,699,0.0001669,,0.75
2015-081E,41183,ORBCOMM FM118,98.79,47,702,699,0.00025,,0.77
2015-081F,41184,ORBCOMM FM112,98.79,47,701,701,0.0000164,,0.7
2015-081G,41185,ORBCOMM FM113,98.78,47,701,700,0.0000844,,0.66
2015-081J,41187,ORBCOMM FM108,98.79,47,703,699,0.0003046,,0.36
2015-081K,41188,ORBCOMM FM117,98.79,47,703,698,0.0003224,,0.88
2015-081L,41189,ORBCOMM FM116,98.79,47,701,700,0.0001078,,0.61
2015-082A,41191,EXPRESS-AMU1,1436.11,0.02,35796,35778,0.000208,*G,0.6
2015-083A,41194,GAOFEN-4,1436.13,0.25,35797,35778,0.0002244,*G,0.65
2016-001A,41238,BELINTERSAT-1,1436.08,0.01,35797,35776,0.0002447,*G,0.59
2016-002A,41240,JASON-3,112.68,66.04,1358,1341,0.0010626,,0.66
2016-003A,41241,IRNSS-1E,1436.15,32.12,35877,35698,0.0021289,*G,3.94
2016-005A,41310,EUTELSAT 9B,1436.04,0.02,35805,35766,0.0004641,*G,0.38
2016-007A,41328,NAVSTAR 76 (USA 266),718.02,55.22,20410,19956,0.0085459,,1.17
2016-008A,41330,COSMOS 2514 [GLONASS-M],675.73,65.31,19156,19103,0.001043,,0.71
2016-011A,41335,SENTINEL-3A,100.93,98.63,803,802,0.0000921,,0.25
2016-012D,41340,HORYU-4,94.23,31,485,477,0.0005723,,0.27
2016-013A,41380,SES-9,1436.12,0.05,35790,35784,0.0000761,*G,0.44
2016-014A,41382,EUTELSAT 65 WEST A,1436.08,0.09,35796,35776,0.0002406,*G,0.47
2016-015A,41384,IRNSS-1F,1436.04,4.08,35900,35671,0.0027137,*G,0.6
2016-020A,41394,COSMOS 2515,95.67,97.97,567,535,0.0023471,,0.27
2016-021A,41434,BEIDOU-2 IGSO-6,1436.08,59.5,36019,35553,0.0055269,,1.48
2016-027A,41469,IRNSS-1G,1436.1,3.95,35804,35769,0.000412,*G,0.79
2016-028A,41471,JCSAT-2B,1436.09,0.02,35790,35783,0.0000869,*G,0.81
2016-029A,41473,YAOGAN-30 01,97.54,97.98,654,629,0.0017783,,0.26
2016-030A,41549,GSAT0211 (GALILEO 14),844.71,55.27,23234,23210,0.0004121,,2.96
2016-030B,41550,GSAT0210 (GALILEO 13),844.7,55.27,23224,23220,0.0000579,,2.7
2016-031A,41552,THAICOM 8,1436.09,0.06,35805,35768,0.0004311,*G,0.44
2016-033A,41556,ZIYUAN 3-2 (ZY 3-2),94.67,97.43,510,496,0.0010088,,0.24
2016-034A,41579,COSMOS 2517 (GEO-IK 2),103.9,99.2,943,943,0.0000678,,0.27
2016-035A,41581,INTELSAT 31 (IS-31),1436.1,0.01,35796,35777,0.0002187,*G,0.89
2016-037A,41586,BEIDOU-2 G7,1436.06,1.9,35821,35751,0.0008316,*G,1.01
2016-038A,41588,ABS-2A (MONGOLSAT-1),1436.11,0.01,35794,35779,0.0001775,*G,1.4
2016-038B,41589,EUTELSAT 117 WEST B,1436.09,0.01,35788,35785,0.0000302,*G,0.83
2016-039A,41591,BRISAT,1436.15,0.01,35795,35781,0.0001678,*G,0.79
2016-039B,41592,ECHOSTAR 18,1436.1,0.02,35792,35781,0.0001348,*G,0.76
2016-040A,41599,CARTOSAT-2C,94.79,97.45,518,499,0.0013137,,0.28
2016-040C,41601,SKYSAT-C1,94.04,97.03,473,471,0.0001039,,0.8
2016-040E,41603,LAPAN-A3,94.23,97.14,490,472,0.0012838,,0.27
2016-040F,41604,BIROS,92.84,97.1,418,410,0.0006032,,0.28
2016-040G,41605,M3MSAT,92.85,97.1,419,409,0.000696,,0.9
2016-041A,41622,MUOS-5,1436.11,3.36,36609,34965,0.0195018,,0.25
2016-043A,41634,SJ 16-02,96.58,75,600,590,0.0007291,,0.24
2016-048A,41725,TIANTONG-1 1,1436.06,2.94,35815,35757,0.0006833,*G,0.44
2016-049A,41727,GAOFEN-3,99.85,98.41,752,750,0.0001161,,0.25
2016-050A,41729,JCSAT-16,1436.11,0.02,35793,35781,0.0001356,*G,1.27
2016-051A,41731,QSS (MOZI),93.12,97.3,434,421,0.0009348,,0.26
2016-052A,41744,USA 270,1434.35,2.84,35757,35748,0.0001033,*G,18.16
2016-052B,41745,USA 271,1437.94,2.81,35828,35817,0.0001315,*G,18.16
2016-053A,41747,INTELSAT 36 (IS-36),1436.09,0.01,35792,35781,0.0001264,*G,0.45
2016-054A,41752,INSAT-3DR,1436.09,0.1,35842,35731,0.0013191,*G,1.09
2016-058A,41770,PERUSAT 1,98.73,98.2,699,697,0.0001138,,0.27
2016-058B,41771,SKYSAT-C4,93.83,96.98,465,458,0.0005096,,0.82
2016-058C,41772,SKYSAT-C5,93.7,97.13,464,447,0.0012257,,0.84
2016-058D,41773,SKYSAT-C2,94.05,96.98,476,469,0.0005227,,0.82
2016-058E,41774,SKYSAT-C3,93.72,96.98,457,455,0.0001517,,0.79
2016-059B,41784,PISAT,98.14,97.82,691,648,0.0030848,,0.88
2016-059C,41785,ALSAT 1B,97.85,97.8,664,648,0.0010794,,0.31
2016-059D,41786,ALSAT 2B,97.98,98.06,663,661,0.0001848,,0.28
2016-059E,41787,PATHFINDER 1,98.2,97.82,693,651,0.0029931,,0.46
2016-059H,41790,SCATSAT 1,97.47,98.19,678,597,0.0058079,,0.27
2016-060A,41793,GSAT-18,1436.09,0.05,35799,35774,0.0002952,*G,0.6
2016-060B,41794,SKY MUSTER 2 (NBN1B),1436.1,0.01,35793,35780,0.0001505,*G,0.21
2016-064A,41836,HIMAWARI-9,1436.08,0.04,35790,35782,0.0000936,*G,0.23
2016-065A,41838,SHIJIAN-17 (SJ-17),1436.05,4.45,35807,35764,0.0005063,*G,0.73
2016-066A,41841,XPNAV-1,92.11,97.35,383,372,0.0008272,,0.3
2016-066G,41847,CAS-2T & KS-1Q,99.81,98.44,997,501,0.0347859,,0.69
2016-067B,41849,RAVAN,94.49,98.06,501,486,0.0010939,,0.99
2016-067C,41850,CELTEE 1,95.25,98.11,531,530,0.0001211,,1.04
2016-067D,41851,OPTICUBE 04,95.63,98.09,562,537,0.0018122,,0.55
2016-067E,41852,AEROCUBE 8D,95.1,98.11,527,520,0.0005282,,1.04
2016-067F,41853,AEROCUBE 8C,95.1,98.09,529,518,0.000739,,0.56
2016-067G,41854,PROMETHEUS 2-1,93.9,98.09,472,459,0.0009756,,0.52
2016-067H,41855,PROMETHEUS 2-3,93.91,98.09,472,460,0.00085,,0.91
2016-068A,41857,YUNHAI-1 01,100.47,98.59,786,776,0.0007105,,0.3
2016-069A,41859,GSAT0207 (GALILEO 15),844.7,55.19,23232,23213,0.0003232,,6.53
2016-069B,41860,GSAT0212 (GALILEO 16),844.7,55.19,23228,23216,0.0001885,,1.4
2016-069C,41861,GSAT0213 (GALILEO 17),844.7,55.2,23233,23211,0.0003789,,2.2
2016-069D,41862,GSAT0214 (GALILEO 18),844.7,55.19,23229,23215,0.0002483,,2.06
2016-071A,41866,GOES 16,1436.1,0.04,35794,35779,0.0001801,*G,0.27
2016-072A,41869,TIANLIAN 1-04,1436.04,0.38,35917,35654,0.0031277,*G,0.64
2016-073A,41875,GOKTURK 1A,98.44,98.13,685,683,0.0001338,,0.3
2016-074A,41877,RESOURCESAT-2A,101.29,98.62,821,818,0.0002168,,0.26
2016-075A,41879,WGS F8 (USA 272),1436.12,0.02,35787,35787,0.0000085,*G,0.79
2016-077A,41882,FENGYUN 4A,1436.19,1.01,35835,35742,0.0011073,*G,1.01
2016-078A,41884,CYGFM05,93.79,34.96,465,455,0.0007749,,0.22
2016-078B,41885,CYGFM04,93.72,34.94,461,452,0.0006576,,0.31
2016-078C,41886,CYGFM02,93.67,34.95,460,448,0.0009007,,0.36
2016-078D,41887,CYGFM01,93.81,34.95,467,455,0.0008637,,0.53
2016-078E,41888,CYGFM08,93.73,34.95,464,451,0.0009481,,0.53
2016-078G,41890,CYGFM07,93.71,34.95,461,451,0.0006947,,0.54
2016-078H,41891,CYGFM03,93.72,34.95,461,452,0.000647,,0.3
2016-079A,41893,ECHOSTAR 19,1436.11,0.02,35792,35782,0.0001174,*G,0.48
2016-080A,41896,ARASE (ERG),560.88,31.28,31955,347,0.7015001,,2.32
2016-081A,41898,TANSAT,98.68,98.5,711,680,0.0021939,,0.28
2016-081B,41899,YIJIAN,98.66,98.49,711,679,0.0022594,,0.61
2016-081C,41900,SPARK 1,98.72,98.5,715,679,0.0025453,,0.57
2016-081D,41901,SPARK 2,98.77,98.49,719,680,0.0027178,,0.61
2016-082A,41903,JCSAT-110A (JCSAT-15),1436.1,0.02,35789,35784,0.000059,*G,1.01
2016-082B,41904,STAR ONE D1,1436.11,0.01,35797,35777,0.0002298,*G,0.89
2017-001A,41911,TJS-2,1436.13,0.49,35793,35781,0.0001471,*G,0.64
2017-002B,41914,JILIN-1 03,94.29,97.21,489,479,0.0007165,,0.23
2017-002C,41915,KAIDUN 1,93.19,97.18,434,427,0.000542,,0.29
2017-003A,41917,IRIDIUM 106,100.4,86.4,779,776,0.0002325,,0.6
2017-003B,41918,IRIDIUM 103,100.4,86.4,779,777,0.0001578,,0.68
2017-003C,41919,IRIDIUM 109,100.4,86.4,779,776,0.0001844,,0.67
2017-003D,41920,IRIDIUM 102,100.4,86.4,779,776,0.0002178,,0.7
2017-003E,41921,IRIDIUM 105,100.4,86.4,779,776,0.000198,,0.73
2017-003F,41922,IRIDIUM 104,100.4,86.4,779,776,0.0001652,,0.62
2017-003G,41923,IRIDIUM 114,100.4,86.4,779,776,0.0001938,,0.68
2017-003H,41924,IRIDIUM 108,100.4,86.39,779,776,0.000227,,0.73
2017-003J,41925,IRIDIUM 112,100.4,86.4,779,776,0.0001963,,0.7
2017-003K,41926,IRIDIUM 111,100.4,86.4,779,776,0.0002089,,0.64
2017-004A,41937,SBIRS GEO-4 (USA 273),1436.1,1.49,35798,35775,0.0002714,*G,6.07
2017-006A,41942,HISPASAT 36W-1,1436.08,0.03,35791,35782,0.0001101,*G,1.04
2017-007A,41944,TELKOM 3S,1436.11,0.01,35796,35778,0.0002198,*G,0.79
2017-007B,41945,INTELSAT 32E (IS-32E),1436.12,0.02,35789,35785,0.0000379,*G,0.61
2017-008A,41948,CARTOSAT-2D,94.79,97.48,511,505,0.0004038,,0.58
2017-013A,42063,SENTINEL-2B,100.64,98.57,790,788,0.0001018,,0.27
2017-014A,42070,ECHOSTAR 23,1436.12,0.02,35794,35780,0.0001764,*G,0.89
2017-016A,42075,WGS F9 (USA 275),1436.1,0.01,35789,35785,0.000047,*G,0.6
2017-017A,42432,SES-10,1436.08,0.01,35797,35775,0.000264,*G,0.28
2017-018A,42662,CHINASAT 16 (SJ-13),1436.11,0.03,35814,35760,0.0006378,*G,1.77
2017-023A,42691,KOREASAT 7,1436.11,0.06,35794,35780,0.0001691,*G,1.01
2017-023B,42692,SGDC,1436.09,0.01,35799,35774,0.0003022,*G,0.63
2017-024A,42695,GSAT-9,1436.14,0.08,35795,35780,0.0001715,*G,0.62
2017-025A,42698,INMARSAT 5-F4,1436.15,0.02,35790,35786,0.0000483,*G,1.66
2017-026A,42709,SES-15,1436.11,0.02,35788,35786,0.0000272,*G,0.77
2017-027A,42719,COSMOS 2518,716.71,63.2,39282,1020,0.7211469,,0.78
2017-028A,42738,QZS-2 (MICHIBIKI-2),1436.06,40.22,38955,32617,0.0751513,,1.01
2017-029A,42740,VIASAT-2,1436.1,0.01,35789,35784,0.0000655,*G,1.18
2017-029B,42741,EUTELSAT 172B,1436.09,0.02,35787,35786,0.0000073,*G,0.97
2017-031A,42747,GSAT-19,1436.09,0.07,35793,35779,0.0001655,*G,1.31
2017-032A,42749,ECHOSTAR 21,1436.09,2.18,35796,35777,0.0002194,*G,0.38
2017-034A,42758,HXMT (HUIYAN),94.67,43.01,510,496,0.0009781,,0.21
2017-034B,42759,ZHUHAI-1 02 (CAS-4B),93.2,43.01,441,421,0.0014567,,0.23
2017-034C,42760,NUSAT-3 (MILANESAT),92.76,43,422,398,0.0017989,,0.28
2017-034D,42761,ZHUHAI-1 01 (CAS-4A),93.18,43.02,441,419,0.0015619,,0.26
2017-036C,42767,CARTOSAT-2E,94.79,97.41,511,506,0.0003476,,0.3
2017-036E,42769,CE-SAT-I,91.92,97.1,373,364,0.0006895,,0.55
2017-038A,42801,BULGARIASAT-1,1436.09,0.02,35798,35775,0.0002678,*G,0.37
2017-039A,42803,IRIDIUM 113,100.4,86.4,779,777,0.0001496,,0.59
2017-039B,42804,IRIDIUM 123,100.4,86.4,779,776,0.0002042,,0.55
2017-039C,42805,IRIDIUM 120,100.4,86.4,779,776,0.0002268,,0.6
2017-039D,42806,IRIDIUM 115,99.77,86.45,749,746,0.0001959,,0.62
2017-039E,42807,IRIDIUM 118,100.4,86.4,779,776,0.0001959,,0.59
2017-039F,42808,IRIDIUM 117,100.4,86.4,779,776,0.0001896,,0.57
2017-039G,42809,IRIDIUM 126,100.4,86.4,779,776,0.0001769,,0.61
2017-039H,42810,IRIDIUM 124,99.77,86.45,749,746,0.0002536,,0.62
2017-039J,42811,IRIDIUM 128,100.4,86.39,779,776,0.0002332,,0.83
2017-039K,42812,IRIDIUM 121,100.4,86.4,779,776,0.0002144,,0.59
2017-040A,42814,HELLAS-SAT 3,1436.04,0.05,35802,35769,0.0003985,*G,0.59
2017-040B,42815,GSAT-17,1436.09,0.09,35812,35761,0.0005978,*G,0.36
2017-041A,42818,INTELSAT 35E (IS-35E),1436.14,0.02,35797,35778,0.0002257,*G,0.4
2017-042A,42825,KANOPUS-V-IK,94.6,97.39,500,498,0.0001752,,0.48
2017-042B,42826,NORSAT 1,95.69,97.41,559,545,0.0010028,,0.55
2017-042D,42828,NORSAT 2,95.47,97.38,551,532,0.0013731,,1.03
2017-042E,42829,TECHNOSAT,96,97.39,576,557,0.0013837,,0.58
2017-042G,42831,FLYING LAPTOP,96.16,97.39,584,566,0.0012906,,0.36
2017-042L,42835,WNISAT 1R,96.14,97.39,583,565,0.0012577,,0.37
2017-042N,42837,LEMUR-2-GREENBERG,95.17,97.36,536,518,0.0013379,,0.94
2017-042P,42838,LEMUR-2-ANDIS,95.17,97.36,537,517,0.001457,,0.54
2017-042Q,42839,LEMUR-2-MONSON,95.3,97.39,540,526,0.0009847,,0.99
2017-042R,42840,LEMUR-2-FURIAUS,95.27,97.36,540,523,0.0012493,,1.05
2017-042S,42841,LEMUR-2-PETERG,95.19,97.39,532,524,0.0005903,,1.04
2017-042T,42842,LEMUR-2-DEMBITZ,95.24,97.37,538,523,0.0010411,,1.04
2017-042V,42844,NANOACE,95.37,97.35,541,532,0.0006456,,1.01
2017-042W,42845,LEMUR-2-ZACHARY,94.86,97.37,517,507,0.0007516,,0.53
2017-042X,42846,CORVUS BC2,95.93,97.37,573,553,0.0014489,,0.94
2017-042Y,42847,CORVUS BC1,95.91,97.37,572,553,0.0013711,,0.4
2017-044B,42901,VENUS,95.58,97.34,549,544,0.0003672,,0.27
2017-046A,42907,COSMOS 2520,1436.09,0.03,35789,35783,0.0000704,*G,1.02
2017-047A,42915,TDRS 13,1436.09,3.5,35831,35742,0.0010454,*G,0.6
2017-048A,42917,QZS-3 (MICHIBIKI-3),1436.08,0.06,35793,35780,0.0001573,*G,0.43
2017-049A,42920,FORMOSAT-5,99.24,98.27,731,714,0.0011334,,0.61
2017-050A,42921,ORS-5 SENSORSAT,96.14,0.05,581,566,0.0010342,,0.27
2017-053A,42934,AMAZONAS 5,1436.11,0.03,35809,35765,0.000514,*G,1.04
2017-055A,42939,COSMOS 2522 [GLONASS-M],675.73,64.08,19144,19115,0.0005718,,1.34
2017-057A,42942,ASIASAT 9,1436.15,0.01,35797,35778,0.0002309,*G,0.79
2017-058A,42945,YAOGAN-30 02A,96.1,35,574,569,0.0003595,,0.39
2017-058B,42946,YAOGAN-30 02B,96.1,35,573,571,0.0001335,,0.37
2017-058C,42947,YAOGAN-30 02C,96.03,35,572,565,0.0005598,,0.43
2017-059A,42950,INTELSAT 37E (IS-37E),1436.09,0.02,35797,35776,0.0002591,*G,0.24
2017-059B,42951,BSAT-4A,1436.09,0.05,35800,35773,0.0003205,*G,1.01
2017-060A,42954,VRSS-2,97.31,97.72,642,618,0.0016859,,0.24
2017-061A,42955,IRIDIUM 133,100.4,86.39,779,776,0.000227,,0.87
2017-061B,42956,IRIDIUM 100,100.4,86.39,779,776,0.0002023,,0.81
2017-061C,42957,IRIDIUM 122,100.4,86.39,779,776,0.0001792,,0.84
2017-061D,42958,IRIDIUM 129,100.4,86.39,779,776,0.0001748,,0.81
2017-061E,42959,IRIDIUM 119,100.4,86.39,779,776,0.0001663,,0.84
2017-061F,42960,IRIDIUM 107,100.4,86.39,779,776,0.0001957,,0.48
2017-061G,42961,IRIDIUM 132,100.4,86.39,779,776,0.0002076,,0.82
2017-061H,42962,IRIDIUM 136,100.4,86.39,779,776,0.0001764,,0.86
2017-061J,42963,IRIDIUM 139,100.4,86.39,779,776,0.0002002,,0.78
2017-061K,42964,IRIDIUM 125,100.4,86.39,779,777,0.0001476,,0.79
2017-062A,42965,QZS-4 (MICHIBIKI-4),1436.43,40.42,38963,32623,0.0751752,,25.95
2017-063A,42967,SES-11 (ECHOSTAR 105),1436.1,0.01,35797,35776,0.0002443,*G,0.9
2017-064A,42969,SENTINEL-5P,101.44,98.75,828,826,0.0001117,,0.6
2017-067A,42984,KOREASAT 5A,1436.08,0.02,35791,35782,0.0001106,*G,0.74
2017-037E,42986,COSMOS 2523,96.47,97.54,639,540,0.007149,,0.25
2017-068A,42987,SKYSAT-C11,93.62,97.37,457,447,0.0007377,,0.58
2017-068B,42988,SKYSAT-C10,93.98,97.38,475,464,0.0007643,,0.6
2017-068C,42989,SKYSAT-C9,93.89,97.38,470,459,0.0007945,,0.68
2017-068D,42990,SKYSAT-C8,94.1,97.39,476,474,0.0001435,,0.58
2017-068E,42991,SKYSAT-C7,94.04,97.39,477,467,0.0007341,,0.57
2017-068F,42992,SKYSAT-C6,94.07,97.39,480,467,0.0009221,,0.62
2017-069A,43001,BEIDOU-3 M1,773.23,56.24,21558,21498,0.0010909,,1.08
2017-069B,43002,BEIDOU-3 M2,773.23,56.24,21551,21505,0.0008094,,0.61
2017-070A,43005,MOHAMMED VI-A,97.49,97.95,639,638,0.0001076,,0.26
2017-072A,43010,FENGYUN 3D,101.44,98.94,829,825,0.0002517,,0.32
2017-072B,43011,HEAD-1,100.83,98.96,805,791,0.0009787,,0.27
2017-073A,43013,NOAA 20 (JPSS-1),101.44,98.73,828,826,0.0000885,,0.23
2017-073C,43015,MIRATA,94.2,97.56,561,398,0.0118666,,0.59
2017-073D,43016,MAKERSAT 0,95.42,97.54,651,427,0.0162226,,0.54
2017-073E,43017,RADFXSAT (FOX-1B),95.95,97.55,692,436,0.01844,,0.91
2017-074A,43022,JILIN-1 04,94.26,97.48,486,479,0.0004907,,0.23
2017-074B,43023,JILIN-1 05,94.38,97.48,492,485,0.0004887,,0.23
2017-074C,43024,JILIN-1 06,94.51,97.48,500,490,0.000727,,0.24
2017-075A,43028,YAOGAN-30 03A,96.1,34.99,573,570,0.000259,,0.76
2017-075B,43029,YAOGAN-30 03B,96.1,34.99,575,569,0.0004369,,0.25
2017-075C,43030,YAOGAN-30 03C,96.09,34.99,573,570,0.0002187,,0.74
2017-076A,43032,COSMOS 2524,103.05,67.15,908,898,0.000712,,0.29
2017-077A,43034,LKW-1,94.5,97.17,496,492,0.0002942,,0.25
2017-078A,43039,ALCOMSAT 1,1436.11,0.04,35801,35773,0.0003256,*G,0.23
2017-079A,43055,GSAT0215 (GALILEO 19),844.7,55.25,23226,23218,0.0001269,,1.57
2017-079B,43056,GSAT0216 (GALILEO 20),844.7,55.25,23228,23216,0.0002078,,3.04
2017-079C,43057,GSAT0217 (GALILEO 21),844.7,55.25,23230,23215,0.000257,,5.16
2017-079D,43058,GSAT0218 (GALILEO 22),844.7,55.25,23228,23216,0.0002136,,1.42
2017-082A,43065,GCOM-C (SHIKISAI),100.89,98.68,801,801,0.000043,,0.33
2017-083A,43070,IRIDIUM 135,100.4,86.4,779,776,0.0002108,,0.61
2017-083B,43071,IRIDIUM 138,100.4,86.4,779,777,0.0001277,,0.58
2017-083C,43072,IRIDIUM 116,100.4,86.4,779,776,0.0002074,,0.62
2017-083D,43073,IRIDIUM 130,100.4,86.4,779,776,0.00021,,0.58
2017-083E,43074,IRIDIUM 151,100.4,86.4,779,776,0.0002095,,0.6
2017-083F,43075,IRIDIUM 134,100.4,86.4,779,776,0.000215,,0.57
2017-083G,43076,IRIDIUM 137,100.4,86.4,779,776,0.0002494,,0.62
2017-083H,43077,IRIDIUM 141,100.4,86.4,779,776,0.0001637,,0.56
2017-083J,43078,IRIDIUM 153,100.4,86.4,779,777,0.0001339,,0.68
2017-083K,43079,IRIDIUM 131,100.4,86.4,779,776,0.0001912,,0.57
2017-084A,43080,LKW-2,94.53,97.19,497,494,0.0002095,,0.28
2017-085A,43081,YAOGAN-30 04A,96.09,35,574,568,0.000426,,0.23
2017-085B,43082,YAOGAN-30 04B,96.09,35,576,567,0.0006157,,0.28
2017-085C,43083,YAOGAN-30 04C,96.1,35,575,568,0.0005527,,0.26
2018-002A,43099,SUPERVIEW-1 03,94.65,97.35,548,455,0.006814,,0.24
2018-002B,43100,SUPERVIEW-1 04,92.05,97.35,375,375,0.000017,,0.26
2018-003A,43107,BEIDOU-3 M7,773.23,54.77,21538,21518,0.0003609,,1.4
2018-003B,43108,BEIDOU-3 M8,773.23,54.76,21540,21516,0.0004378,,1.46
2018-004A,43111,CARTOSAT-2F,94.78,97.48,508,507,0.0000556,,0.26
2018-004C,43113,LEO 1 (LEO VANTAGE 1),98.39,99.29,940,424,0.0365337,,0.92
2018-004E,43115,CARBONITE 2,92.07,97.24,379,373,0.0004655,,0.53
2018-006A,43146,LKW-3,94.5,97.59,497,491,0.0004463,,0.26
2018-007A,43152,ASNARO-2,94.59,97.41,500,497,0.0001821,,0.21
2018-008E,43159,JILIN-1 07,94.45,97.22,500,484,0.0012117,,0.24
2018-008F,43160,JILIN-1 08,94.47,97.23,499,487,0.0009221,,0.25
2018-009A,43162,SBIRS GEO-3 (USA 282),1436.08,2.16,35796,35776,0.00024,*G,0.78
2018-011A,43169,WEINA 1A,96.17,35,578,572,0.0004492,,0.28
2018-011B,43170,YAOGAN-30 05A,96.1,35,575,568,0.0005214,,0.22
2018-011C,43171,YAOGAN-30 05B,96.1,35,574,569,0.00039,,0.22
2018-011D,43172,YAOGAN-30 05C,96.1,35,575,568,0.0004915,,0.23
2018-012A,43174,AL YAH 3,1436.13,0.23,35805,35770,0.0004134,*G,0.24
2018-012B,43175,SES-14,1436.11,0.01,35791,35782,0.0001064,*G,0.75
2018-014A,43180,KANOPUS-V 3,94.61,97.39,501,498,0.0001721,,0.24
2018-014B,43181,KANOPUS-V 4,94.61,97.39,501,498,0.0001882,,0.27
2018-014C,43182,LEMUR-2-JIN-LUEN,94.39,97.57,495,483,0.0008802,,0.8
2018-014D,43183,LEMUR-2-URAMCHANSOL,93.41,97.56,444,439,0.0004128,,0.79
2018-014E,43184,LEMUR-2-KADI,94.35,97.54,492,483,0.0006572,,0.72
2018-014F,43185,LEMUR-2-THENICKMOLO,93.89,97.57,467,462,0.0003563,,0.76
2018-014G,43186,S-NET D,95.41,97.57,545,532,0.0009381,,0.3
2018-014H,43187,S-NET B,95.41,97.58,545,531,0.0010089,,0.82
2018-014J,43188,S-NET A,95.41,97.58,545,531,0.0009982,,0.7
2018-014K,43189,S-NET C,95.41,97.58,546,530,0.0011365,,0.89
2018-015C,43194,ZHANGHENG 1 (CSES),94.68,97.63,508,498,0.0007345,,0.26
2018-018A,43207,BEIDOU-3 M4,773.23,56.2,21542,21514,0.0005015,,1.01
2018-018B,43208,BEIDOU-3 M3,773.23,56.2,21551,21505,0.0008331,,0.95
2018-020A,43215,PAZ,94.79,97.45,510,507,0.0001702,,0.26
2018-022A,43226,GOES 17,1436.12,0.02,35800,35774,0.0003062,*G,0.62
2018-023A,43228,HISPASAT 30W-6,1436.12,0.04,35805,35769,0.0004323,*G,0.61
2018-023B,43229,PODSAT,187.11,26.83,8725,192,0.3937136,,0.83
2018-024A,43231,O3B FM15,287.93,0.05,8070,8062,0.0003036,,1.32
2018-024B,43232,O3B FM16,287.93,0.06,8071,8061,0.0003565,,0.87
2018-024C,43233,O3B FM14,287.93,0.06,8070,8062,0.0002826,,0.63
2018-024D,43234,O3B FM13,287.93,0.05,8071,8061,0.0003469,,1.18
2018-025A,43236,LKW-4,93.98,97.58,472,466,0.000429,,0.57
2018-029A,43245,BEIDOU-3 M9,773.23,54.65,21532,21523,0.000162,,1.26
2018-029B,43246,BEIDOU-3 M10,773.24,54.64,21542,21515,0.0004845,,1.34
2018-030A,43249,IRIDIUM 144,100.4,86.4,779,776,0.0002112,,0.67
2018-030B,43250,IRIDIUM 149,100.4,86.4,779,776,0.0002191,,0.66
2018-030C,43251,IRIDIUM 157,100.4,86.4,779,776,0.0001849,,0.64
2018-030D,43252,IRIDIUM 140,100.4,86.4,779,776,0.0002059,,0.56
2018-030E,43253,IRIDIUM 145,100.4,86.4,779,776,0.0002421,,0.57
2018-030F,43254,IRIDIUM 146,100.4,86.4,779,776,0.0002285,,0.59
2018-030G,43255,IRIDIUM 148,100.4,86.4,779,776,0.0002267,,0.62
2018-030H,43256,IRIDIUM 142,100.4,86.4,779,776,0.000244,,0.65
2018-030J,43257,IRIDIUM 150,100.4,86.4,779,776,0.0002179,,0.61
2018-030K,43258,IRIDIUM 143,100.4,86.4,779,776,0.0002412,,0.7
2018-031A,43259,GAOFEN-1 02,97.52,97.79,643,637,0.0004862,,0.24
2018-031B,43260,GAOFEN-1 03,97.52,97.79,643,637,0.0004043,,0.26
2018-031D,43262,GAOFEN-1 04,97.52,97.79,641,639,0.0001533,,0.28
2018-033A,43271,SUPERBIRD-B3,1436.1,0.04,35791,35782,0.0001141,*G,0.78
2018-033B,43272,HYLAS 4,1436.12,0.06,35791,35783,0.0000986,*G,0.61
2018-034A,43275,YAOGAN-31 01A,107.03,63.4,1261,918,0.0230006,,0.28
2018-034B,43276,YAOGAN-31 01B,107.03,63.4,1261,918,0.0230013,,0.28
2018-034C,43277,YAOGAN-31 01C,107.03,63.4,1261,917,0.0230099,,0.28
2018-034E,43279,WEINA 1B,107.04,63.4,1261,918,0.0229761,,0.29
2018-035A,43286,IRNSS-1I,1436.03,29.15,35879,35692,0.002215,*G,25.7
2018-036A,43339,USA 283,1436.1,0.01,35788,35786,0.0000222,*G,1.91
2018-037A,43432,COSMOS 2526,1436.07,0.03,35789,35783,0.0000746,*G,1.44
2018-038A,43435,TESS,20702.11,53.29,337388,149353,0.3764494,,-6.23
2018-039A,43437,SENTINEL-3B,100.93,98.62,803,802,0.0000785,,0.27
2018-040B,43440,ZHUHAI-1 OVS-02,94.29,97.09,485,483,0.0000838,,0.27
2018-040C,43441,ZHUHAI-1 OHS-02,94.35,97.1,495,480,0.0010832,,0.3
2018-036E,43445,USA 285,1410.19,5.86,35322,35234,0.001058,,2.54
2018-036F,43446,USA 286,1410.1,5.86,35318,35234,0.0010141,,1.16
2018-041A,43450,APSTAR-6C,1436.1,0.03,35802,35771,0.0003745,*G,0.79
2018-043A,43461,GAOFEN-5 01,98.64,98.39,694,693,0.0001178,,0.66
2018-044A,43463,BANGABANDHUSAT-1,1436.15,0.02,35799,35776,0.0002703,*G,0.44
2018-047A,43476,GRACE-FO 1,93.95,88.97,474,461,0.0009666,,0.53
2018-047B,43477,GRACE-FO 2,93.95,88.97,474,461,0.0009654,,0.53
2018-047C,43478,IRIDIUM 161,99.77,86.45,749,746,0.0002169,,0.64
2018-047D,43479,IRIDIUM 152,100.4,86.4,779,776,0.0002059,,0.66
2018-047E,43480,IRIDIUM 147,100.4,86.4,779,776,0.0001899,,0.65
2018-047F,43481,IRIDIUM 110,100.4,86.4,779,776,0.0001685,,0.65
2018-047G,43482,IRIDIUM 162,99.77,86.45,749,746,0.0001934,,0.3
2018-048A,43484,GAOFEN-6,97.53,97.84,650,631,0.0013477,,0.24
2018-048B,43485,LUOJIA-1 01,97.04,97.86,624,610,0.0009676,,0.26
2018-049A,43488,SES-12,1436.11,0.02,35797,35777,0.0002393,*G,0.7
2018-050A,43491,FENGYUN 2H,1436.12,1.71,35791,35783,0.0001045,*G,0.69
2018-053A,43508,COSMOS 2527 [GLONASS-M],675.73,65.3,19154,19106,0.0009459,,0.91
2018-054A,43518,XJS A,93.29,35.05,436,436,0.0000236,,0.73
2018-056A,43529,PAKTES 1A,96.3,98.06,597,565,0.0022942,,0.22
2018-056B,43530,PRSS 1,97.26,97.84,628,627,0.000111,,0.3
2018-057A,43539,BEIDOU-2 IGSO-7,1436.46,55.16,36131,35457,0.0079956,,3.18
2018-059A,43562,TELSTAR 19V,1436.11,0.03,35789,35785,0.0000517,*G,1.04
2018-060A,43564,GSAT0221 (GALILEO 25),844.69,57.29,23241,23203,0.0006371,,3.28
2018-060B,43565,GSAT0222 (GALILEO 26),844.7,57.3,23238,23206,0.0005289,,2.48
2018-060C,43566,GSAT0219 (GALILEO 23),844.7,57.3,23239,23205,0.0005623,,1.08
2018-060D,43567,GSAT0220 (GALILEO 24),844.69,57.29,23239,23205,0.0005846,,3.21
2018-061A,43569,IRIDIUM 160,100.4,86.4,779,776,0.000191,,0.7
2018-061B,43570,IRIDIUM 166,100.4,86.39,779,776,0.0002311,,0.75
2018-061C,43571,IRIDIUM 158,100.4,86.39,779,776,0.0001881,,0.36
2018-061D,43572,IRIDIUM 165,100.4,86.4,779,776,0.0002024,,0.75
2018-061E,43573,IRIDIUM 155,100.4,86.39,779,776,0.0002076,,0.72
2018-061F,43574,IRIDIUM 154,100.4,86.4,779,776,0.0001962,,0.74
2018-061G,43575,IRIDIUM 163,100.4,86.4,779,776,0.0001809,,0.76
2018-061H,43576,IRIDIUM 156,100.4,86.4,779,776,0.0002155,,0.36
2018-061J,43577,IRIDIUM 164,100.4,86.4,779,776,0.0002198,,0.73
2018-061K,43578,IRIDIUM 159,100.4,86.4,779,776,0.0001936,,0.35
2018-062A,43581,BEIDOU-3 M5,773.24,54.11,21533,21524,0.0001583,,1.65
2018-062B,43582,BEIDOU-3 M6,773.24,54.11,21549,21508,0.0007292,,0.71
2018-063A,43585,GAOFEN-11 01,93.58,97.2,455,444,0.0008154,,0.23
2018-064A,43587,TELKOM 4 (MERAH PUTIH),1436.1,0.01,35792,35781,0.000135,*G,0.44
2018-067A,43602,BEIDOU-3 M12,773.25,54.2,21552,21504,0.0008595,,1.85
2018-067B,43603,BEIDOU-3 M11,773.25,54.2,21543,21514,0.0005172,,1.71
2018-068A,43609,HAIYANG-1C,100.41,98.58,785,770,0.0010507,,0.23
2018-069A,43611,TELSTAR 18V,1436.13,0.02,35795,35780,0.0001793,*G,0.41
2018-070A,43613,ICESAT-2,94.23,92,485,478,0.0004804,,0.34
2018-071A,43618,SSTL S1-4,96.25,97.58,584,575,0.0006394,,0.72
2018-071B,43619,NOVASAR 1,96.27,97.58,583,577,0.0004395,,0.39
2018-072A,43622,BEIDOU-3 M13,773.23,56.17,21549,21507,0.0007582,,1.22
2018-072B,43623,BEIDOU-3 M14,773.23,56.18,21541,21515,0.0004787,,1.35
2018-074A,43632,AZERSPACE 2 (IS-38),1436.1,0.02,35798,35775,0.0002723,*G,0.59
2018-074B,43633,HORIZONS-3E,1436.12,0.04,35792,35782,0.0001216,*G,0.38
2018-075A,43636,CENTISPACE-1 S1,98.69,97.93,701,691,0.0007472,,0.24
2018-076A,43641,SAOCOM 1A,97.15,97.89,623,621,0.0001449,,0.28
2018-077A,43642,YAOGAN-32 A,98.49,97.96,687,685,0.0001207,,0.22
2018-077B,43643,YAOGAN-32 B,98.49,97.96,687,686,0.0001125,,0.22
2018-078A,43647,BEIDOU-3 M16,773.23,54.54,21550,21506,0.0007829,,1.19
2018-078B,43648,BEIDOU-3 M15,773.23,54.54,21541,21515,0.0004674,,1.06
2018-079A,43651,AEHF-4 (USA 288),1436.16,1.61,36003,35572,0.0051128,,0.62
2018-081A,43655,HAIYANG-2B,104.4,99.34,967,965,0.0001268,,0.23
2018-082A,43657,COSMOS 2528,103.1,67.15,911,900,0.0007012,,0.49
2018-083A,43662,CFOSAT,94.96,97.37,518,515,0.0002481,,0.21
2018-084B,43672,GOSAT 2,97.02,97.84,617,615,0.0001542,,0.62
2018-084F,43676,KHALIFASAT,96.14,98.06,583,565,0.0012997,,0.27
2018-084G,43677,TEN-KOH,96.06,98.08,579,560,0.0013358,,0.59
2018-084H,43678,DIWATA-2B,96.18,98.09,582,569,0.0009702,,0.26
2018-084J,43679,STARS-AO,95.49,98.07,545,540,0.0003378,,0.52
2018-084K,43681,AUTCUBE 2,95.74,98.07,562,547,0.0010189,,1.05
2018-085A,43683,BEIDOU-3 G1,1436.12,2.74,35791,35783,0.0000943,*G,0.79
2018-086A,43687,COSMOS 2529 [GLONASS-M],675.73,64.29,19147,19113,0.0006624,,1.28
2018-087A,43689,METOP-C,101.3,98.7,822,819,0.000174,,0.31
2018-089A,43698,GSAT-29,1436.12,0.02,35799,35776,0.0002721,*G,0.6
2018-090A,43700,ES'HAIL 2,1436.07,0.01,35791,35781,0.0001168,*G,0.6
2018-093A,43706,BEIDOU-3 M17,773.24,54.2,21545,21511,0.0006063,,1.44
2018-093B,43707,BEIDOU-3 M18,773.24,54.2,21545,21512,0.0005908,,1.58
2018-094A,43710,TIANZHI 1,92.44,97.36,398,390,0.0005634,,0.22
2018-094B,43711,SHIYAN 6 01 (SY-6 01),94.57,97.38,509,487,0.0015742,,0.52
2018-094E,43714,TIANPING 1B,92.55,97.35,404,395,0.0006466,,0.24
2018-095A,43717,MOHAMMED VI-B,97.49,97.95,639,638,0.000123,,0.23
2018-096A,43719,HYSIS,97.38,97.84,634,632,0.000112,,0.27
2018-097A,43751,COSMOS 2530,115.86,82.52,1510,1479,0.0020015,,0.28
2018-097B,43752,COSMOS 2531,115.86,82.52,1508,1481,0.0017434,,0.26
2018-097C,43753,COSMOS 2532,115.86,82.51,1509,1480,0.0018674,,0.23
2018-099A,43758,MINXSS-2,94.8,97.52,517,500,0.0012594,,0.77
2018-099B,43759,SIRION PATHFINDER-2,95.53,97.5,550,538,0.0009049,,0.39
2018-099E,43762,STPSAT-5,95.53,97.48,546,542,0.0002694,,0.78
2018-099G,43764,POLAR SCOUT KODIAK,94.55,97.49,505,489,0.0011483,,0.74
2018-099H,43765,HAWK-A,95.54,97.47,550,539,0.0007791,,0.79
2018-099J,43766,SPAWAR-CAL-O,95.01,97.51,527,511,0.0011179,,0.4
2018-099K,43767,CORVUS BC4,95.6,97.48,554,542,0.0008705,,0.62
2018-099L,43768,AISTECHSAT 2,95.5,97.51,546,540,0.0004284,,0.61
2018-099N,43770,FOX-1CLIFF (AO-95),95.17,97.51,535,519,0.0011479,,0.79
2018-099R,43773,RANGE-A,95.57,97.47,553,539,0.0010619,,0.84
2018-099S,43774,HIBER-2,94.36,97.51,492,483,0.0006152,,0.36
2018-099U,43776,SPAWAR-CAL-R,95.85,97.51,573,547,0.001914,,1.11
2018-099W,43778,SPAWAR-CAL-OR,95.26,97.46,541,522,0.0013605,,1.39
2018-099Y,43780,MOVE-II,93.61,97.49,454,448,0.0003939,,0.75
2018-099AA,43782,SNUSAT-2,95.3,97.48,541,525,0.0011668,,0.78
2018-099AB,43783,KAZSTSAT,96.13,97.5,578,569,0.0006523,,0.77
2018-099AC,43784,SNUGLITE,95.16,97.46,528,524,0.0002602,,0.53
2018-099AE,43786,ITASAT,95.37,97.48,547,526,0.0014629,,0.77
2018-099AF,43787,KAZSCISAT-1,93.75,97.47,460,455,0.000377,,0.9
2018-099AJ,43790,EAGLET-I,95.56,97.5,553,538,0.0011373,,0.88
2018-099AL,43792,ESEO,95.89,97.47,567,556,0.0007788,,0.78
2018-099AM,43793,CSIM-FD,93.62,97.51,457,446,0.0007604,,0.77
2018-099AN,43794,HAWK-B,95.54,97.47,550,539,0.0007675,,0.79
2018-099AQ,43796,THEA,94.97,97.52,524,510,0.0009833,,0.74
2018-099AR,43797,SKYSAT-C12,93.9,96.99,469,462,0.0004827,,0.91
2018-099AS,43798,ASTROCAST 0.1,94.61,97.51,505,494,0.0007819,,0.76
2018-099AT,43799,HAWK-C,95.54,97.47,550,539,0.0007658,,0.79
2018-099AU,43800,ICEYE-X2,95.42,97.51,546,531,0.0010963,,0.27
2018-099AW,43802,SKYSAT-C13,93.35,97.01,444,433,0.0007943,,0.79
2018-099AX,43803,JY1SAT (JO-97),95,97.49,524,514,0.0006982,,0.82
2018-099AY,43804,SUOMI-100,95.11,97.5,532,516,0.0012225,,0.6
2018-099AZ,43805,AL-FARABI 2,94.51,97.48,500,490,0.0007243,,0.44
2018-099BB,43807,EUCROPIS,95.32,97.5,538,530,0.0005481,,0.77
2018-099BC,43808,POLAR SCOUT YUKON,94.93,97.53,520,510,0.0007123,,0.73
2018-099BD,43809,CENTAURI-1,95.45,97.5,551,530,0.0015587,,0.85
2018-099BF,43811,NEXTSAT-1,95.72,97.48,562,545,0.0012135,,0.4
2018-099BG,43812,GLOBAL-2,95.74,97.43,560,549,0.000827,,0.83
2018-099BH,43813,BRIO,93.61,97.54,454,448,0.0004052,,0.74
2018-099BK,43815,FALCONSAT-6,94.85,97.55,529,494,0.0025521,,0.54
2018-099BL,43816,SPACEBEE-7,94.41,97.52,495,485,0.0006639,,0.85
2018-099BP,43819,EXCITE,95.81,97.47,571,545,0.0019207,,0.8
2018-099BQ,43820,SEAHAWK-1,95.27,97.47,538,525,0.0009303,,0.81
2018-100A,43823,GEO-KOMPSAT-2A,1436.1,0.05,35796,35778,0.0002125,*G,1.29
2018-100B,43824,GSAT-11,1436.11,0.11,35795,35779,0.0001977,*G,1.02
2018-102A,43831,SAUDISAT 5A,94.7,97.38,513,496,0.0012415,,0.29
2018-102C,43833,SAUDISAT 5B,94.67,97.39,511,493,0.0013114,,0.27
2018-104B,43850,SHIELDS 1,92.88,85.02,421,410,0.0007531,,0.54
2018-105A,43864,GSAT-7A,1436.07,0.01,35795,35777,0.0002163,*G,0.6
2018-107A,43867,COSMOS 2533,1436.09,0.03,35788,35785,0.000044,*G,0.71
2018-108A,43871,HONGYUN 1,106.62,99.81,1079,1061,0.0012163,,0.27
2018-109A,43873,NAVSTAR 77 (USA 289),717.98,55.39,20270,20095,0.0032902,,0.78
2018-110A,43874,TJS-3,1436.12,1.22,35795,35779,0.0001898,*G,0.73
2018-111A,43876,KANOPUS-V 5,94.6,97.39,501,498,0.0001755,,0.85
2018-111B,43877,KANOPUS-V 6,94.14,97.39,478,476,0.0001847,,0.29
2018-111D,43879,ISAT,94.62,97.61,507,494,0.0009733,,0.74
2018-111E,43880,UWE-4,94.78,97.6,517,498,0.0013509,,0.8
2018-111F,43881,D-STAR ONE (SPARROW),94.57,97.62,504,492,0.0009124,,0.8
2018-111G,43882,LEMUR-2-CHRISTINAHOLT,91.45,97.59,351,340,0.0008595,,0.75
2018-111J,43884,LEMUR-2-REMY-COLTON,93.04,97.62,426,420,0.0004197,,0.25
2018-111K,43885,LEMUR-2-GUSTAVO,93.05,97.61,425,422,0.0002349,,0.28
2018-111L,43886,LEMUR-2-ZO,93.2,97.61,434,428,0.0003823,,0.72
2018-111M,43887,LEMUR-2-NATALIEMURRAY,93,97.62,425,419,0.0004437,,0.75
2018-111N,43888,LEMUR-2-SARAHBETTYBOO,92.42,97.65,396,391,0.0004016,,0.29
2018-111P,43889,LEMUR-2-DAISY-HARPER,91.93,97.63,374,364,0.0007616,,0.75
2018-111Q,43890,GRUS-1A,96.12,97.53,577,568,0.0006067,,0.26
2018-112A,43909,YUNHAI-2 01,100.8,50.01,797,796,0.0000281,,0.92
2018-112B,43910,YUNHAI-2 02,100.79,50.01,800,793,0.0005096,,0.27
2018-112C,43911,YUNHAI-2 03,100.79,50.01,797,796,0.0000544,,0.25
2018-112D,43912,YUNHAI-2 04,100.8,50.01,808,785,0.0015958,,0.97
2018-112E,43913,YUNHAI-2 05,100.79,50.01,800,793,0.0004923,,0.25
2018-112F,43914,HONGYAN 1 (CHONGQING),107.16,50.01,1100,1090,0.0006507,,0.32
2018-112G,43915,YUNHAI-2 06,100.79,50.01,801,791,0.0007,,0.36
2019-001A,43920,ZHONGXING-2D,1436.07,0.06,35792,35780,0.0001494,*G,0.79
2019-002A,43922,IRIDIUM 180,100.4,86.4,779,776,0.0001908,,0.56
2019-002B,43923,IRIDIUM 176,97.81,86.61,655,653,0.0001473,,0.59
2019-002C,43924,IRIDIUM 168,100.4,86.4,779,776,0.0001837,,0.56
2019-002D,43925,IRIDIUM 173,100.4,86.4,779,776,0.0001823,,0.57
2019-002E,43926,IRIDIUM 169,100.1,86.42,764,762,0.0001619,,0.83
2019-002F,43927,IRIDIUM 172,100.4,86.4,779,776,0.0001946,,0.58
2019-002G,43928,IRIDIUM 175,97.81,86.15,656,652,0.000289,,0.6
2019-002H,43929,IRIDIUM 171,100.4,86.4,779,776,0.0002436,,0.6
2019-002J,43930,IRIDIUM 170,97.81,86.61,655,652,0.000199,,0.59
2019-002K,43931,IRIDIUM 167,100.4,86.4,779,776,0.0002292,,0.54
2019-005B,43943,JILIN-1 09,95.11,97.48,527,520,0.0004723,,0.23
2019-005E,43946,JILIN-1 10,94.9,97.48,519,508,0.0008315,,0.28
2019-007A,44034,HELLAS-SAT 4 & SGS-1,1436.15,0.07,35799,35776,0.0002779,*G,0.59
2019-007B,44035,GSAT-31,1436.07,0.02,35810,35762,0.0005594,*G,1.31
2019-008A,44047,EGYPTSAT-A (MISRSAT-A),97.8,98.02,654,653,0.0001048,,0.29
2019-009A,44048,NUSANTARA SATU,1436.11,0.03,35791,35783,0.0000864,*G,0.21
2019-010A,44057,ONEWEB-0012,109.37,87.91,1199,1197,0.000125,,0.63
2019-010B,44058,ONEWEB-0010,109.37,87.91,1199,1196,0.0001924,,0.6
2019-010C,44059,ONEWEB-0008,109.37,87.91,1199,1196,0.0001887,,0.65
2019-010D,44060,ONEWEB-0007,109.46,87.91,1203,1201,0.0001511,,0.57
2019-010E,44061,ONEWEB-0006,109.46,87.91,1203,1200,0.0001725,,0.56
2019-010F,44062,ONEWEB-0011,109.46,87.91,1203,1200,0.0002026,,0.59
2019-009D,44065,S5,1449.59,5.25,36066,36035,0.0003665,*G,0.51
2019-012A,44067,ZHONGXING-6C,1436.12,0.03,35800,35774,0.0003066,*G,0.79
2019-014A,44071,WGS 10 (USA 291),1436.1,0.02,35789,35784,0.0000601,*G,1.02
2019-015A,44072,PRISMA,97.05,97.86,619,617,0.0001345,,0.3
2019-017A,44076,TIANLIAN 2-01,1436.1,0.26,35803,35771,0.0003775,*G,0.61
2019-018A,44078,EMISAT,99.74,98.31,759,733,0.0017788,,0.29
2019-020A,44112,O3B FM20,287.93,0.05,8070,8061,0.0003126,,1.01
2019-020B,44113,O3B FM19,287.93,0.05,8068,8064,0.0001469,,6.97
2019-020C,44114,O3B FM17,287.93,0.05,8070,8061,0.00031,,1.3
2019-020D,44115,O3B FM18,287.93,0.05,8070,8062,0.0002958,,1.15
2019-021A,44186,ARABSAT-6A,1436.05,0.04,35806,35765,0.0004907,*G,0.6
2019-023A,44204,BEIDOU-3 IGSO-1,1435.84,57.96,35882,35682,0.0023705,*G,1.04
2019-024A,44207,TIANHUI 2-01A,94.94,97.47,517,515,0.0001465,,1.02
2019-024C,44209,TIANHUI 2-01B,94.94,97.47,517,514,0.0001999,,0.95
2019-027A,44231,BEIDOU-2 G8,1436.1,2.02,35806,35767,0.000462,*G,0.3
2019-028A,44233,RISAT-2B,95.96,37,570,560,0.0006637,,0.69
2019-030A,44299,COSMOS 2534 [GLONASS-M],675.73,64.37,19152,19107,0.0008838,,0.74
2019-031A,44307,YAMAL 601,1436.09,0.02,35797,35776,0.0002485,*G,1.02
2019-032A,44310,BUFENG 1A,95.1,44.98,530,517,0.0009673,,0.26
2019-032B,44311,BUFENG 1B,94.7,44.98,512,496,0.0011811,,0.38
2019-032C,44312,JILIN-1 GAOFEN 3A,94.82,44.98,518,502,0.0011433,,0.36
2019-032D,44313,XIAOXIANG 4,93.74,44.99,468,447,0.0015294,,0.48
2019-032E,44314,TIANQI-3,94.73,44.98,514,497,0.0012264,,0.39
2019-033A,44322,RCM-1,96.48,97.76,591,589,0.0001541,,0.34
2019-033B,44323,RCM-3,96.48,97.76,591,589,0.0001579,,0.31
2019-033C,44324,RCM-2,96.48,97.76,591,589,0.0001469,,0.49
2019-034A,44333,AT&T T-16,1436.11,0.02,35792,35782,0.000114,*G,0.48
2019-034B,44334,EUTELSAT 7C,1436.1,0.07,35801,35773,0.0003271,*G,0.6
2019-035A,44337,BEIDOU-3 IGSO-2,1436.1,55.2,35937,35636,0.0035763,*G,0.71
2019-036A,44339,PROX-1,97.61,24,650,639,0.0007875,,0.51
2019-036B,44340,NPSAT1,98.17,24,677,665,0.000889,,0.58
2019-036C,44341,OTB,98.94,24,716,700,0.0011584,,0.3
2019-036E,44343,FORMOSAT 7-3,95.47,24,543,540,0.0001814,,0.26
2019-036F,44344,DSX,316.92,42.19,12040,5999,0.1961843,,1.74
2019-036L,44349,FORMOSAT 7-1,95.47,24,543,540,0.0001916,,0.72
2019-036M,44350,FORMOSAT 7-4,95.47,24,543,540,0.0001517,,0.57
2019-036N,44351,FORMOSAT 7-2,95.47,24,543,540,0.0001965,,0.28
2019-036Q,44353,FORMOSAT 7-6,95.47,24,543,540,0.0001839,,0.61
2019-036V,44358,FORMOSAT 7-5,95.48,24,543,540,0.0001798,,0.77
2019-038A,44387,METEOR-M2 2,101.11,98.86,813,810,0.00022,,0.26
2019-038C,44389,ICEYE-X5,94.43,97.92,498,484,0.0009763,,0.23
2019-038D,44390,ICEYE-X4,94.97,97.9,527,507,0.0014747,,0.27
2019-038P,44399,DOT-1,89.91,97.69,273,267,0.0004201,*D,0.91
2019-038Q,44400,SONATE,92.59,97.71,410,393,0.001251,,0.88
2019-038Y,44408,MOMENTUS-X1,93.69,97.72,466,444,0.0016562,,0.56
2019-039D,44424,COSMOS 2538,95.2,97.64,563,493,0.0050406,,0.28
2019-045A,44449,YAOGAN-30 06A,96.1,34.99,574,569,0.0003788,,0.55
2019-045B,44450,YAOGAN-30 06B,96.1,34.99,578,566,0.0008474,,0.57
2019-045C,44451,YAOGAN-30 06C,96.1,34.99,572,571,0.0000406,,0.59
2019-046A,44453,MERIDIAN 8,717.86,62.76,38410,1948,0.6864697,,1.2
2019-048A,44457,COSMOS 2539,1436.08,0.03,35787,35785,0.0000288,*G,1.17
2019-049A,44475,EDRS-C,1436.07,0.06,35788,35784,0.0000467,*G,1.92
2019-049B,44476,INTELSAT 39 (IS-39),1436.12,0.02,35791,35783,0.0000882,*G,0.4
2019-050A,44479,AMOS-17,1436.09,0.01,35794,35779,0.0001683,*G,0.74
2019-051A,44481,AEHF-5 (USA 292),1436.12,2.26,36037,35537,0.0059261,,0.62
2019-054A,44495,BRO-1,93.85,45.01,464,462,0.000151,,0.32
2019-054C,44497,PEARL WHITE 1,92.62,45.01,409,397,0.000902,,0.36
2019-054D,44498,PEARL WHITE 2,91.44,45,355,335,0.0014905,,0.51
2019-054E,44499,GLOBAL-4,93.6,45.01,457,445,0.0008476,,0.78
2019-056A,44506,NAVSTAR 78 (USA 293),717.99,55.82,20312,20053,0.0048619,,0.26
2019-057A,44517,COSMOS 2540,103.9,99.23,955,931,0.0016716,,0.29
2019-058A,44519,XIAOXIANG 1-07,90.08,97.73,280,278,0.0001533,*D,0.26
2019-058B,44520,KX-09,96.36,97.79,591,577,0.000941,,0.22
2019-059A,44528,ZY-1 02D,100.32,98.39,775,773,0.0001484,,0.23
2019-059B,44529,BNU-1 (JINGSHI 1),99.49,98.55,744,724,0.0014163,,0.21
2019-059C,44530,TAURUS-1 (JINNIUZUO 1),98.48,98.59,693,679,0.0009842,,0.28
2019-060A,44534,ZHUHAI-1 03A,93.05,97.51,431,417,0.0009925,,0.28
2019-060C,44536,ZHUHAI-1 03B,93.96,97.5,477,460,0.0012462,,0.2
2019-060D,44537,ZHUHAI-1 03C,93.88,97.52,479,450,0.0020514,,0.25
2019-060E,44538,ZHUHAI-1 03D,94.28,97.48,492,475,0.0012455,,0.29
2019-060F,44539,ZHUHAI-1 03E,94.21,97.5,489,471,0.0013352,,0.27
2019-061A,44542,BEIDOU-3 M24,773.24,54.42,21553,21503,0.0008862,,0.97
2019-061B,44543,BEIDOU-3 M23,773.24,54.42,21544,21513,0.0005531,,0.95
2019-063A,44547,YUNHAI-1 02,100.48,98.43,785,777,0.0005416,,0.26
2019-065A,44552,COSMOS 2541,717.86,62.75,37519,2840,0.652901,,0.67
2019-066A,44622,GAOFEN-10R,97.15,97.99,626,619,0.0004861,,0.25
2019-067A,44624,EUTELSAT 5 WEST B,1436.09,0.07,35800,35773,0.0003093,*G,0.59
2019-067B,44625,MEV-1,1436.11,0.02,35796,35777,0.0002268,DOC *G,0.61
2019-069A,44634,PALISADE,109.77,87.89,1223,1209,0.0009459,,0.53
2019-070A,44637,TJS-4,1436.12,0.04,35809,35766,0.000508,*G,0.36
2019-072A,44703,GAOFEN-7,94.66,97.31,510,494,0.0011198,,0.28
2019-073A,44709,BEIDOU-3 IGSO-3,1435.83,55.68,35955,35608,0.0041145,*G,1.37
2019-074B,44714,STARLINK-1008,95.59,53.05,548,546,0.0001449,,0.67
2019-074C,44715,STARLINK-1009,91.16,53.05,332,330,0.000149,,0.25
2019-074D,44716,STARLINK-1010,95.59,53.05,548,546,0.0001346,,0.53
2019-074E,44717,STARLINK-1011,95.59,53.06,548,546,0.0001713,,0.6
2019-074F,44718,STARLINK-1012,95.59,53.05,548,546,0.0001703,,0.76
2019-074G,44719,STARLINK-1013,95.59,53.05,548,546,0.0001756,,0.62
2019-074H,44720,STARLINK-1014,94.2,53.06,483,476,0.0004926,,0.53
2019-074J,44721,STARLINK-1015,95.59,53.05,548,546,0.0001452,,0.65
2019-074L,44723,STARLINK-1017,95.59,53.05,548,546,0.0001503,,0.6
2019-074M,44724,STARLINK-1019,95.59,53.05,548,546,0.000143,,0.63
2019-074N,44725,STARLINK-1020,95.59,53.05,548,546,0.000137,,0.63
2019-074P,44726,STARLINK-1021,95.59,53.05,548,546,0.0001487,,0.64
2019-074V,44732,STARLINK-1027,92.36,53.06,390,390,0.0000198,,0.61
2019-074W,44733,STARLINK-1028,90.63,53.04,308,303,0.000402,,0.25
2019-074X,44734,STARLINK-1029,95.59,53.05,548,546,0.0001367,,0.83
2019-074Y,44735,STARLINK-1030,95.59,53.05,548,546,0.0001539,,0.57
2019-074Z,44736,STARLINK-1031,95.59,53.05,548,546,0.0001458,,0.62
2019-074AA,44737,STARLINK-1032,91.65,53.05,357,354,0.0002534,,0.55
2019-074AD,44740,STARLINK-1035,92.1,53.05,378,377,0.0001038,,0.6
2019-074AE,44741,STARLINK-1036,95.59,53.05,548,546,0.0001597,,0.47
2019-074AG,44743,STARLINK-1038,90.66,53.05,310,303,0.0005198,,0.25
2019-074AH,44744,STARLINK-1039,95.59,53.06,548,546,0.0001279,,0.54
2019-074AL,44747,STARLINK-1042,93.99,53.05,471,469,0.0001578,,0.51
2019-074AM,44748,STARLINK-1043,95.59,53.05,548,546,0.0001453,,0.56
2019-074AQ,44751,STARLINK-1046,95.59,53.05,549,545,0.0002715,,0.61
2019-074AR,44752,STARLINK-1047,94.98,53.05,521,514,0.0004921,,0.61
2019-074AS,44753,STARLINK-1048,95.59,53.05,548,546,0.0001378,,0.52
2019-074AW,44757,STARLINK-1052,91.5,53.02,352,345,0.0004816,,0.5
2019-074AX,44758,STARLINK-1053,94.73,53.06,506,504,0.0001333,,0.6
2019-074AY,44759,STARLINK-1054,95.59,53.05,548,546,0.000117,,0.58
2019-074BA,44761,STARLINK-1056,95.59,53.05,548,547,0.0000574,,0.32
2019-074BB,44762,STARLINK-1057,95.59,53.06,548,546,0.0001595,,0.58
2019-074BC,44763,STARLINK-1058,92.02,53.05,378,370,0.0005908,,0.59
2019-074BE,44765,STARLINK-1060,95.59,53.05,548,546,0.0001292,,0.57
2019-074BF,44766,STARLINK-1061,90.22,53.05,289,281,0.0005919,*D,0.5
2019-074BG,44767,STARLINK-1062,91.76,53.05,367,355,0.0008564,,0.25
2019-074BH,44768,STARLINK-1063,95.59,53.05,548,546,0.0001053,,0.56
2019-074BL,44771,STARLINK-1067,95.59,53.05,548,546,0.0001277,,0.57
2019-074BM,44772,STARLINK-1068,95.59,53.05,548,546,0.0001766,,0.64
2019-075A,44777,JILIN-1 GAOFEN 2A,94.52,97.55,502,488,0.0010398,,0.23
2019-076A,44779,NINGXIA-1 1,102.72,45.01,896,879,0.0011678,,0.26
2019-076B,44780,NINGXIA-1 2,102.71,45.01,893,881,0.0008154,,0.27
2019-076C,44781,NINGXIA-1 3,102.72,45,895,880,0.0010404,,0.22
2019-076D,44782,NINGXIA-1 4,102.72,45.01,897,878,0.0012973,,0.23
2019-076E,44783,NINGXIA-1 5,102.72,45.01,896,879,0.0011491,,0.24
2019-077A,44785,KL-ALPHA A,106.2,88.91,1059,1042,0.0011541,,0.52
2019-077B,44786,KL-ALPHA B,106.2,88.89,1070,1031,0.002572,,0.53
2019-078A,44793,BEIDOU-3 M22,773.23,54.39,21547,21509,0.0006678,,1.13
2019-078B,44794,BEIDOU-3 M21,773.25,54.37,21542,21515,0.0004803,,3.15
2019-080A,44800,TIBA-1,1436.05,0.05,35793,35778,0.0001789,*G,0.6
2019-080B,44801,INMARSAT GX5,1436.09,0.04,35797,35776,0.0002398,*G,0.25
2019-081A,44804,CARTOSAT-3,94.79,97.5,518,499,0.0014118,,0.25
2019-082A,44819,GAOFEN-12 01,97.23,97.82,628,624,0.0002961,,0.25
2019-086A,44836,JILIN-1 GAOFEN 2B,95.18,97.55,538,517,0.0015752,,0.26
2019-088A,44850,COSMOS 2544 [GLONASS-M],675.73,65.29,19168,19092,0.001475,,0.96
2019-089C,44854,DUCHIFAT-3,94,36.95,477,464,0.0009576,,0.81
2019-089F,44857,RISAT-2BR1,95.96,36.96,574,556,0.0013064,,0.37
2019-089H,44859,IHOPSAT-TD,95.54,36.97,549,540,0.0006507,,0.57
2019-090A,44864,BEIDOU-3 M19,773.23,56.11,21581,21475,0.0019112,,1.27
2019-090B,44865,BEIDOU-3 M20,773.23,56.11,21574,21482,0.0016513,,0.8
2019-091A,44868,JCSAT-18 (KACIFIC 1),1436.11,0.04,35787,35786,0.0000129,*G,0.79
2019-092A,44873,CSG-1,97.16,97.89,623,622,0.0001259,,0.3
2019-092B,44874,CHEOPS,98.54,98.15,696,682,0.0009489,,0.57
2019-092D,44876,ANGELS,93.83,97.46,467,457,0.0007342,,0.86
2019-093A,44879,TIANQIN 1 (CAS-6),96.59,97.82,603,587,0.0011469,,0.28
2019-093B,44880,ETRSS-1,96.58,97.82,603,587,0.0011615,,0.26
2019-093C,44881,TIANYAN 01,96.97,97.81,623,604,0.0013257,,0.24
2019-093D,44882,TIANYAN 02,96.26,97.83,587,572,0.001137,,0.26
2019-093E,44883,CBERS 4A,97.19,97.81,626,622,0.0003271,,0.31
2019-093F,44884,WEILAI 1R,96.4,97.82,593,579,0.0009852,,0.32
2019-093G,44885,FLORIPASAT-1,96.28,97.83,588,573,0.001044,,0.29
2019-093H,44886,SHUNTIAN,96.58,97.83,604,587,0.0012204,,0.29
2019-095A,44903,ELEKTRO-L 3,1436.1,0.07,35794,35779,0.0001719,*G,0.35
2019-096A,44905,GONETS-M 14,115.86,82.52,1505,1484,0.0013622,,0.53
2019-096B,44906,GONETS-M 15,115.86,82.52,1506,1483,0.0015063,,0.42
2019-096C,44907,GONETS-M 16,115.86,82.52,1503,1486,0.0010394,,0.55
2019-096E,44909,RS-44 & BREEZE-KM R/B,112.52,82.52,1510,1176,0.0216332,,0.56
2019-097A,44910,SHIJIAN-20 (SJ-20),1436.11,3.6,35816,35758,0.000689,*G,0.72
2020-001A,44914,STARLINK-1073,91.93,53.05,370,368,0.0001017,,0.5
2020-001B,44915,STARLINK-1084,90.48,53.04,303,293,0.0007215,,0.5
2020-001D,44917,STARLINK-1098,95.59,53.06,548,546,0.0001548,,0.46
2020-001G,44920,STARLINK-1102,91.47,53.04,351,342,0.0006225,,0.5
2020-001H,44921,STARLINK-1103,92.77,53.05,411,409,0.0001257,,0.5
2020-001J,44922,STARLINK-1104,95.59,53.06,548,546,0.0001715,,0.58
2020-001K,44923,STARLINK-1106,92.25,53.01,387,382,0.0003588,,0.6
2020-001M,44925,STARLINK-1112,95.59,53.06,548,546,0.0001361,,1.15
2020-001P,44927,STARLINK-1114,95.59,53.06,549,546,0.000172,,0.47
2020-001S,44930,STARLINK-1123,95.59,53.06,548,546,0.000166,,0.46
2020-001U,44932,STARLINK-1130 (DARKSAT),92.39,53.05,392,390,0.0001446,,0.5
2020-001V,44933,STARLINK-1144,94.83,53.06,512,509,0.000225,,0.51
2020-001W,44934,STARLINK-1071,95.59,53.06,548,546,0.0001832,,0.5
2020-001Z,44937,STARLINK-1079,93.35,53.05,443,434,0.0006594,,0.5
2020-001AC,44940,STARLINK-1091,95.59,53.06,548,546,0.0001632,,0.8
2020-001AD,44941,STARLINK-1094,95.59,53.06,549,546,0.000194,,0.51
2020-001AE,44942,STARLINK-1096,92.97,53,423,418,0.000371,,0.55
2020-001AH,44945,STARLINK-1109,92.16,53.05,381,379,0.0001619,,1.3
2020-001AM,44949,STARLINK-1122,95.59,53.06,548,546,0.0001779,,0.55
2020-001AQ,44952,STARLINK-1117,95.59,53.06,548,546,0.0001777,,1.24
2020-001AS,44954,STARLINK-1066,95.59,53.06,548,546,0.0001579,,0.87
2020-001AX,44959,STARLINK-1076,91.48,53.05,349,344,0.0003713,,0.25
2020-001AZ,44961,STARLINK-1080,95.59,53.06,548,546,0.0001374,,0.56
2020-001BE,44966,STARLINK-1088,92.16,53.06,386,375,0.0008463,,0.25
2020-001BG,44968,STARLINK-1090,95.59,53.06,548,546,0.0001824,,0.55
2020-001BH,44969,STARLINK-1092,93.67,53.05,455,453,0.0001248,,0.25
2020-001BJ,44970,STARLINK-1093,92.56,53.05,403,397,0.0005111,,0.9
2020-001BL,44972,STARLINK-1107,94.49,53.03,496,492,0.0003139,,0.89
2020-001BM,44973,STARLINK-1115,93.89,53.05,467,462,0.0003394,,0.65
2020-002A,44978,TJS-5,1436.16,0.5,35807,35768,0.0004641,*G,0.68
2020-003A,45016,JILIN-1 KUANFU 01,95.26,97.56,535,527,0.0006425,,1.39
2020-004A,45024,YINHE-1,97.43,86.4,645,626,0.0013657,,0.29
2020-005A,45026,GSAT-30,1436.12,0.05,35789,35785,0.0000529,*G,0.36
2020-005B,45027,EUTELSAT KONNECT,1436.13,0.06,35790,35784,0.0000659,*G,0.38
2020-006A,45044,STARLINK-1132,95.59,53.06,548,546,0.0001407,,0.66
2020-006D,45047,STARLINK-1131,95.59,53.06,548,546,0.0001832,,0.62
2020-006E,45048,STARLINK-1134,95.46,53.06,543,539,0.0002933,,0.89
2020-006J,45052,STARLINK-1148,93.48,53.06,449,441,0.0005692,,0.56
2020-006L,45054,STARLINK-1156,95.59,53.05,548,546,0.0001367,,0.65
2020-006P,45057,STARLINK-1159,95.59,53.06,548,547,0.0001029,,0.63
2020-006Q,45058,STARLINK-1162,92.35,53.05,391,388,0.0002418,,0.5
2020-006S,45060,STARLINK-1166,95.59,53.06,548,546,0.0001906,,0.62
2020-006T,45061,STARLINK-1169,95.59,53.06,548,546,0.00016,,0.61
2020-006U,45062,STARLINK-1171,95.59,53.06,549,546,0.0002232,,0.63
2020-006W,45064,STARLINK-1133,95.59,53.06,548,546,0.0001347,,0.35
2020-006Y,45066,STARLINK-1145,89.51,53.04,253,247,0.0003972,*D,0.58
2020-006Z,45067,STARLINK-1150,95.59,53.05,548,546,0.0001703,,0.29
2020-006AA,45068,STARLINK-1161,93.88,53.03,468,461,0.0005221,,0.59
2020-006AD,45071,STARLINK-1167,95.59,53.06,548,546,0.0001215,,0.39
2020-006AE,45072,STARLINK-1168,95.59,53.06,549,546,0.0002072,,0.52
2020-006AF,45073,STARLINK-1170,95.59,53.06,548,546,0.0001429,,0.43
2020-006AG,45074,STARLINK-1172,95.59,53.05,548,546,0.0001396,,0.31
2020-006AH,45075,STARLINK-1174,95.59,53.06,547,547,0.0000363,,0.28
2020-006AL,45078,STARLINK-1177,90.85,53.05,321,311,0.0007038,,0.25
2020-006AN,45080,STARLINK-1153,95.59,53.06,548,546,0.0001681,,0.26
2020-006AP,45081,STARLINK-1151,95.59,53.06,548,546,0.0001414,,0.28
2020-006AR,45083,STARLINK-1190,95.59,53.06,549,546,0.0002021,,0.93
2020-006AS,45084,STARLINK-1173,95.59,53.05,549,545,0.0002575,,0.29
2020-006AT,45085,STARLINK-1179,95.59,53.05,549,546,0.0001868,,0.75
2020-006AV,45087,STARLINK-1185,95.59,53.05,548,546,0.0001484,,0.37
2020-006AW,45088,STARLINK-1183,95.59,53.05,548,546,0.0001672,,0.35
2020-006AY,45090,STARLINK-1176,95.59,53.06,548,546,0.0001253,,0.36
2020-006BA,45092,STARLINK-1137,95.21,53.05,532,525,0.0004924,,0.57
2020-006BB,45093,STARLINK-1142,94.82,53.05,511,509,0.0001649,,0.6
2020-006BC,45094,STARLINK-1146,95.59,53.06,549,546,0.00018,,0.38
2020-006BD,45095,STARLINK-1147,95.59,53.06,549,546,0.0002497,,0.58
2020-006BE,45096,STARLINK-1152,95.51,53.06,545,542,0.0002346,,0.59
2020-006BG,45098,STARLINK-1184,95.59,53.06,548,546,0.0001533,,0.33
2020-006BH,45099,STARLINK-1186,90.41,53.05,298,291,0.0005052,*D,0.25
2020-006BJ,45100,STARLINK-1193,95.59,53.05,548,546,0.0001313,,0.27
2020-008A,45131,ONEWEB-0013,109.97,87.87,1226,1225,0.0000541,,0.6
2020-008B,45132,ONEWEB-0017,109.89,87.89,1223,1220,0.0001828,,0.63
2020-008C,45133,ONEWEB-0020,109.89,87.89,1223,1220,0.0001746,,0.66
2020-008D,45134,ONEWEB-0021,109.89,87.89,1223,1221,0.0001493,,0.65
2020-008F,45136,ONEWEB-0023,109.89,87.89,1223,1221,0.0001485,,0.26
2020-008G,45137,ONEWEB-0024,109.89,87.89,1223,1221,0.0001567,,0.67
2020-008H,45138,ONEWEB-0025,109.89,87.89,1223,1221,0.0001032,,0.65
2020-008J,45139,ONEWEB-0026,109.81,87.89,1219,1216,0.0001876,,0.68
2020-008K,45140,ONEWEB-0028,109.8,87.89,1219,1217,0.0001091,,0.8
2020-008L,45141,ONEWEB-0032,109.89,87.89,1223,1221,0.0001381,,0.63
2020-008M,45142,ONEWEB-0033,109.89,87.89,1223,1220,0.0001784,,0.66
2020-008N,45143,ONEWEB-0035,109.89,87.89,1223,1220,0.0001674,,0.24
2020-008P,45144,ONEWEB-0036,109.89,87.89,1223,1221,0.0001463,,0.25
2020-008Q,45145,ONEWEB-0038,109.81,87.89,1219,1217,0.0001216,,0.68
2020-008R,45146,ONEWEB-0039,109.89,87.89,1222,1221,0.0000963,,0.65
2020-008S,45147,ONEWEB-0040,109.89,87.89,1223,1221,0.0001556,,0.66
2020-008U,45149,ONEWEB-0043,109.89,87.89,1223,1221,0.0001182,,0.66
2020-008V,45150,ONEWEB-0044,109.89,87.89,1223,1221,0.0001333,,0.63
2020-008W,45151,ONEWEB-0045,109.81,87.89,1219,1216,0.0001631,,0.67
2020-008X,45152,ONEWEB-0047,109.89,87.89,1223,1221,0.0001524,,0.64
2020-008Y,45153,ONEWEB-0048,109.89,87.89,1223,1221,0.0001556,,0.64
2020-008Z,45154,ONEWEB-0049,109.89,87.89,1223,1220,0.0001615,,0.64
2020-008AA,45155,ONEWEB-0051,109.81,87.89,1219,1216,0.0001817,,0.68
2020-008AB,45156,ONEWEB-0052,109.89,87.89,1223,1221,0.0001472,,0.64
2020-008AC,45157,ONEWEB-0053,109.89,87.89,1223,1221,0.0001263,,0.66
2020-008AD,45158,ONEWEB-0054,109.89,87.89,1223,1220,0.0001647,,0.63
2020-008AE,45159,ONEWEB-0056,109.89,87.89,1223,1221,0.0001485,,0.65
2020-008AF,45160,ONEWEB-0057,109.89,87.89,1223,1221,0.0001426,,0.64
2020-008AG,45161,ONEWEB-0058,109.89,87.89,1223,1220,0.0001655,,0.65
2020-008AH,45162,ONEWEB-0059,109.89,87.89,1223,1220,0.0001635,,0.66
2020-008AJ,45163,ONEWEB-0062,109.89,87.89,1223,1220,0.0001928,,0.25
2020-008AK,45164,ONEWEB-0065,109.89,87.89,1223,1221,0.0001468,,0.65
2020-012A,45178,STARLINK-1138,88.72,53.03,212,210,0.0001944,*D,0.14
2020-012B,45179,STARLINK-1143,95.33,53.05,537,532,0.0003746,,0.91
2020-012D,45181,STARLINK-1200,95.59,53.05,548,546,0.0001329,,1.04
2020-012E,45182,STARLINK-1201,95.59,53.05,548,546,0.0001559,,0.95
2020-012F,45183,STARLINK-1202,95.59,53.05,548,546,0.000126,,1
2020-012G,45184,STARLINK-1205,91.48,53.05,351,343,0.0006164,,0.5
2020-012H,45185,STARLINK-1216,95.59,53.05,548,546,0.000153,,0.28
2020-012J,45186,STARLINK-1224,95.59,53.05,548,546,0.0001568,,1
2020-012K,45187,STARLINK-1225,95.59,53.05,548,546,0.0001432,,0.93
2020-012L,45188,STARLINK-1228,95.59,53.05,548,546,0.0001481,,0.99
2020-012M,45189,STARLINK-1230,95.59,53.05,548,546,0.000151,,0.99
2020-012N,45190,STARLINK-1234,95.59,53.05,548,546,0.0001484,,0.97
2020-012P,45191,STARLINK-1236,90.1,53.05,282,276,0.0004329,*D,0.25
2020-012Q,45192,STARLINK-1237,95.59,53.05,548,546,0.0001728,,0.87
2020-012S,45194,STARLINK-1240,95.59,53.05,548,547,0.0000934,,1.02
2020-012U,45196,STARLINK-1244,95.59,53.05,548,546,0.0001478,,1.03
2020-012V,45197,STARLINK-1269,95.59,53.05,548,546,0.0001406,,0.98
2020-012W,45198,STARLINK-1154,95.59,53.05,548,546,0.000129,,1.05
2020-012Z,45201,STARLINK-1199,95.59,53.05,548,546,0.0001555,,0.98
2020-012AC,45204,STARLINK-1206,95.59,53.05,548,546,0.0001353,,1.08
2020-012AD,45205,STARLINK-1208,95.59,53.05,548,546,0.0001492,,0.33
2020-012AE,45206,STARLINK-1209,95.59,53.06,548,546,0.0001696,,1.1
2020-012AF,45207,STARLINK-1210,94.89,53.05,514,513,0.0001042,,0.97
2020-012AJ,45210,STARLINK-1219,95.59,53.05,548,546,0.0001211,,0.97
2020-012AL,45212,STARLINK-1231,95.59,53.05,548,546,0.0001413,,0.34
2020-012AR,45217,STARLINK-1271,95.59,53.05,548,546,0.0001438,,0.33
2020-012AT,45219,STARLINK-1187,92.72,53.05,411,405,0.0004487,,0.45
2020-012AV,45221,STARLINK-1189,91.61,53.05,356,351,0.0003156,,0.25
2020-012AW,45222,STARLINK-1191,95.59,53.06,549,546,0.0002126,,1.18
2020-012AX,45223,STARLINK-1212,95.59,53.05,548,546,0.0001493,,1.1
2020-012AZ,45225,STARLINK-1215,95.59,53.06,548,546,0.0001568,,1.14
2020-012BA,45226,STARLINK-1217,95.59,53.05,548,546,0.0001454,,1
2020-012BB,45227,STARLINK-1221,94.41,53.07,493,486,0.0004994,,1.21
2020-012BC,45228,STARLINK-1222,95.59,53.06,548,546,0.0001706,,1.17
2020-012BD,45229,STARLINK-1226,95.59,53.05,548,546,0.0001274,,1.08
2020-012BE,45230,STARLINK-1227,95.59,53.06,548,546,0.0001525,,1.08
2020-012BG,45232,STARLINK-1235,92.09,53.06,383,371,0.0008555,,0.25
2020-012BH,45233,STARLINK-1238,95.59,53.05,548,546,0.0001374,,1.03
2020-012BK,45235,STARLINK-1246,95.59,53.05,548,546,0.0001341,,0.27
2020-012BL,45236,STARLINK-1247,95.59,53.05,548,546,0.0001638,,1.15
2020-012BM,45237,STARLINK-1270,95.59,53.05,548,546,0.0001425,,1.2
2020-013A,45245,JCSAT-17,1436.08,5.49,35804,35768,0.0004297,*G,0.79
2020-013B,45246,GEO-KOMPSAT-2B,1436.1,0.03,35790,35783,0.0000795,*G,1.44
2020-015A,45254,MERIDIAN 9,717.76,65.07,38656,1698,0.6958777,,0.47
2020-017A,45344,BEIDOU-3 G2,1436.09,2.63,35799,35774,0.0003044,*G,1.02
2020-018A,45358,COSMOS 2545 [GLONASS-M],675.73,64.65,19156,19103,0.0010438,,1.24
2020-019A,45360,STARLINK-1279,95.59,53.05,548,546,0.0001581,,0.64
2020-019B,45361,STARLINK-1301,95.59,53.05,548,546,0.0001158,,0.78
2020-019C,45362,STARLINK-1306,95.59,53.05,548,546,0.0001364,,0.74
2020-019G,45366,STARLINK-1262,95.59,53.05,548,546,0.0001694,,0.75
2020-019H,45367,STARLINK-1273,95.59,53.05,548,546,0.0001348,,0.6
2020-019J,45368,STARLINK-1276,95.59,53.05,548,546,0.0001274,,0.56
2020-019K,45369,STARLINK-1277,95.59,53.05,548,546,0.0001512,,0.7
2020-019L,45370,STARLINK-1281,95.59,53.05,548,546,0.0001454,,0.71
2020-019P,45373,STARLINK-1295,93.52,53.05,447,446,0.0001021,,0.25
2020-019Q,45374,STARLINK-1300,95.59,53.05,548,546,0.0001494,,0.55
2020-019R,45375,STARLINK-1302,95.59,53.05,548,546,0.0001429,,0.67
2020-019S,45376,STARLINK-1304,95.59,53.05,548,546,0.0001383,,0.58
2020-019T,45377,STARLINK-1305,95.59,53.05,548,546,0.0001402,,0.69
2020-019V,45379,STARLINK-1319,95.59,53.05,548,546,0.0001389,,0.7
2020-019W,45380,STARLINK-1207,90.3,53.04,293,285,0.0006115,*D,0.25
2020-019X,45381,STARLINK-1258,95.59,53.05,548,546,0.0001137,,0.76
2020-019Z,45383,STARLINK-1266,95.59,53.05,548,546,0.0001383,,0.76
2020-019AA,45384,STARLINK-1267,95.59,53.05,548,546,0.0001382,,0.64
2020-019AC,45386,STARLINK-1272,95.59,53.05,548,546,0.0001317,,0.64
2020-019AD,45387,STARLINK-1274,95.59,53.05,548,546,0.0001211,,0.62
2020-019AE,45388,STARLINK-1280,95.59,53.05,548,546,0.0001283,,0.58
2020-019AF,45389,STARLINK-1283,95.59,53.05,548,546,0.0001403,,0.6
2020-019AG,45390,STARLINK-1284,95.59,53.05,548,546,0.0001264,,0.63
2020-019AK,45393,STARLINK-1291,90.79,53.05,316,311,0.0004141,,0.5
2020-019AL,45394,STARLINK-1292,95.59,53.05,548,546,0.0001448,,0.75
2020-019AM,45395,STARLINK-1297,95.59,53.05,548,546,0.0001312,,0.59
2020-019AN,45396,STARLINK-1303,91.75,53.05,361,359,0.0001573,,0.68
2020-019AP,45397,STARLINK-1307,95.59,53.05,548,546,0.0001355,,0.73
2020-019AQ,45398,STARLINK-1312,95.59,53.05,548,546,0.0001129,,0.74
2020-019AR,45399,STARLINK-1255,95.59,53.05,548,546,0.0001327,,0.76
2020-019AS,45400,STARLINK-1213,90.88,53.07,323,313,0.0007175,,0.25
2020-019AT,45401,STARLINK-1256,93.67,53.06,455,453,0.0001286,,0.75
2020-019AV,45403,STARLINK-1259,95.59,53.05,548,546,0.0001359,,0.61
2020-019AW,45404,STARLINK-1260,95.59,53.06,548,546,0.0001319,,0.73
2020-019AX,45405,STARLINK-1263,95.59,53.06,548,546,0.0001492,,0.68
2020-019AY,45406,STARLINK-1265,95.59,53.06,548,546,0.0001307,,0.67
2020-019AZ,45407,STARLINK-1275,92.74,53.05,411,407,0.0002681,,0.25
2020-019BA,45408,STARLINK-1278,95.59,53.05,548,546,0.0001367,,0.64
2020-019BB,45409,STARLINK-1282,92.95,53.05,420,418,0.0001163,,0.5
2020-019BD,45411,STARLINK-1293,94.05,53.05,473,472,0.0001143,,0.83
2020-019BE,45412,STARLINK-1296,95.59,53.05,548,546,0.0001277,,0.73
2020-019BF,45413,STARLINK-1298,95.59,53.05,548,546,0.0001544,,0.64
2020-019BG,45414,STARLINK-1309,95.59,53.06,548,546,0.0001381,,0.65
2020-019BH,45415,STARLINK-1316,95.59,53.05,548,546,0.0001292,,0.76
2020-019BJ,45416,STARLINK-1318,95.59,53.05,548,546,0.0001148,,0.66
2020-019BK,45417,STARLINK-1286,95.59,53.05,548,546,0.0001305,,0.59
2020-019BM,45419,STARLINK-1308,95.59,53.05,548,546,0.0001425,,0.52
2020-020A,45424,ONEWEB-0066,109.8,87.89,1219,1217,0.0001396,,0.69
2020-020B,45425,ONEWEB-0067,109.8,87.89,1219,1217,0.0001466,,0.73
2020-020C,45426,ONEWEB-0080,109.8,87.89,1219,1216,0.0001822,,0.72
2020-020D,45427,ONEWEB-0090,109.8,87.89,1219,1216,0.0001724,,0.24
2020-020E,45428,ONEWEB-0061,109.81,87.89,1219,1216,0.0001667,,0.67
2020-020F,45429,ONEWEB-0081,109.8,87.89,1219,1217,0.0001485,,0.69
2020-020G,45430,ONEWEB-0069,109.8,87.89,1219,1216,0.0001805,,0.7
2020-020H,45431,ONEWEB-0031,109.8,87.89,1219,1216,0.0001791,,0.73
2020-020J,45432,ONEWEB-0027,109.29,87.91,1195,1192,0.0002076,,0.77
2020-020K,45433,ONEWEB-0064,109.8,87.89,1219,1216,0.0001896,,0.73
2020-020L,45434,ONEWEB-0018,109.8,87.89,1219,1216,0.0001717,,0.7
2020-020M,45435,ONEWEB-0083,109.8,87.89,1219,1216,0.0001745,,0.71
2020-020N,45436,ONEWEB-0095,109.8,87.89,1219,1216,0.0002065,,0.26
2020-020P,45437,ONEWEB-0092,109.8,87.89,1219,1216,0.0001674,,0.67
2020-020Q,45438,ONEWEB-0085,109.8,87.89,1219,1216,0.000167,,0.71
2020-020R,45439,ONEWEB-0096,109.8,87.89,1219,1217,0.0001509,,0.25
2020-020S,45440,ONEWEB-0037,109.8,87.89,1219,1216,0.0001683,,0.27
2020-020T,45441,ONEWEB-0042,109.8,87.89,1219,1216,0.0001607,,0.72
2020-020U,45442,ONEWEB-0098,109.8,87.89,1219,1216,0.0001927,,0.72
2020-020V,45443,ONEWEB-0055,109.81,87.89,1219,1216,0.0001723,,0.66
2020-020W,45444,ONEWEB-0093,109.8,87.89,1219,1216,0.0001605,,0.68
2020-020X,45445,ONEWEB-0029,109.81,87.89,1219,1217,0.000149,,0.67
2020-020Y,45446,ONEWEB-0068,109.81,87.89,1219,1217,0.0001493,,0.69
2020-020Z,45447,ONEWEB-0046,109.8,87.89,1219,1217,0.0001461,,0.69
2020-020AA,45448,ONEWEB-0063,109.81,87.89,1219,1216,0.0001707,,0.66
2020-020AB,45449,ONEWEB-0019,109.81,87.89,1219,1216,0.0001853,,0.69
2020-020AC,45450,ONEWEB-0094,109.29,87.91,1195,1192,0.0001708,,0.72
2020-020AD,45451,ONEWEB-0087,109.8,87.89,1219,1217,0.0001412,,0.73
2020-020AE,45452,ONEWEB-0082,109.8,87.89,1219,1216,0.000164,,0.66
2020-020AF,45453,ONEWEB-0050,96.44,88,591,585,0.0004626,,0.63
2020-020AG,45454,ONEWEB-0034,109.8,87.89,1219,1216,0.0001685,,0.25
2020-020AH,45455,ONEWEB-0060,109.81,87.89,1219,1216,0.0001669,,0.67
2020-020AJ,45456,ONEWEB-0086,109.81,87.89,1219,1217,0.0001296,,0.69
2020-020AK,45457,ONEWEB-0088,109.8,87.89,1219,1217,0.0001508,,0.71
2020-021A,45460,YAOGAN-30 07A,96.1,35,575,568,0.0005235,,0.22
2020-021B,45461,YAOGAN-30 07B,96.09,34.99,573,570,0.0001789,,0.24
2020-021C,45462,YAOGAN-30 07C,96.1,35,574,570,0.000314,,0.26
2020-022B,45465,AEHF-6 (USA 298),1436.04,3.71,35994,35578,0.004932,,0.79
2020-025A,45531,STARLINK-1329,95.59,53.05,548,546,0.0001432,,0.76
2020-025B,45532,STARLINK-1338,95.59,53.05,548,546,0.0001246,,0.81
2020-025D,45534,STARLINK-1341,90.81,53.04,318,310,0.0006045,,0.25
2020-025E,45535,STARLINK-1350,94.59,53.07,500,498,0.0001199,,0.86
2020-025F,45536,STARLINK-1352,95.42,53.05,540,537,0.000216,,0.73
2020-025H,45538,STARLINK-1362,95.59,53.06,548,546,0.0001431,,0.71
2020-025K,45540,STARLINK-1368,95.59,53.05,548,546,0.0001156,,0.71
2020-025L,45541,STARLINK-1369,93.11,53.05,428,426,0.0001401,,0.5
2020-025M,45542,STARLINK-1371,95.59,53.05,548,546,0.0001337,,0.74
2020-025N,45543,STARLINK-1372,95.59,53.05,548,546,0.0001397,,0.9
2020-025P,45544,STARLINK-1373,95.59,53.05,548,546,0.0001243,,0.75
2020-025Q,45545,STARLINK-1374,90.98,53.04,326,319,0.000555,,0.5
2020-025R,45546,STARLINK-1375,91.7,53.05,358,357,0.0000879,,0.5
2020-025T,45548,STARLINK-1378,90.85,53.04,320,312,0.0006295,,0.25
2020-025V,45550,STARLINK-1390,91.36,53.05,343,339,0.0002649,,0.5
2020-025W,45551,STARLINK-1294,95.58,53.05,548,545,0.0001666,,0.88
2020-025Y,45553,STARLINK-1323,95.59,53.05,548,546,0.0001349,,0.86
2020-025Z,45554,STARLINK-1325,95.18,53.05,529,526,0.0002208,,0.78
2020-025AA,45555,STARLINK-1327,95.59,53.05,548,546,0.0001462,,0.31
2020-025AB,45556,STARLINK-1334,93.67,53.06,455,453,0.0001343,,0.8
2020-025AC,45557,STARLINK-1336,95.59,53.05,548,546,0.0001218,,0.86
2020-025AD,45558,STARLINK-1342,95.59,53.05,548,546,0.0001589,,0.76
2020-025AF,45560,STARLINK-1346,92.24,53.05,385,383,0.0001539,,0.25
2020-025AJ,45563,STARLINK-1355,93.65,53.05,455,451,0.0002693,,0.24
2020-025AK,45564,STARLINK-1356,95.59,53.05,548,546,0.0001209,,0.77
2020-025AL,45565,STARLINK-1357,95.59,53.05,548,547,0.0000788,,0.78
2020-025AM,45566,STARLINK-1358,91.85,53.05,366,365,0.0001136,,0.25
2020-025AN,45567,STARLINK-1361,95.59,53.05,548,546,0.0001285,,0.89
2020-025AP,45568,STARLINK-1363,95.59,53.05,548,546,0.0001395,,0.8
2020-025AQ,45569,STARLINK-1366,95.59,53.05,548,546,0.0001119,,0.88
2020-025AR,45570,STARLINK-1376,95.59,53.05,548,546,0.0001231,,0.89
2020-025AT,45572,STARLINK-1320,95.13,53.05,528,523,0.0003681,,0.26
2020-025AU,45573,STARLINK-1321,95.59,53.06,548,546,0.0001582,,0.77
2020-025AX,45576,STARLINK-1328,95.59,53.05,548,546,0.0001372,,0.92
2020-025AZ,45578,STARLINK-1331,95.59,53.05,548,546,0.0001104,,0.79
2020-025BA,45579,STARLINK-1332,92,53.05,375,371,0.0003115,,0.97
2020-025BB,45580,STARLINK-1333,95.59,53.06,548,546,0.0001656,,0.79
2020-025BC,45581,STARLINK-1335,95.59,53.05,548,546,0.0001252,,0.91
2020-025BD,45582,STARLINK-1337,95.59,53.05,547,547,0.0000295,,0.23
2020-025BH,45586,STARLINK-1347,95.59,53.05,548,546,0.0001211,,0.9
2020-025BJ,45587,STARLINK-1349,95.59,53.05,548,546,0.0001682,,0.8
2020-025BK,45588,STARLINK-1360,95.37,53.05,537,535,0.000152,,0.79
2020-025BL,45589,STARLINK-1364,95.59,53.05,548,546,0.0001207,,0.89
2020-025BM,45590,STARLINK-1365,95.59,53.06,548,546,0.0001323,,0.74
2020-028A,45602,XINGYUN-2 01,95.48,97.46,549,535,0.0010419,,0.28
2020-028B,45603,XINGYUN-2 02,95.48,97.51,549,535,0.0010459,,0.22
2020-031A,45608,COSMOS 2546,717.78,63.1,38251,2104,0.6806009,,0.92
2020-032A,45611,XJS G,92.66,35.03,406,404,0.0002011,,0.25
2020-034B,45625,GAOFEN-9 02,94.53,97.51,496,495,0.0000863,,0.29
2020-035D,45660,STARLINK-1443,95.59,53.05,548,546,0.0001495,,0.56
2020-035E,45661,STARLINK-1444,92.48,53.05,398,394,0.0002614,,1.14
2020-035G,45663,STARLINK-1446,95.21,53.05,530,527,0.0002167,,0.28
2020-035J,45665,STARLINK-1448,95.59,53.05,548,546,0.0001691,,0.95
2020-035K,45666,STARLINK-1449,92.78,53.03,414,407,0.0005018,,0.25
2020-035M,45668,STARLINK-1451,95.59,53.05,548,546,0.0001232,,0.95
2020-035N,45669,STARLINK-1452,95.53,53.05,545,543,0.0001229,,0.94
2020-035P,45670,STARLINK-1453,95.59,53.05,548,546,0.0001656,,0.34
2020-035Q,45671,STARLINK-1454,95.59,53.05,548,546,0.0001541,,0.86
2020-035S,45673,STARLINK-1456,95.59,53.05,548,546,0.0001417,,0.98
2020-035T,45674,STARLINK-1457,95.59,53.05,548,546,0.0001437,,0.97
2020-035U,45675,STARLINK-1458,95.59,53.05,548,546,0.0001508,,0.25
2020-035V,45676,STARLINK-1460,95.59,53.05,548,546,0.0001337,,0.55
2020-035W,45677,STARLINK-1392,95.59,53.05,548,546,0.0001438,,0.87
2020-035X,45678,STARLINK-1393,91.39,53.05,345,341,0.0003175,,0.25
2020-035Y,45679,STARLINK-1394,95.59,53.05,548,546,0.0001218,,0.27
2020-035Z,45680,STARLINK-1395,93.41,53.05,442,440,0.0001455,,0.89
2020-035AB,45682,STARLINK-1397,93.49,53.05,447,444,0.0002608,,1.02
2020-035AC,45683,STARLINK-1399,91.99,53.05,373,371,0.000091,,0.5
2020-035AD,45684,STARLINK-1401,90.15,53.04,286,278,0.0006402,*D,0.25
2020-035AE,45685,STARLINK-1402,95.59,53.05,548,546,0.0001314,,0.97
2020-035AF,45686,STARLINK-1404,95.59,53.05,548,546,0.0001349,,0.98
2020-035AH,45688,STARLINK-1408,90.94,53.07,323,319,0.0002713,,0.5
2020-035AJ,45689,STARLINK-1413,95.59,53.05,548,546,0.0001579,,0.56
2020-035AK,45690,STARLINK-1414,93.31,53.05,438,435,0.0002444,,0.58
2020-035AN,45693,STARLINK-1417,95.59,53.05,548,546,0.0001357,,0.56
2020-035AQ,45695,STARLINK-1420,95.59,53.05,548,546,0.0001578,,1.03
2020-035AR,45696,STARLINK-1422,95.59,53.05,549,546,0.0001824,,0.29
2020-035AS,45697,STARLINK-1351,95.59,53.06,548,546,0.0001434,,0.31
2020-035AU,45699,STARLINK-1398,95.59,53.05,548,546,0.0001484,,1.06
2020-035AV,45700,STARLINK-1400,95.59,53.05,548,546,0.0001428,,0.93
2020-035AW,45701,STARLINK-1403,95.59,53.05,548,546,0.000147,,1.04
2020-035AX,45702,STARLINK-1405,94.9,53.05,514,513,0.0000532,,1.01
2020-035AY,45703,STARLINK-1407,95.11,53.05,526,521,0.000349,,0.32
2020-035BB,45706,STARLINK-1411,95.59,53.05,548,546,0.0001229,,0.62
2020-035BC,45707,STARLINK-1412,92.48,53.05,398,395,0.000217,,1.1
2020-035BD,45708,STARLINK-1418,91.7,53.05,359,357,0.0001704,,1.11
2020-035BF,45710,STARLINK-1423,95.59,53.05,548,546,0.0001199,,0.94
2020-035BG,45711,STARLINK-1433,95.59,53.05,548,546,0.0001545,,0.63
2020-035BH,45712,STARLINK-1434,95.59,53.06,548,546,0.0001495,,0.3
2020-036A,45721,HAIYANG-1D,100.41,98.62,780,776,0.0002267,,0.29
2020-037D,45726,ANDESITE,95.92,97.79,569,557,0.000876,,0.45
2020-037E,45727,M2 PATHFINDER,95.98,97.79,575,557,0.0013217,,1.05
2020-038B,45731,STARLINK-1465,95.59,53.05,548,546,0.0001413,,0.6
2020-038F,45735,STARLINK-1471,94.17,53.06,480,477,0.0001775,,0.57
2020-038J,45738,STARLINK-1474,93.75,53.05,459,457,0.0001327,,0.38
2020-038K,45739,STARLINK-1475,94.18,53.07,480,478,0.0001016,,0.55
2020-038L,45740,STARLINK-1479,87.58,53.04,158,151,0.0005273,*D,0.36
2020-038M,45741,STARLINK-1480,95.59,53.05,548,546,0.0001469,,0.62
2020-038N,45742,STARLINK-1481,93.93,53.06,476,458,0.0013234,,0.61
2020-038Q,45744,STARLINK-1500,95.59,53.05,548,546,0.0001512,,0.57
2020-038R,45745,STARLINK-1503,93.89,53.05,466,464,0.0001403,,0.62
2020-038S,45746,STARLINK-1504,94.82,53.05,511,509,0.0001901,,0.38
2020-038T,45747,STARLINK-1506,95.44,53.05,542,538,0.0003055,,0.33
2020-038U,45748,STARLINK-1507,93.15,53.05,432,425,0.0005301,,0.49
2020-038W,45750,STARLINK-1391,90.88,53.05,321,314,0.0005339,,0.25
2020-038X,45751,STARLINK-1464,95.59,53.05,548,546,0.0001505,,0.55
2020-038Z,45753,STARLINK-1476,94.08,53.04,476,472,0.0002834,,0.57
2020-038AA,45754,STARLINK-1477,95.59,53.05,548,546,0.0001454,,0.6
2020-038AB,45755,STARLINK-1478,95.59,53.05,548,546,0.00018,,0.58
2020-038AC,45756,STARLINK-1484,94.32,53.03,487,484,0.0002113,,0.52
2020-038AE,45758,STARLINK-1487,92.81,53.03,413,411,0.0001884,,0.71
2020-038AF,45759,STARLINK-1493,95.59,53.06,548,546,0.00017,,0.66
2020-038AG,45760,STARLINK-1494,95.59,53.05,548,546,0.0001433,,0.59
2020-038AL,45764,STARLINK-1502,95.59,53.05,548,546,0.0001557,,0.56
2020-038AT,45771,STARLINK-1463,91.72,53.05,360,358,0.0001497,,0.5
2020-038AU,45772,STARLINK-1470,95.59,53.05,548,546,0.0001552,,0.65
2020-038AV,45773,STARLINK-1482,95.59,53.05,548,546,0.0001608,,0.59
2020-038AW,45774,STARLINK-1485,95.59,53.05,548,546,0.0001254,,0.49
2020-038AY,45776,STARLINK-1489,93.3,53.05,441,431,0.000758,,0.5
2020-038AZ,45777,STARLINK-1490,89.46,53.01,252,244,0.0006162,*D,0.63
2020-038BA,45778,STARLINK-1491,93.33,53.05,443,433,0.0007115,,0.66
2020-038BB,45779,STARLINK-1492,89.45,53,253,242,0.0008288,*D,0.57
2020-038BC,45780,STARLINK-1496,95.59,53.05,549,546,0.0002285,,0.56
2020-038BD,45781,STARLINK-1497,94.9,53.05,517,511,0.0004245,,0.52
2020-038BG,45784,STARLINK-1510,94.68,53.06,504,503,0.000104,,0.62
2020-038BJ,45786,STARLINK-1513,95.59,53.05,548,546,0.0001573,,0.6
2020-038BK,45787,STARLINK-1517,95.59,53.05,548,546,0.0001377,,0.66
2020-039A,45794,GAOFEN-9 03,94.54,97.48,508,485,0.0017122,,0.26
2020-040A,45807,BEIDOU-3 G3,1436.12,1.22,35803,35771,0.0003852,*G,0.68
2020-041A,45854,NAVSTAR 79 (USA 304),717.96,56.3,20317,20047,0.0050755,,1.22
2020-042A,45856,GAOFEN DUOMO (GFDM),97.51,97.84,649,631,0.0012729,,0.22
2020-043A,45859,SHIYAN 6 02 (SY-6 02),98.61,98.2,785,600,0.0130795,,0.57
2020-045A,45863,APSTAR-6D,1436.13,0.04,35800,35775,0.0002921,*G,0.82
2020-048A,45920,KOREASAT 116,1436.08,0.02,35791,35782,0.0001062,*G,0.74
2020-051A,45939,ZINYUAN-3,94.66,97.34,506,498,0.0005718,,0.23
2020-053A,45985,EXPRESS 103,1436.12,0.01,35788,35786,0.0000245,*G,0.36
2020-053B,45986,EXPRESS 80,1436.11,0.03,35791,35782,0.0001034,*G,1.06
2020-054A,46025,GAOFEN-9 04,94.47,97.31,501,485,0.001167,,0.23
2020-055A,46027,STARLINK-1522,95.59,53.05,548,546,0.000143,,0.82
2020-055B,46028,STARLINK-1523,95.59,53.05,548,546,0.0001136,,0.67
2020-055C,46029,STARLINK-1526,95.59,53.05,548,546,0.0001077,,0.81
2020-055F,46032,STARLINK-1555,95.59,53.05,548,546,0.0000993,,0.82
2020-055G,46033,STARLINK-1556,95.59,53.05,548,546,0.0001213,,0.84
2020-055H,46034,STARLINK-1557,95.59,53.05,548,546,0.0001429,,0.64
2020-055J,46035,STARLINK-1558,95.59,53.06,548,546,0.0001412,,0.76
2020-055K,46036,STARLINK-1560,95.59,53.05,548,546,0.0001634,,0.78
2020-055L,46037,STARLINK-1565,94.13,53.03,478,475,0.0002547,,0.5
2020-055M,46038,STARLINK-1567,95.59,53.05,548,546,0.0001299,,0.64
2020-055N,46039,STARLINK-1569,95.59,53.05,548,546,0.0001234,,0.76
2020-055Q,46041,STARLINK-1580,93.65,53.05,454,452,0.0001216,,0.82
2020-055R,46042,STARLINK-1581,93.65,53.06,454,452,0.0001285,,0.72
2020-055S,46043,STARLINK-1582,95.59,53.05,548,546,0.0001224,,0.75
2020-055U,46045,STARLINK-1591,95.59,53.05,548,546,0.0001246,,0.66
2020-055W,46047,STARLINK-1524,95.59,53.06,548,546,0.0001207,,0.84
2020-055X,46048,STARLINK-1527,95.59,53.06,548,546,0.0001209,,0.84
2020-055AA,46051,STARLINK-1540,95.59,53.05,548,546,0.0001495,,0.81
2020-055AB,46052,STARLINK-1541,95.59,53.06,548,546,0.0001393,,0.83
2020-055AC,46053,STARLINK-1543,95.59,53.05,548,546,0.0001411,,0.89
2020-055AD,46054,STARLINK-1548,95.59,53.05,548,546,0.0001238,,0.82
2020-055AE,46055,STARLINK-1554,95.59,53.05,548,546,0.0001287,,0.63
2020-055AH,46058,STARLINK-1564,95.59,53.06,548,546,0.0001313,,0.82
2020-055AJ,46059,STARLINK-1570,95.59,53.05,548,546,0.0001323,,0.72
2020-055AK,46060,STARLINK-1572,95.59,53.05,548,546,0.0001464,,0.66
2020-055AL,46061,STARLINK-1573,95.59,53.05,548,546,0.0001204,,0.8
2020-055AN,46063,STARLINK-1577,95.59,53.06,548,546,0.0001081,,0.84
2020-055AP,46064,STARLINK-1583,95.59,53.05,548,546,0.0001443,,0.67
2020-055AR,46066,STARLINK-1525,95.59,53.05,548,546,0.0001126,,0.74
2020-055AU,46069,STARLINK-1533,93.67,53.06,455,453,0.0001236,,0.8
2020-055AV,46070,STARLINK-1536,95.59,53.05,548,546,0.0001292,,0.76
2020-055AY,46073,STARLINK-1542,95.59,53.05,548,546,0.0001166,,0.77
2020-055AZ,46074,STARLINK-1549,95.59,53.05,548,546,0.0001438,,0.72
2020-055BA,46075,STARLINK-1551,95.59,53.05,548,546,0.0001676,,0.76
2020-055BB,46076,STARLINK-1552,95.59,53.05,548,546,0.0001031,,0.86
2020-055BC,46077,STARLINK-1559,95.59,53.05,548,546,0.0001306,,0.88
2020-055BD,46078,STARLINK-1563,92.24,53.06,386,384,0.0001505,,0.25
2020-055BE,46079,STARLINK-1566,95.59,53.06,548,546,0.0001619,,0.78
2020-055BF,46080,STARLINK-1568,95.23,53.05,532,528,0.0003014,,0.73
2020-055BG,46081,STARLINK-1571,93.04,53.05,424,423,0.0001022,,0.5
2020-055BH,46082,STARLINK-1578,95.59,53.05,548,546,0.0001098,,0.77
2020-055BJ,46083,STARLINK-1579,95.59,53.05,548,546,0.0001331,,0.73
2020-056A,46112,BSAT-4B,1436.12,0.06,35789,35785,0.0000521,*G,1.77
2020-056B,46113,MEV-2,1436.08,0.04,35790,35783,0.0000773,DOC *G,0.6
2020-056C,46114,GALAXY 30 (G-30),1436.08,0.02,35795,35778,0.0002036,*G,0.77
2020-057A,46117,STARLINK-1585,95.59,53.06,548,546,0.0001264,,0.89
2020-057B,46118,STARLINK-1588,95.59,53.06,548,546,0.0001817,,0.55
2020-057C,46119,STARLINK-1593,95.59,53.06,548,546,0.0001718,,0.53
2020-057D,46120,STARLINK-1601,95.59,53.06,548,546,0.0001392,,0.84
2020-057F,46122,STARLINK-1604,91.65,53.05,361,349,0.0008958,,0.33
2020-057G,46123,STARLINK-1605,95.59,53.06,548,546,0.0001532,,0.28
2020-057H,46124,STARLINK-1614,95.59,53.05,548,546,0.0001543,,0.28
2020-057J,46125,STARLINK-1618,95.59,53.06,548,546,0.0001502,,0.56
2020-057K,46126,STARLINK-1619,92.82,53.05,418,408,0.0007563,,0.33
2020-057L,46127,STARLINK-1621,95.59,53.06,548,546,0.0001844,,0.6
2020-057M,46128,STARLINK-1622,95.59,53.06,549,545,0.0003013,,0.63
2020-057N,46129,STARLINK-1623,95.59,53.06,548,547,0.0000639,,0.66
2020-057P,46130,STARLINK-1624,95.59,53.06,549,546,0.0001854,,0.63
2020-057Q,46131,STARLINK-1625,95.59,53.06,548,546,0.0001786,,0.61
2020-057R,46132,STARLINK-1630,89.49,53.04,254,244,0.0007223,*D,0.6
2020-057S,46133,STARLINK-1637,91.28,53.04,345,330,0.0011016,,0.25
2020-057U,46135,STARLINK-1639,95.59,53.06,548,546,0.0001448,,0.62
2020-057V,46136,STARLINK-1643,95.59,53.06,549,546,0.0001952,,0.57
2020-057W,46137,STARLINK-1586,95.59,53.06,548,546,0.0001489,,0.62
2020-057X,46138,STARLINK-1590,92.69,53.05,413,400,0.0009186,,0.33
2020-057Z,46140,STARLINK-1594,90.46,53.05,305,289,0.0011689,,0.33
2020-057AA,46141,STARLINK-1596,95.56,53.06,547,544,0.0001825,,0.29
2020-057AB,46142,STARLINK-1597,95.59,53.06,548,546,0.0001888,,0.53
2020-057AD,46144,STARLINK-1606,95.59,53.06,549,546,0.0002061,,0.9
2020-057AF,46146,STARLINK-1608,95.59,53.06,548,546,0.0001673,,0.52
2020-057AG,46147,STARLINK-1611,90.02,53.04,283,268,0.0011526,*D,0.33
2020-057AH,46148,STARLINK-1616,93.31,53.05,437,435,0.0001244,,0.25
2020-057AK,46150,STARLINK-1629,95.59,53.06,549,545,0.0002753,,0.53
2020-057AL,46151,STARLINK-1631,95.59,53.06,548,546,0.0001696,,0.62
2020-057AN,46153,STARLINK-1636,94.79,53.06,512,505,0.0005004,,0.52
2020-057AP,46154,STARLINK-1642,95.59,53.06,548,546,0.0001611,,0.85
2020-057AQ,46155,STARLINK-1667,95.59,53.06,548,546,0.0001605,,0.3
2020-057AR,46156,STARLINK-1545,95.59,53.06,548,546,0.000173,,0.57
2020-057AS,46157,STARLINK-1587,95.59,53.06,548,546,0.0001712,,0.25
2020-057AU,46159,STARLINK-1595,95.59,53.05,548,546,0.0001355,,0.82
2020-057AV,46160,STARLINK-1598,95.59,53.06,548,547,0.00009,,0.89
2020-057AW,46161,STARLINK-1600,93.88,53.05,475,454,0.0015415,,0.33
2020-057AX,46162,STARLINK-1603,92.3,53.04,392,382,0.0006853,,0.5
2020-057AY,46163,STARLINK-1610,95.59,53.06,549,546,0.0001775,,0.65
2020-057AZ,46164,STARLINK-1612,95.59,53.05,548,546,0.0001517,,0.65
2020-057BC,46167,STARLINK-1626,95.59,53.06,549,545,0.0002674,,0.52
2020-057BD,46168,STARLINK-1627,95.59,53.06,548,547,0.0001096,,0.67
2020-057BE,46169,STARLINK-1628,93.3,53.06,437,435,0.0001287,,0.5
2020-057BG,46171,STARLINK-1633,95.59,53.06,549,546,0.0001994,,0.61
2020-057BH,46172,STARLINK-1635,95.59,53.06,548,546,0.0001567,,1.32
2020-057BJ,46173,STARLINK-1640,95.59,53.06,548,546,0.0001792,,0.55
2020-057BK,46174,STARLINK-1641,95.59,53.06,548,546,0.0001789,,0.54
2020-058A,46232,GAOFEN-9 05,94.59,97.28,506,491,0.0011333,,0.29
2020-058C,46234,TIANTUO 5,91.95,97.26,374,366,0.0005673,,0.26
2020-059A,46265,SAOCOM 1B,97.16,97.89,624,621,0.0001495,,0.25
2020-059B,46266,GNOMES-1,96.23,97.84,580,576,0.0003311,,0.97
2020-059C,46267,TYVAK-0172,94.71,97.8,506,503,0.0001539,,0.48
2020-061B,46273,ESAIL,91.09,97.26,329,327,0.000117,,0.27
2020-061C,46274,ION-MK01,93.38,97.27,443,437,0.0003966,,0.33
2020-061D,46275,ATHENA,93.88,97.27,466,463,0.0002426,,0.75
2020-061E,46276,UPMSAT-2,92.88,97.27,416,414,0.0001498,,0.25
2020-061F,46277,NEMO-HD,93.96,97.27,470,466,0.0002916,,0.28
2020-061G,46278,GHGSAT-C1,93.23,97.27,435,431,0.000265,,0.25
2020-061N,46284,DIDO 3,91.91,97.31,369,368,0.0001176,,0.32
2020-061Y,46294,OSM-1 CICERO,92.91,97.32,419,415,0.0002613,,0.76
2020-061BA,46320,NAPA-1,93.93,97.32,468,465,0.0002528,,0.26
2020-062A,46325,STARLINK-1734,95.59,53.06,548,546,0.0001775,,0.53
2020-062B,46326,STARLINK-1654,95.59,53.05,548,546,0.0001438,,0.99
2020-062C,46327,STARLINK-1673,93.87,53.04,464,463,0.0000363,,1.12
2020-062D,46328,STARLINK-1686,95.59,53.05,548,546,0.0001262,,0.99
2020-062E,46329,STARLINK-1695,95.59,53.06,548,546,0.0001584,,0.96
2020-062F,46330,STARLINK-1710,95.59,53.05,548,546,0.000122,,1.17
2020-062G,46331,STARLINK-1719,95.59,53.05,548,546,0.0001165,,1
2020-062J,46333,STARLINK-1723,95.59,53.06,548,546,0.0001283,,0.51
2020-062K,46334,STARLINK-1725,91.03,53.04,334,316,0.0013117,,0.5
2020-062L,46335,STARLINK-1727,95.59,53.05,548,546,0.0001768,,0.95
2020-062M,46336,STARLINK-1738,95.59,53.05,548,546,0.0001274,,1.15
2020-062N,46337,STARLINK-1750,95.59,53.06,548,546,0.0001654,,0.48
2020-062P,46338,STARLINK-1752,95.59,53.05,548,546,0.0001699,,0.96
2020-062R,46340,STARLINK-1759,95.59,53.05,548,546,0.0001453,,1.09
2020-062S,46341,STARLINK-1760,90.77,53.04,314,310,0.000303,,0.5
2020-062T,46342,STARLINK-1762,95.59,53.06,548,546,0.0001532,,1
2020-062U,46343,STARLINK-1764,95.59,53.06,548,546,0.0001831,,1.2
2020-062V,46344,STARLINK-1765,95.59,53.06,548,546,0.0001378,,1.18
2020-062W,46345,STARLINK-1767,95.59,53.05,548,546,0.0001394,,0.98
2020-062Y,46347,STARLINK-1547,95.59,53.06,549,546,0.0002275,,0.49
2020-062Z,46348,STARLINK-1553,95.29,53.05,533,532,0.0001134,,1.16
2020-062AA,46349,STARLINK-1575,95.59,53.05,548,547,0.0000905,,0.52
2020-062AC,46351,STARLINK-1646,95.59,53.05,548,546,0.0001471,,1.15
2020-062AD,46352,STARLINK-1653,95.59,53.06,548,546,0.0001639,,1.17
2020-062AE,46353,STARLINK-1656,95.59,53.05,548,546,0.0001617,,0.97
2020-062AF,46354,STARLINK-1657,95.59,53.06,549,545,0.0003195,,1.18
2020-062AG,46355,STARLINK-1661,95.59,53.05,548,546,0.00014,,1.07
2020-062AH,46356,STARLINK-1665,95.59,53.05,548,546,0.000132,,1.06
2020-062AJ,46357,STARLINK-1666,95.59,53.06,548,546,0.0001774,,1
2020-062AL,46359,STARLINK-1707,95.59,53.06,548,546,0.000161,,1.3
2020-062AM,46360,STARLINK-1713,95.59,53.06,548,546,0.0001707,,0.48
2020-062AN,46361,STARLINK-1722,91.13,53.04,340,321,0.0013947,,0.25
2020-062AP,46362,STARLINK-1726,95.59,53.06,548,546,0.0001594,,0.53
2020-062AQ,46363,STARLINK-1739,93.48,53.04,453,437,0.001241,,0.5
2020-062AR,46364,STARLINK-1763,91.77,53.05,371,353,0.0013455,,0.25
2020-062AT,46366,STARLINK-1651,95.59,53.06,548,546,0.0001636,,1.11
2020-062AX,46370,STARLINK-1670,90.63,53.05,310,301,0.0006915,,0.5
2020-062AZ,46372,STARLINK-1689,94.37,53.05,491,485,0.0004676,,1.14
2020-062BB,46374,STARLINK-1711,91.17,53.04,339,325,0.0010676,,0.25
2020-062BC,46375,STARLINK-1724,95.59,53.06,549,546,0.0001888,,0.52
2020-062BD,46376,STARLINK-1742,95.59,53.05,548,546,0.0001582,,1.23
2020-062BH,46380,STARLINK-1758,90.74,53.05,316,305,0.0008594,,0.25
2020-062BK,46382,STARLINK-1769,95.59,53.06,548,546,0.0001478,,0.49
2020-062BL,46383,STARLINK-1770,95.59,53.05,548,546,0.0001602,,0.96
2020-062BM,46384,STARLINK-1771,95.59,53.05,548,546,0.0001715,,0.36
2020-064A,46396,GAOFEN-11 02,94.5,97.46,502,487,0.0010998,,0.23
2020-065A,46454,JILIN-1 GAOFEN 3B,93.82,97.31,465,457,0.0005702,,0.25
2020-065B,46455,JILIN-1 GAOFEN 3C,93.63,97.31,454,450,0.0002867,,0.24
2020-065C,46456,JILIN-1 GAOFEN 3D,93.57,97.31,452,446,0.0004221,,0.27
2020-065D,46457,JILIN-1 GAOFEN 3E,94.14,97.31,493,461,0.0023476,,0.24
2020-065E,46458,JILIN-1 GAOFEN 3F,94.17,97.3,496,461,0.0025496,,0.24
2020-065F,46459,JILIN-1 GAOFEN 3G,93.82,97.32,470,453,0.0012637,,0.23
2020-065G,46460,JILIN-1 GAOFEN 3H,93.9,97.31,476,455,0.0015034,,0.21
2020-065H,46461,JILIN-1 GAOFEN 3I,93.69,97.31,466,444,0.0015683,,1.65
2020-065J,46462,JILIN-1 GAOFEN 3J,93.86,97.31,468,459,0.0006399,,0.27
2020-066A,46469,HAIYANG-2C,104.09,66,956,948,0.0005396,,0.24
2020-067A,46478,HJ-2A,97.53,97.92,643,638,0.0003781,,0.3
2020-067B,46479,HJ-2B,97.52,97.93,642,638,0.0002606,,0.26
2020-068A,46486,GONETS-M 17,115.86,82.5,1513,1476,0.0023962,,0.29
2020-068B,46487,GONETS-M 18,115.86,82.5,1511,1478,0.0021153,,0.24
2020-068C,46488,GONETS-M 19,115.86,82.5,1506,1483,0.0014897,,0.59
2020-068D,46489,MEZNSAT,92.69,97.83,409,403,0.000416,,0.56
2020-068E,46490,YARILO 1,91.74,97.83,363,357,0.0004555,,0.32
2020-068F,46491,YARILO 2,90.85,97.8,322,311,0.0007865,,0.31
2020-068G,46492,LACUNASAT-3,90.33,97.8,296,285,0.0008176,*D,0.58
2020-068H,46493,DEKART,94.58,97.84,505,491,0.00106,,0.6
2020-068J,46494,NORBI,94.37,97.84,494,481,0.0009345,,0.35
2020-068K,46495,SALSAT,94.78,97.85,515,501,0.0010393,,0.55
2020-068L,46496,ICEYE-X7,94.93,97.69,522,509,0.0009264,,0.29
2020-068M,46497,ICEYE-X6,95.95,98.02,569,560,0.0006335,,0.32
2020-068P,46499,KEPLER-4 (ANTILLES),92.64,97.82,405,403,0.0001559,,0.58
2020-068T,46503,LEMUR-2-NICHOL,90.03,97.79,278,273,0.0003931,*D,0.56
2020-068U,46504,NETSAT-4,94.47,97.83,498,488,0.0007406,,0.63
2020-068V,46505,NETSAT-3,94.53,97.83,501,491,0.0007409,,0.55
2020-068W,46506,NETSAT-1,94.74,97.83,511,501,0.0007182,,0.35
2020-068X,46507,NETSAT-2,94.49,97.83,498,489,0.0006538,,0.86
2020-070A,46532,STARLINK-1644,90.75,53.05,313,309,0.0003254,,0.5
2020-070B,46533,STARLINK-1648,95.59,53.05,548,546,0.0001329,,0.55
2020-070C,46534,STARLINK-1659,93.18,53.05,433,427,0.0004295,,0.7
2020-070D,46535,STARLINK-1663,95.59,53.05,548,546,0.0001559,,0.65
2020-070F,46537,STARLINK-1672,95.59,53.05,548,546,0.0001315,,0.62
2020-070G,46538,STARLINK-1678,95.59,53.05,548,546,0.0001283,,0.64
2020-070K,46541,STARLINK-1687,95.59,53.05,548,546,0.0001281,,0.6
2020-070L,46542,STARLINK-1692,95.59,53.05,548,546,0.0001546,,0.73
2020-070M,46543,STARLINK-1693,94.18,53.06,484,474,0.000739,,0.58
2020-070N,46544,STARLINK-1694,93.2,53.05,442,420,0.0015611,,0.25
2020-070P,46545,STARLINK-1696,94.19,53.05,480,478,0.0001192,,0.25
2020-070Q,46546,STARLINK-1697,92.73,53.05,415,401,0.0010031,,0.25
2020-070T,46549,STARLINK-1700,95.37,53.05,541,532,0.0006531,,0.63
2020-070U,46550,STARLINK-1701,91.62,53.05,356,352,0.0003101,,0.5
2020-070X,46553,STARLINK-1664,95.59,53.05,548,546,0.0001322,,0.61
2020-070Y,46554,STARLINK-1671,91.2,53.03,336,331,0.0003925,,0.25
2020-070AA,46556,STARLINK-1676,95.59,53.05,548,546,0.0001521,,0.7
2020-070AB,46557,STARLINK-1679,95.59,53.05,548,546,0.0001344,,0.58
2020-070AC,46558,STARLINK-1680,95.59,53.05,548,546,0.0001234,,0.58
2020-070AD,46559,STARLINK-1681,95.59,53.05,548,546,0.0001254,,0.59
2020-070AF,46561,STARLINK-1709,90.69,53.04,313,304,0.0006049,,0.5
2020-070AG,46562,STARLINK-1714,95.59,53.05,548,546,0.000138,,0.57
2020-070AH,46563,STARLINK-1730,95.59,53.05,548,546,0.000127,,0.7
2020-070AJ,46564,STARLINK-1733,95.59,53.05,548,546,0.0001447,,0.58
2020-070AK,46565,STARLINK-1735,95.59,53.05,548,546,0.0001021,,0.61
2020-070AL,46566,STARLINK-1740,95.59,53.06,548,546,0.0001429,,0.56
2020-070AM,46567,STARLINK-1741,95.59,53.05,548,546,0.0001277,,0.59
2020-070AS,46572,STARLINK-1531,95.59,53.05,548,546,0.0001729,,0.54
2020-070AU,46574,STARLINK-1660,95.59,53.05,548,546,0.0001235,,0.71
2020-070AV,46575,STARLINK-1675,95.59,53.05,548,546,0.0001442,,0.79
2020-070AW,46576,STARLINK-1677,95.59,53.05,548,546,0.0001369,,0.72
2020-070AX,46577,STARLINK-1682,91.69,53.05,358,357,0.0000782,,0.25
2020-070AY,46578,STARLINK-1683,95.59,53.05,548,546,0.000125,,0.64
2020-070AZ,46579,STARLINK-1705,95.59,53.05,548,546,0.0001522,,0.57
2020-070BA,46580,STARLINK-1708,93.84,53.05,463,462,0.0000824,,0.5
2020-070BB,46581,STARLINK-1712,95.59,53.06,548,546,0.0001706,,0.76
2020-070BC,46582,STARLINK-1728,95.59,53.05,548,546,0.0001365,,0.77
2020-070BD,46583,STARLINK-1729,90.04,53.04,281,271,0.0007547,*D,0.33
2020-070BE,46584,STARLINK-1732,91.3,53.04,342,335,0.0005162,,0.5
2020-070BF,46585,STARLINK-1736,95.59,53.05,548,546,0.0001441,,0.59
2020-070BG,46586,STARLINK-1737,90.9,53.04,322,315,0.0005156,,0.5
2020-070BJ,46588,STARLINK-1746,95.59,53.05,548,546,0.0001569,,0.58
2020-070BK,46589,STARLINK-1749,91.99,53.05,375,369,0.0004183,,0.25
2020-070BM,46591,STARLINK-1755,91.41,53.05,349,339,0.0007038,,0.5
2020-071A,46610,GAOFEN-13 01,1436.11,0.23,35861,35713,0.0017476,*G,0.79
2020-073B,46671,STARLINK-1715,91.89,53.05,375,360,0.0010991,,0.5
2020-073C,46672,STARLINK-1716,95.59,53.06,548,546,0.0001205,,0.36
2020-073E,46674,STARLINK-1718,95.59,53.06,548,546,0.0001336,,0.6
2020-073K,46679,STARLINK-1773,95.59,53.05,548,546,0.0001471,,0.53
2020-073M,46681,STARLINK-1775,95.59,53.06,548,546,0.0001411,,0.56
2020-073N,46682,STARLINK-1776,90.42,53.05,301,289,0.0008854,,0.25
2020-073Q,46684,STARLINK-1780,91.16,53.04,332,331,0.0000941,,0.5
2020-073R,46685,STARLINK-1781,95.59,53.06,549,546,0.000197,,0.33
2020-073T,46687,STARLINK-1784,95.59,53.06,548,547,0.0000936,,0.59
2020-073V,46689,STARLINK-1788,95.59,53.06,548,546,0.0001419,,0.57
2020-073W,46690,STARLINK-1789,95.59,53.06,548,546,0.0001514,,0.36
2020-073X,46691,STARLINK-1790,95.59,53.05,548,546,0.0001486,,0.36
2020-073Y,46692,STARLINK-1791,89.79,53.04,267,262,0.0003931,*D,0.6
2020-073Z,46693,STARLINK-1792,94.02,53.03,474,467,0.0005049,,0.58
2020-073AA,46694,STARLINK-1793,95.59,53.06,548,546,0.0001203,,0.54
2020-073AC,46696,STARLINK-1795,95.59,53.05,548,546,0.0001324,,0.38
2020-073AE,46698,STARLINK-1797,95.59,53.06,548,546,0.0001108,,0.34
2020-073AF,46699,STARLINK-1799,95.59,53.05,548,546,0.0001232,,0.59
2020-073AG,46700,STARLINK-1800,95.59,53.06,548,546,0.0001442,,0.25
2020-073AH,46701,STARLINK-1801,95.59,53.05,548,546,0.0001434,,0.35
2020-073AJ,46702,STARLINK-1802,95.59,53.05,548,546,0.0001272,,0.61
2020-073AK,46703,STARLINK-1803,93.01,53.05,428,417,0.0008119,,0.25
2020-073AM,46705,STARLINK-1805,95.59,53.06,549,546,0.0002003,,0.32
2020-073AN,46706,STARLINK-1807,95.59,53.06,548,546,0.0001684,,0.34
2020-073AP,46707,STARLINK-1808,92.74,53.05,415,402,0.0009806,,0.25
2020-073AR,46709,STARLINK-1810,95.59,53.06,549,546,0.0002146,,0.34
2020-073AU,46712,STARLINK-1814,95.59,53.05,548,546,0.0001401,,0.37
2020-073AV,46713,STARLINK-1815,95.59,53.05,548,546,0.0001369,,0.57
2020-073AW,46714,STARLINK-1816,95.59,53.05,548,546,0.0001446,,0.38
2020-073AX,46715,STARLINK-1817,95.59,53.05,548,546,0.0001165,,0.72
2020-073AY,46716,STARLINK-1818,93.87,53.06,476,452,0.0017942,,0.33
2020-073AZ,46717,STARLINK-1820,95.59,53.05,548,546,0.0001478,,0.57
2020-073BA,46718,STARLINK-1821,95.59,53.05,548,546,0.0001697,,0.26
2020-073BB,46719,STARLINK-1822,95.59,53.05,549,546,0.0001892,,0.61
2020-073BF,46723,STARLINK-1826,95.59,53.06,548,546,0.0001439,,0.54
2020-073BH,46725,STARLINK-1828,95.59,53.06,548,546,0.0001393,,0.34
2020-073BJ,46726,STARLINK-1829,90.39,53.04,299,288,0.0008954,*D,0.5
2020-073BK,46727,STARLINK-1830,95.59,53.06,549,546,0.0002064,,0.62
2020-074B,46740,STARLINK-1848,95.59,53.06,549,546,0.0002274,,0.53
2020-074C,46741,STARLINK-1865,91.27,53.05,344,330,0.0010573,,0.25
2020-074E,46743,STARLINK-1892,95.59,53.06,548,546,0.0001831,,0.52
2020-074F,46744,STARLINK-1894,95.59,53.06,548,546,0.0001769,,0.54
2020-074H,46746,STARLINK-1905,95.59,53.06,548,546,0.0001865,,0.82
2020-074J,46747,STARLINK-1908,90.47,53.04,305,291,0.001056,,0.25
2020-074K,46748,STARLINK-1910,90.21,53.04,290,280,0.0007656,*D,0.25
2020-074L,46749,STARLINK-1911,95.59,53.06,548,546,0.0001748,,0.56
2020-074N,46751,STARLINK-1920,93.01,53.05,431,412,0.0013693,,0.5
2020-074P,46752,STARLINK-1921,90.48,53.05,305,291,0.0010875,,0.25
2020-074Q,46753,STARLINK-1922,95.59,53.06,548,546,0.0001455,,0.52
2020-074S,46755,STARLINK-1924,95.59,53.06,548,546,0.0001464,,0.5
2020-074T,46756,STARLINK-1925,92.11,53.05,379,377,0.0001876,,0.25
2020-074V,46758,STARLINK-1928,95.59,53.06,548,546,0.0001867,,0.52
2020-074W,46759,STARLINK-1833,95.59,53.06,548,546,0.0001734,,0.46
2020-074X,46760,STARLINK-1896,89.3,53.04,246,234,0.0008876,*D,0.54
2020-074AB,46764,STARLINK-1903,94.47,53.04,496,489,0.0005052,,0.5
2020-074AC,46765,STARLINK-1906,91.26,53.05,342,330,0.000877,,0.5
2020-074AD,46766,STARLINK-1916,94.21,53.05,481,480,0.0000604,,0.25
2020-074AE,46767,STARLINK-1917,91.35,53.05,347,334,0.0009697,,0.5
2020-074AH,46770,STARLINK-1932,92.16,53.05,381,380,0.0001297,,0.5
2020-074AK,46772,STARLINK-1936,89.91,53.04,273,268,0.0003756,*D,0.53
2020-074AS,46779,STARLINK-1798,91.9,53.05,374,361,0.0009608,,0.25
2020-074AT,46780,STARLINK-1832,95.59,53.06,548,546,0.0001811,,1.28
2020-074AU,46781,STARLINK-1834,91.14,53.05,334,328,0.0004466,,0.25
2020-074AV,46782,STARLINK-1835,95.59,53.06,548,546,0.0001654,,0.56
2020-074AX,46784,STARLINK-1882,95.59,53.06,548,546,0.0001396,,0.52
2020-074AY,46785,STARLINK-1883,91.31,53.04,347,331,0.0011754,,0.25
2020-074AZ,46786,STARLINK-1893,95.59,53.06,548,546,0.0001679,,0.64
2020-074BB,46788,STARLINK-1929,90.06,53.04,284,271,0.0010445,*D,0.25
2020-074BC,46789,STARLINK-1930,90.83,53.04,323,308,0.0011034,,0.25
2020-074BD,46790,STARLINK-1931,95.59,53.06,549,546,0.0002039,,0.54
2020-074BE,46791,STARLINK-1933,90.74,53.05,318,304,0.0010341,,0.25
2020-074BF,46792,STARLINK-1934,95.59,53.05,548,546,0.0001802,,0.56
2020-074BG,46793,STARLINK-1941,92,53.05,373,371,0.000144,,0.25
2020-074BH,46794,STARLINK-1942,95.59,53.06,548,546,0.000144,,0.53
2020-074BK,46796,STARLINK-1944,95.59,53.06,548,546,0.0001516,,1.28
2020-074BM,46798,STARLINK-1948,90.69,53.05,313,304,0.0006851,,0.25
2020-075A,46805,COSMOS 2547 [GLONASS-K],675.73,64.6,19144,19115,0.0005697,,1.52
2020-076A,46807,YAOGAN-30 08A,96.1,35,573,570,0.0002513,,0.27
2020-076B,46808,YAOGAN-30 08B,96.1,35,574,569,0.0002932,,0.23
2020-076C,46809,YAOGAN-30 08C,96.1,35,577,566,0.0008139,,0.25
2020-076D,46810,TIANQI-6,95.91,35,571,554,0.001288,,0.36
2020-077F,46818,CE-SAT IIB,93.26,97.28,438,430,0.0006227,,0.25
2020-078A,46826,NAVSTAR 80 (USA 309),717.99,54.1,20323,20042,0.0052748,,0.53
2020-081A,46905,RISAT-2BR2,95.96,36.9,575,555,0.0014489,,0.56
2020-081B,46906,KSM1-C,95.03,36.89,525,515,0.0006914,,0.36
2020-081C,46907,KSM1-D,95.08,36.9,528,516,0.0008645,,0.3
2020-081H,46912,KSM1-A,95.05,36.9,525,517,0.0005871,,0.27
2020-081J,46913,R2,95.06,36.9,530,513,0.0012068,,0.62
2020-081K,46914,KSM1-B,95.09,36.9,530,516,0.0010483,,0.28
2020-082A,46916,TIANTONG-1 2,1436.1,1.83,35802,35771,0.0003765,*G,0.79
2020-085AC,46955,DRAGRACER 2 (AUGURY),93.3,97.56,442,431,0.0008131,,0.57
2020-086A,46984,SENTINEL-6,112.42,66.04,1344,1332,0.0007866,,0.81
2020-088A,47122,STARLINK-1777,95.59,53.06,548,546,0.0001821,,0.56
2020-088C,47124,STARLINK-1785,90.76,53.05,313,310,0.000185,,0.5
2020-088E,47126,STARLINK-1812,95.59,53.06,548,546,0.0001621,,0.61
2020-088H,47129,STARLINK-1838,93.3,53.05,446,427,0.0013865,,0.33
2020-088M,47133,STARLINK-1843,95.59,53.06,548,546,0.0001711,,0.63
2020-088P,47135,STARLINK-1845,95.59,53.06,548,546,0.0001652,,0.9
2020-088Q,47136,STARLINK-1846,91.35,53.05,350,332,0.0013188,,0.5
2020-088R,47137,STARLINK-1849,95.59,53.06,548,546,0.0001382,,0.59
2020-088S,47138,STARLINK-1850,92.43,53.05,394,393,0.0001204,,0.5
2020-088T,47139,STARLINK-1852,90.7,53.05,316,303,0.0009756,,0.25
2020-088V,47141,STARLINK-1854,90.65,53.05,314,299,0.0011518,,0.25
2020-088X,47143,STARLINK-1856,95.59,53.06,548,547,0.0000947,,0.63
2020-088Y,47144,STARLINK-1857,91.76,53.05,362,360,0.0001194,,0.25
2020-088AB,47147,STARLINK-1860,93.52,53.02,452,441,0.0008153,,0.27
2020-088AC,47148,STARLINK-1861,95.59,53.06,549,545,0.0002508,,0.91
2020-088AD,47149,STARLINK-1862,95.59,53.06,548,546,0.0001326,,0.88
2020-088AE,47150,STARLINK-1863,95.59,53.06,548,546,0.000138,,0.29
2020-088AF,47151,STARLINK-1864,90.98,53.05,326,320,0.0004467,,0.25
2020-088AG,47152,STARLINK-1866,94.13,53.05,485,468,0.0012924,,0.25
2020-088AH,47153,STARLINK-1867,92.79,53.04,413,410,0.000225,,1.33
2020-088AK,47155,STARLINK-1869,91.54,53.04,357,343,0.0010503,,0.5
2020-088AM,47157,STARLINK-1871,95.59,53.06,549,546,0.0001948,,0.59
2020-088AN,47158,STARLINK-1873,95.59,53.06,548,546,0.0001632,,0.64
2020-088AR,47161,STARLINK-1876,95.59,53.06,548,546,0.0001334,,0.34
2020-088AS,47162,STARLINK-1877,93.48,53.05,453,436,0.0012601,,0.5
2020-088AT,47163,STARLINK-1878,88.77,53.03,219,209,0.0007709,*D,0.62
2020-088AU,47164,STARLINK-1879,92.72,53.04,409,406,0.0002083,,0.31
2020-088AV,47165,STARLINK-1880,90.51,53.05,302,297,0.0003815,,0.5
2020-088BA,47170,STARLINK-1887,89.8,53.04,269,260,0.0006562,*D,0.94
2020-088BB,47171,STARLINK-1888,95.59,53.06,549,546,0.0001931,,0.59
2020-088BD,47173,STARLINK-1890,93.28,53.05,441,429,0.0009077,,0.25
2020-088BF,47175,STARLINK-1895,90.87,53.05,319,315,0.000292,,0.25
2020-088BH,47177,STARLINK-1907,91.76,53.05,371,351,0.0015106,,0.25
2020-088BJ,47178,STARLINK-1912,95.59,53.06,548,546,0.0001435,,0.56
2020-088BK,47179,STARLINK-1913,95.59,53.06,548,546,0.0001826,,0.84
2020-089A,47202,LUCAS (JDRS-1),1436.08,0.04,35799,35773,0.0003092,*G,0.62
2020-090A,47226,FALCON EYE 2,96.98,97.86,615,613,0.0001328,,0.24
2020-091A,47227,GONETS-M 20,115.86,82.5,1510,1479,0.0020041,,0.25
2020-091B,47228,GONETS-M 21,115.86,82.49,1505,1484,0.001392,,0.28
2020-091C,47229,GONETS-M 22,115.86,82.5,1511,1478,0.0021083,,0.3
2020-091D,47230,COSMOS 2548,115.86,82.5,1506,1483,0.0014305,,0.23
2020-092A,47231,GAOFEN-14,94.38,97.29,494,483,0.0007808,,0.28
2020-094A,47234,GECAM-A,96.16,28.99,582,567,0.0011181,,0.84
2020-094B,47235,GECAM-B,96.1,29,579,564,0.0011356,,0.87
2020-096A,47240,SXM-7,1436.1,0.02,35804,35769,0.0004214,*G,0.89
2020-097A,47242,IPM 2 & BREEZE-M R/B,1511.04,3.97,37604,36878,0.0083135,,1.06
2020-099A,47256,CMS-01,1436.11,0.07,35820,35753,0.0007961,*G,0.36
2020-100A,47258,ONEWEB-0102,109.72,87.89,1215,1212,0.0001981,,0.76
2020-100B,47259,ONEWEB-0109,109.72,87.89,1215,1212,0.0001928,,0.75
2020-100C,47260,ONEWEB-0110,109.72,87.89,1215,1212,0.000187,,0.8
2020-100D,47261,ONEWEB-0111,109.72,87.89,1215,1212,0.00019,,0.77
2020-100E,47262,ONEWEB-0114,109.72,87.89,1215,1212,0.0002228,,0.82
2020-100F,47263,ONEWEB-0117,109.72,87.89,1215,1212,0.0001798,,0.75
2020-100G,47264,ONEWEB-0118,109.72,87.89,1215,1212,0.0002055,,0.79
2020-100H,47265,ONEWEB-0119,109.72,87.89,1215,1212,0.0001846,,0.77
2020-100J,47266,ONEWEB-0120,109.72,87.89,1215,1212,0.0002002,,0.74
2020-100K,47267,ONEWEB-0121,109.72,87.89,1215,1212,0.0001779,,0.76
2020-100L,47268,ONEWEB-0122,109.72,87.89,1215,1212,0.0001937,,0.3
2020-100M,47269,ONEWEB-0123,109.72,87.89,1215,1212,0.0001864,,0.31
2020-100N,47270,ONEWEB-0124,109.72,87.89,1215,1212,0.0001631,,0.32
2020-100P,47271,ONEWEB-0125,109.72,87.89,1215,1212,0.0001631,,0.8
2020-100Q,47272,ONEWEB-0126,109.72,87.89,1215,1212,0.0001972,,0.77
2020-100R,47273,ONEWEB-0127,109.72,87.89,1215,1212,0.0001959,,0.81
2020-100S,47274,ONEWEB-0128,109.72,87.89,1215,1212,0.000188,,0.79
2020-100T,47275,ONEWEB-0129,109.72,87.89,1216,1211,0.0003101,,0.81
2020-100U,47276,ONEWEB-0130,109.72,87.89,1215,1212,0.0001875,,0.78
2020-100V,47277,ONEWEB-0131,109.72,87.89,1215,1212,0.0001788,,0.79
2020-100W,47278,ONEWEB-0132,109.72,87.89,1215,1213,0.0001577,,0.76
2020-100X,47279,ONEWEB-0133,109.72,87.89,1215,1212,0.0001789,,0.74
2020-100Y,47280,ONEWEB-0134,109.72,87.89,1215,1212,0.0002059,,0.77
2020-100Z,47281,ONEWEB-0135,109.72,87.89,1215,1212,0.000201,,0.8
2020-100AA,47282,ONEWEB-0136,109.72,87.89,1215,1212,0.0002248,,0.78
2020-100AB,47283,ONEWEB-0137,109.72,87.89,1215,1212,0.0001907,,0.59
2020-100AC,47284,ONEWEB-0138,109.72,87.89,1215,1212,0.0001928,,0.84
2020-100AD,47285,ONEWEB-0139,109.72,87.89,1215,1212,0.0001856,,0.81
2020-100AE,47286,ONEWEB-0140,109.72,87.89,1215,1212,0.0001896,,0.77
2020-100AF,47287,ONEWEB-0141,109.72,87.89,1215,1212,0.0001803,,0.81
2020-100AG,47288,ONEWEB-0142,109.72,87.89,1215,1212,0.0002053,,0.3
2020-100AH,47289,ONEWEB-0143,109.72,87.89,1215,1212,0.0001822,,0.81
2020-100AJ,47290,ONEWEB-0144,109.72,87.89,1215,1212,0.0002171,,0.76
2020-100AK,47291,ONEWEB-0145,109.72,87.89,1215,1212,0.0001963,,0.79
2020-100AL,47292,ONEWEB-0146,109.72,87.89,1215,1213,0.0001422,,0.79
2020-100AM,47293,ONEWEB-0147,109.72,87.89,1215,1212,0.0002023,,0.6
2020-102C,47298,XJY-7,93.54,97.38,453,442,0.0008317,,0.24
2020-103A,47302,YAOGAN-33 01,98.7,98.11,697,696,0.0000512,,0.23
2020-103B,47303,WEINA 2,98.41,98.11,685,680,0.000308,,0.26
2021-001A,47306,TURKSAT 5A,1436.1,0.03,35788,35785,0.0000312,*G,0.6
2021-003A,47321,TIANTONG-1 3,1436.11,2.46,35810,35763,0.0005571,*G,0.61
2021-004A,47346,GMS-T,109.37,90.09,1200,1196,0.0002743,,0.47
2021-005C,47351,STARLINK-2017,95.59,53.05,548,546,0.0001521,,1
2021-005D,47352,STARLINK-2034,95.59,53.05,548,546,0.000161,,0.98
2021-005E,47353,STARLINK-2045,95.59,53.05,548,546,0.0001597,,1.09
2021-005F,47354,STARLINK-2046,95.59,53.05,548,546,0.0001492,,0.96
2021-005G,47355,STARLINK-2047,95.59,53.05,548,547,0.0000811,,1.12
2021-005H,47356,STARLINK-2049,95.59,53.05,548,547,0.0000758,,1.07
2021-005J,47357,STARLINK-2050,95.59,53.05,548,546,0.0001191,,0.96
2021-005K,47358,STARLINK-2055,95.59,53.05,548,546,0.0001494,,1.06
2021-005L,47359,STARLINK-2069,94.41,53.03,492,489,0.0002419,,1.01
2021-005N,47361,STARLINK-2071,95.59,53.05,548,546,0.000159,,1.06
2021-005P,47362,STARLINK-2076,95.59,53.05,548,546,0.0001166,,0.88
2021-005T,47366,STARLINK-2081,95.59,53.05,549,545,0.0002632,,0.98
2021-005U,47367,STARLINK-2082,95.59,53.05,548,546,0.0001626,,0.29
2021-005V,47368,STARLINK-2084,95.59,53.05,548,546,0.0001319,,0.96
2021-005X,47370,STARLINK-2086,95.59,53.05,548,546,0.0001561,,1.07
2021-005Y,47371,STARLINK-2088,95.59,53.05,548,546,0.0001541,,0.55
2021-005AA,47373,STARLINK-2092,95.59,53.05,548,546,0.0001474,,0.55
2021-005AB,47374,STARLINK-2093,95.59,53.05,548,546,0.0001146,,0.93
2021-005AC,47375,STARLINK-2094,95.59,53.05,548,546,0.0001416,,0.99
2021-005AD,47376,STARLINK-2096,95.59,53.05,548,546,0.0001502,,0.99
2021-005AE,47377,STARLINK-2097,95.59,53.05,548,546,0.0001345,,0.94
2021-005AF,47378,STARLINK-2098,95.59,53.06,548,546,0.0001517,,0.35
2021-005AG,47379,STARLINK-2099,95.59,53.05,548,546,0.0001446,,1.07
2021-005AH,47380,STARLINK-2100,95.59,53.05,548,546,0.0001543,,1.04
2021-005AJ,47381,STARLINK-2101,95.59,53.05,548,546,0.0001393,,1.03
2021-005AK,47382,STARLINK-2102,95.59,53.05,548,546,0.0001522,,0.32
2021-005AL,47383,STARLINK-2103,95.59,53.05,548,546,0.0001483,,1.07
2021-005AM,47384,STARLINK-2104,95.59,53.06,548,546,0.0001652,,0.33
2021-005AN,47385,STARLINK-2105,95.59,53.05,548,546,0.0001498,,0.93
2021-005AP,47386,STARLINK-2106,95.59,53.05,548,546,0.0001466,,0.97
2021-005AR,47388,STARLINK-2109,95.59,53.05,548,546,0.0001525,,0.97
2021-005AS,47389,STARLINK-2110,95.59,53.05,548,546,0.0001544,,0.33
2021-005AT,47390,STARLINK-2111,95.59,53.05,548,546,0.0001499,,0.86
2021-005AU,47391,STARLINK-2112,95.59,53.06,548,546,0.0001561,,0.32
2021-005AV,47392,STARLINK-2113,95.59,53.05,548,546,0.0001737,,0.32
2021-005AW,47393,STARLINK-2114,95.59,53.05,548,546,0.0001461,,0.96
2021-005AY,47395,STARLINK-2117,95.59,53.05,548,546,0.0001531,,0.34
2021-005BA,47397,STARLINK-2119,95.59,53.05,549,546,0.0002278,,0.24
2021-005BC,47399,STARLINK-2121,95.59,53.05,548,546,0.000141,,1.02
2021-005BD,47400,STARLINK-2122,95.59,53.05,548,546,0.0001389,,0.93
2021-005BE,47401,STARLINK-2123,95.59,53.05,548,546,0.0001412,,0.32
2021-005BG,47403,STARLINK-2127,92.54,53.05,400,398,0.0001373,,0.36
2021-005BH,47404,STARLINK-2128,95.59,53.05,548,546,0.0001508,,0.36
2021-005BJ,47405,STARLINK-2130,95.59,53.05,548,546,0.0001585,,0.24
2021-005BK,47406,STARLINK-2133,95.59,53.05,548,546,0.0001319,,0.95
2021-005BL,47407,STARLINK-2134,95.59,53.05,548,546,0.0001385,,1.07
2021-005BM,47408,STARLINK-2135,95.59,53.05,548,546,0.0001418,,0.97
2021-006T,47430,ASTROCAST-0101,93.66,97.31,457,449,0.0005783,,0.58
2021-006AM,47448,CUBEL,94.25,97.31,488,476,0.000843,,0.62
2021-006CB,47486,CELESTIS-17 & SHERPA-FX1,94.45,97.3,497,487,0.0006824,,0.81
2021-006CC,47487,ASTROCAST-0103,93.59,97.32,454,446,0.0005733,,0.28
2021-006CD,47488,ASTROCAST-0102,90.94,97.3,322,319,0.0002194,,0.42
2021-006CT,47502,HAWK-2C,94.34,97.3,492,481,0.0007594,,0.79
2021-006CU,47503,KEPLER-11 (DANEEL),91.52,97.29,352,347,0.0003921,,0.8
2021-006CV,47504,ION SCV-002,94.12,97.12,487,465,0.0016002,,0.53
2021-006CW,47505,HAWK-2A,94.34,97.31,491,482,0.0006916,,0.92
2021-006CY,47507,XR-1 (ICEYE-X10),92.72,97.31,413,402,0.0007906,,0.82
2021-006CZ,47508,HAWK-2B,94.34,97.29,492,481,0.0007688,,0.78
2021-006DA,47509,GHGSAT-C2,94.14,97.29,481,473,0.0005771,,0.77
2021-006DB,47510,ICEYE-X8,93.02,97.3,426,419,0.0005149,,0.24
2021-006DH,47517,ASTROCAST-0105,93.66,97.3,456,451,0.0003778,,0.5
2021-006DK,47519,ASTROCAST-0104,93.66,97.32,458,449,0.000639,,0.8
2021-007A,47532,YAOGAN-31 02A,107.03,63.41,1187,992,0.0130443,,0.3
2021-007B,47533,YAOGAN-31 02B,107.03,63.41,1187,992,0.0130894,,0.3
2021-007E,47536,YAOGAN-31 02C,107.03,63.41,1187,992,0.0130576,,0.3
2021-008A,47546,COSMOS 2549,103.08,67.15,908,901,0.0005236,,0.22
2021-009A,47548,STARLINK-1782,90.51,53.05,306,293,0.0010278,,0.5
2021-009B,47549,STARLINK-1806,95.59,53.06,548,546,0.000156,,1.1
2021-009C,47550,STARLINK-1909,92.75,53.06,410,409,0.0001119,,0.5
2021-009D,47551,STARLINK-1938,89.76,53.04,271,255,0.0012146,*D,0.96
2021-009E,47552,STARLINK-1940,95.59,53.05,548,546,0.0001411,,1.09
2021-009G,47554,STARLINK-1953,91.97,53.05,374,369,0.0003646,,0.25
2021-009H,47555,STARLINK-1954,95.59,53.05,548,546,0.000124,,0.97
2021-009J,47556,STARLINK-1955,95.59,53.05,548,546,0.0001794,,0.34
2021-009K,47557,STARLINK-1956,90.12,53.04,287,274,0.0009781,*D,0.25
2021-009L,47558,STARLINK-1957,95.59,53.05,548,546,0.0001536,,1.13
2021-009M,47559,STARLINK-1958,95.59,53.06,549,546,0.0002041,,1.1
2021-009N,47560,STARLINK-1959,95.59,53.05,549,545,0.0002596,,1.11
2021-009P,47561,STARLINK-1960,95.59,53.05,548,546,0.0001494,,1.05
2021-009Q,47562,STARLINK-1961,90.69,53.04,315,301,0.0009975,,0.25
2021-009R,47563,STARLINK-1962,95.59,53.05,549,546,0.0001994,,0.95
2021-009S,47564,STARLINK-1963,95.59,53.06,549,546,0.0001822,,0.95
2021-009T,47565,STARLINK-1964,95.59,53.05,548,546,0.0001392,,1.08
2021-009U,47566,STARLINK-1965,95.59,53.05,548,546,0.0001292,,1.16
2021-009V,47567,STARLINK-1966,94.55,53.04,501,493,0.0006282,,0.36
2021-009W,47568,STARLINK-1967,95.59,53.06,548,546,0.0001402,,0.3
2021-009Z,47571,STARLINK-1970,93.17,53.05,430,429,0.0001064,,0.5
2021-009AA,47572,STARLINK-1971,95.59,53.05,548,546,0.0001452,,0.98
2021-009AB,47573,STARLINK-1975,95.59,53.05,548,546,0.0001413,,1.07
2021-009AC,47574,STARLINK-1976,93.22,53.05,437,427,0.0007461,,0.5
2021-009AD,47575,STARLINK-1977,91.5,53.05,350,346,0.0003303,,0.25
2021-009AE,47576,STARLINK-1978,95.59,53.06,548,546,0.0001769,,1.16
2021-009AF,47577,STARLINK-1979,95.59,53.05,548,546,0.0001547,,1.05
2021-009AG,47578,STARLINK-1980,91.91,53.05,369,367,0.0002072,,0.5
2021-009AH,47579,STARLINK-1981,90.17,53.04,285,281,0.0003349,*D,0.5
2021-009AJ,47580,STARLINK-1982,95.59,53.05,548,546,0.0001601,,0.99
2021-009AL,47582,STARLINK-1986,95.59,53.06,548,546,0.000166,,0.96
2021-009AM,47583,STARLINK-1987,90.24,53.04,293,280,0.0009346,*D,0.25
2021-009AP,47585,STARLINK-1989,92.53,53.05,405,392,0.000939,,0.5
2021-009AQ,47586,STARLINK-1990,91.88,53.05,368,366,0.0001505,,0.5
2021-009AR,47587,STARLINK-1991,95.6,53.05,549,546,0.0001989,,0.97
2021-009AS,47588,STARLINK-1993,95.59,53.05,549,546,0.0001849,,1.05
2021-009AT,47589,STARLINK-1994,95.59,53.05,548,546,0.0001762,,0.96
2021-009AU,47590,STARLINK-1995,95.59,53.05,548,546,0.0001664,,1.04
2021-009AV,47591,STARLINK-1996,89.98,53.04,281,266,0.0011462,*D,1.17
2021-009AW,47592,STARLINK-1997,95.59,53.05,548,546,0.0001507,,0.94
2021-009AX,47593,STARLINK-1998,88.85,53.03,223,212,0.000871,*D,1.89
2021-009AZ,47595,STARLINK-2000,90.87,53.05,321,313,0.0006042,,0.25
2021-009BA,47596,STARLINK-2001,95.59,53.05,548,546,0.0001426,,0.94
2021-009BB,47597,STARLINK-2002,92.64,53.05,408,400,0.0006467,,0.5
2021-009BC,47598,STARLINK-2003,92.19,53.05,387,377,0.000763,,0.5
2021-009BE,47600,STARLINK-2005,92.18,53.05,383,380,0.0002086,,0.25
2021-009BF,47601,STARLINK-2006,91.35,53.05,348,334,0.0010792,,0.25
2021-009BG,47602,STARLINK-2007,93.24,53.05,436,430,0.0004918,,1.15
2021-009BH,47603,STARLINK-2008,91.52,53.05,351,348,0.000208,,0.25
2021-009BJ,47604,STARLINK-2021,95.59,53.05,548,546,0.0001554,,1.12
2021-009BL,47606,STARLINK-2024,95.59,53.05,548,546,0.000143,,0.98
2021-009BM,47607,STARLINK-2025,92.54,53.05,407,392,0.0011347,,0.5
2021-010A,47613,TJS-6,1436.12,0.12,35796,35778,0.0002171,*G,0.64
2021-012B,47621,STARLINK-1609,95.59,53.05,548,546,0.0001613,,0.26
2021-012C,47622,STARLINK-1645,95.59,53.05,548,546,0.0001681,,0.8
2021-012D,47623,STARLINK-1655,95.59,53.05,548,546,0.0001342,,1.12
2021-012E,47624,STARLINK-1669,95.59,53.05,548,547,0.0001048,,0.86
2021-012F,47625,STARLINK-1704,95.59,53.05,548,546,0.0001573,,0.26
2021-012G,47626,STARLINK-1761,95.59,53.05,548,546,0.0001537,,0.27
2021-012H,47627,STARLINK-1972,95.59,53.06,548,546,0.0001692,,0.79
2021-012J,47628,STARLINK-1973,95.59,53.05,548,546,0.0001465,,0.97
2021-012K,47629,STARLINK-1974,95.59,53.06,549,545,0.0002716,,0.59
2021-012L,47630,STARLINK-1983,95.59,53.05,548,546,0.0001362,,0.96
2021-012N,47632,STARLINK-1992,95.59,53.06,548,546,0.0001668,,1.1
2021-012P,47633,STARLINK-2009,92.72,53.04,409,406,0.000246,,0.99
2021-012Q,47634,STARLINK-2010,95.59,53.05,548,546,0.0001175,,0.91
2021-012R,47635,STARLINK-2012,89.78,53.04,271,256,0.0010817,*D,1.29
2021-012S,47636,STARLINK-2013,92.37,53.05,396,386,0.0007663,,0.33
2021-012T,47637,STARLINK-2014,90.73,53.04,311,309,0.0001627,,0.33
2021-012U,47638,STARLINK-2015,95.59,53.06,548,547,0.0001036,,0.49
2021-012V,47639,STARLINK-2016,88.78,53.04,216,212,0.0003652,*D,0.84
2021-012W,47640,STARLINK-2018,90.71,53.05,314,304,0.0007651,,0.5
2021-012X,47641,STARLINK-2019,95.59,53.05,548,546,0.0001477,,1.17
2021-012Z,47643,STARLINK-2022,95.59,53.05,548,546,0.000138,,0.89
2021-012AD,47647,STARLINK-2030,95.59,53.05,548,546,0.0001563,,0.93
2021-012AE,47648,STARLINK-2031,95.59,53.05,548,546,0.0001377,,1.01
2021-012AF,47649,STARLINK-2032,95.59,53.05,548,546,0.0001421,,1.01
2021-012AG,47650,STARLINK-2033,95.59,53.05,549,546,0.0001786,,1.02
2021-012AH,47651,STARLINK-2035,94.83,53.05,511,509,0.0001152,,0.5
2021-012AJ,47652,STARLINK-2036,95.59,53.05,548,546,0.0001346,,0.96
2021-012AL,47654,STARLINK-2038,93.72,53.06,459,454,0.0003237,,0.89
2021-012AM,47655,STARLINK-2039,95.59,53.05,548,546,0.0001491,,0.96
2021-012AN,47656,STARLINK-2040,95.59,53.05,548,546,0.0001594,,1.01
2021-012AP,47657,STARLINK-2041,95.59,53.05,548,546,0.0001308,,0.28
2021-012AQ,47658,STARLINK-2042,91.09,53.04,329,326,0.0002358,,0.33
2021-012AR,47659,STARLINK-2043,95.59,53.06,548,547,0.000088,,0.86
2021-012AS,47660,STARLINK-2044,92.48,53.05,397,395,0.0000997,,0.33
2021-012AT,47661,STARLINK-2051,90.23,53.05,287,285,0.0001721,*D,0.5
2021-012AU,47662,STARLINK-2052,95.59,53.05,548,546,0.0001478,,1
2021-012AV,47663,STARLINK-2053,94.3,53.06,487,482,0.0003103,,1.22
2021-012AW,47664,STARLINK-2054,90.12,53.04,287,273,0.0010842,*D,0.33
2021-012AX,47665,STARLINK-2056,92.01,53.05,374,372,0.0001803,,0.25
2021-012AZ,47667,STARLINK-2058,95.59,53.06,548,546,0.0001689,,0.24
2021-012BA,47668,STARLINK-2059,93.78,53.06,461,458,0.0001537,,0.33
2021-012BC,47670,STARLINK-2062,92.34,53.06,390,388,0.0001748,,0.5
2021-012BE,47672,STARLINK-2065,95.59,53.05,548,546,0.0001405,,0.36
2021-012BF,47673,STARLINK-2066,90.78,53.04,319,307,0.0008864,,0.25
2021-012BH,47675,STARLINK-2078,92.29,53.05,388,386,0.0001677,,0.33
2021-012BJ,47676,STARLINK-2083,95.59,53.06,549,546,0.0002155,,0.58
2021-012BK,47677,STARLINK-2090,90.96,53.05,323,320,0.0001777,,0.33
2021-012BM,47679,STARLINK-2095,95.16,53.05,527,526,0.0001264,,0.94
2021-014A,47691,YAOGAN-31 03A,107.03,63.41,1188,991,0.0131539,,0.25
2021-014C,47693,YAOGAN-31 03B,107.03,63.4,1188,991,0.0131735,,0.25
2021-014E,47695,YAOGAN-31 03C,107.03,63.4,1188,991,0.0131647,,0.25
2021-015A,47699,AMAZONIA 1,99.94,98.37,756,755,0.0000801,,0.3
2021-017A,47722,STARLINK-2068,95.59,53.05,548,546,0.0001089,,0.58
2021-017B,47723,STARLINK-2107,95.59,53.05,548,546,0.0001267,,0.77
2021-017C,47724,STARLINK-2116,95.59,53.05,548,546,0.0001307,,0.8
2021-017F,47727,STARLINK-2129,90.31,53.04,293,286,0.0005203,*D,0.5
2021-017G,47728,STARLINK-2131,95.59,53.05,548,546,0.0001408,,0.61
2021-017J,47730,STARLINK-2140,95.59,53.05,548,546,0.0001389,,0.58
2021-017K,47731,STARLINK-2141,95.59,53.05,548,546,0.0001787,,0.58
2021-017L,47732,STARLINK-2142,95.59,53.05,548,546,0.0001182,,0.67
2021-017M,47733,STARLINK-2143,95.59,53.06,548,546,0.0001696,,0.59
2021-017N,47734,STARLINK-2144,95.59,53.05,548,546,0.0001665,,0.57
2021-017P,47735,STARLINK-2146,95.59,53.05,548,546,0.0001081,,0.62
2021-017Q,47736,STARLINK-2147,95.59,53.05,548,546,0.000146,,0.6
2021-017T,47739,STARLINK-2150,95.59,53.05,548,546,0.000132,,0.61
2021-017W,47742,STARLINK-2156,95.59,53.05,548,546,0.0001599,,0.6
2021-017Z,47745,STARLINK-2159,95.59,53.05,548,546,0.000157,,0.57
2021-017AA,47746,STARLINK-2160,95.59,53.05,548,546,0.0001478,,0.58
2021-017AB,47747,STARLINK-2161,95.59,53.05,548,546,0.0001259,,0.58
2021-017AC,47748,STARLINK-2162,95.59,53.05,548,546,0.0001468,,0.65
2021-017AD,47749,STARLINK-2163,95.59,53.05,548,546,0.0001667,,0.64
2021-017AE,47750,STARLINK-2164,95.59,53.06,548,546,0.0001751,,0.66
2021-017AG,47752,STARLINK-2169,95.59,53.05,548,546,0.0001562,,0.59
2021-017AH,47753,STARLINK-2170,95.59,53.06,548,546,0.0001604,,0.62
2021-017AJ,47754,STARLINK-2171,95.59,53.05,548,546,0.000126,,0.58
2021-017AL,47756,STARLINK-2174,90.77,53.04,318,307,0.0008356,,0.5
2021-017AM,47757,STARLINK-2175,91.42,53.04,344,344,0.00004,,0.5
2021-017AQ,47760,STARLINK-2178,95.59,53.05,548,546,0.0001102,,0.57
2021-017AS,47762,STARLINK-2180,95.59,53.05,548,546,0.0001453,,0.51
2021-017AU,47764,STARLINK-2182,90.07,53.04,281,275,0.0004765,*D,0.33
2021-017AW,47766,STARLINK-2184,95.59,53.05,548,546,0.0001382,,0.58
2021-017AX,47767,STARLINK-2185,95.59,53.05,548,546,0.0001419,,0.62
2021-017BA,47770,STARLINK-2193,95.59,53.05,548,546,0.0001492,,0.56
2021-017BB,47771,STARLINK-2194,95.59,53.05,548,546,0.0001506,,0.61
2021-017BC,47772,STARLINK-2195,95.59,53.05,548,546,0.0001478,,0.56
2021-017BD,47773,STARLINK-2196,95.59,53.05,548,546,0.0001687,,0.56
2021-017BE,47774,STARLINK-2197,91.32,53.05,339,339,0.0000295,,0.5
2021-017BG,47776,STARLINK-2209,95.59,53.05,548,546,0.0001423,,0.59
2021-017BH,47777,STARLINK-2210,95.59,53.05,548,546,0.0001174,,0.59
2021-017BJ,47778,STARLINK-2211,95.59,53.05,548,546,0.0001613,,0.62
2021-017BL,47780,STARLINK-2213,95.59,53.05,548,546,0.0001605,,0.46
2021-017BM,47781,STARLINK-2223,90.73,53.04,311,309,0.0001807,,0.5
2021-018A,47787,STARLINK-2257,95.59,53.05,549,546,0.0002003,,0.35
2021-018B,47788,STARLINK-2314,95.59,53.05,548,546,0.0001768,,0.6
2021-018C,47789,STARLINK-2315,95.59,53.05,548,546,0.0001449,,0.62
2021-018D,47790,STARLINK-2319,95.59,53.05,548,546,0.00013,,0.58
2021-018E,47791,STARLINK-2322,95.59,53.06,548,547,0.0001092,,0.36
2021-018F,47792,STARLINK-2334,95.59,53.05,549,546,0.0001845,,0.34
2021-018G,47793,STARLINK-2338,95.59,53.05,548,546,0.0001152,,0.53
2021-018K,47796,STARLINK-2373,95.59,53.05,549,546,0.0001895,,0.59
2021-018L,47797,STARLINK-2377,95.59,53.06,549,546,0.0001993,,0.35
2021-018M,47798,STARLINK-2379,95.59,53.05,548,546,0.0001455,,0.38
2021-018N,47799,STARLINK-2380,95.59,53.05,548,546,0.0001681,,0.51
2021-018P,47800,STARLINK-2381,95.59,53.05,548,546,0.0001683,,0.56
2021-018R,47802,STARLINK-2383,95.59,53.05,548,546,0.0001627,,0.35
2021-018S,47803,STARLINK-2384,95.59,53.06,549,546,0.0002117,,0.61
2021-018T,47804,STARLINK-2385,95.59,53.05,549,546,0.0002177,,0.6
2021-018U,47805,STARLINK-2386,95.59,53.06,548,546,0.0001583,,0.37
2021-018V,47806,STARLINK-2387,95.59,53.05,548,546,0.000136,,0.56
2021-018W,47807,STARLINK-2388,95.59,53.05,548,546,0.0001717,,0.57
2021-018X,47808,STARLINK-2389,95.59,53.05,548,546,0.0001553,,0.74
2021-018Z,47810,STARLINK-2391,95.59,53.05,548,546,0.0001498,,0.31
2021-018AB,47812,STARLINK-2393,95.59,53.06,548,547,0.0000903,,0.7
2021-018AD,47814,STARLINK-2395,95.59,53.06,549,546,0.0001893,,0.56
2021-018AE,47815,STARLINK-2396,95.6,53.06,548,546,0.0001418,,0.33
2021-018AF,47816,STARLINK-2399,95.59,53.06,548,546,0.0001193,,0.59
2021-018AG,47817,STARLINK-2400,95.59,53.06,548,546,0.0001506,,0.57
2021-018AH,47818,STARLINK-2401,95.59,53.06,548,546,0.0001458,,0.3
2021-018AJ,47819,STARLINK-2402,95.59,53.05,548,546,0.0001538,,0.56
2021-018AK,47820,STARLINK-2403,95.59,53.06,548,546,0.0001461,,0.72
2021-018AL,47821,STARLINK-2406,95.59,53.05,548,546,0.00016,,0.34
2021-018AM,47822,STARLINK-2407,95.59,53.06,548,546,0.0001406,,0.33
2021-018AN,47823,STARLINK-2408,95.59,53.06,548,547,0.0001004,,0.38
2021-018AP,47824,STARLINK-2409,95.59,53.06,548,546,0.0001502,,0.59
2021-018AQ,47825,STARLINK-2410,95.59,53.05,550,545,0.0003341,,0.57
2021-018AR,47826,STARLINK-2411,95.59,53.06,548,546,0.0001258,,0.58
2021-018AS,47827,STARLINK-2413,95.6,53.06,549,546,0.0002622,,0.59
2021-018AT,47828,STARLINK-2415,95.59,53.05,550,545,0.0003509,,0.33
2021-018AU,47829,STARLINK-2416,95.59,53.05,548,546,0.0001481,,0.31
2021-018AV,47830,STARLINK-2419,95.59,53.06,548,546,0.0001551,,0.31
2021-018AW,47831,STARLINK-2420,95.59,53.05,548,546,0.0001382,,0.38
2021-018AX,47832,STARLINK-2422,95.59,53.06,548,547,0.0000965,,0.35
2021-018AY,47833,STARLINK-2423,95.59,53.06,548,546,0.0001385,,0.59
2021-018AZ,47834,STARLINK-2424,95.59,53.06,548,546,0.0001498,,0.58
2021-018BB,47836,STARLINK-2426,95.59,53.05,548,547,0.0000889,,0.36
2021-018BC,47837,STARLINK-2427,95.59,53.05,548,547,0.0000964,,0.62
2021-018BD,47838,STARLINK-2429,95.59,53.05,548,546,0.0001421,,0.74
2021-018BE,47839,STARLINK-2431,95.59,53.05,548,546,0.0001662,,0.58
2021-018BF,47840,STARLINK-2432,95.59,53.05,548,547,0.0000916,,0.37
2021-018BG,47841,STARLINK-2433,95.59,53.05,548,546,0.0001266,,0.37
2021-018BJ,47843,STARLINK-2435,95.59,53.05,549,546,0.0002256,,0.35
2021-018BK,47844,STARLINK-2446,95.59,53.05,548,546,0.0001259,,0.35
2021-018BL,47845,STARLINK-2453,95.59,53.05,548,546,0.0001635,,0.33
2021-019A,47851,SHIYAN 9 (SY-9),1436.06,17.64,35849,35722,0.0015027,*G,0.82
2021-020A,47854,YAOGAN-31 04A,107.03,63.41,1186,993,0.0129437,,0.26
2021-020C,47856,YAOGAN-31 04B,107.03,63.41,1186,993,0.012918,,0.26
2021-020D,47857,YAOGAN-31 04C,107.03,63.41,1186,993,0.0129293,,0.26
2021-021A,47860,STARLINK-2258,89.92,53.05,273,269,0.0003096,*D,0.3
2021-021B,47861,STARLINK-2280,95.59,53.06,548,546,0.0001587,,0.71
2021-021C,47862,STARLINK-2291,95.59,53.05,548,547,0.0001143,,0.33
2021-021D,47863,STARLINK-2293,95.59,53.06,549,546,0.0002078,,0.97
2021-021E,47864,STARLINK-2304,90.79,53.05,315,312,0.0002165,,0.25
2021-021F,47865,STARLINK-2310,91.94,53.04,371,368,0.0002282,,0.25
2021-021G,47866,STARLINK-2320,91.78,53.05,363,361,0.0001096,,0.25
2021-021H,47867,STARLINK-2321,91.69,53.05,359,356,0.0002345,,0.5
2021-021J,47868,STARLINK-2323,95.59,53.05,548,546,0.0001381,,0.61
2021-021L,47870,STARLINK-2326,95.59,53.05,548,546,0.0001686,,0.26
2021-021M,47871,STARLINK-2327,89.08,53.03,232,226,0.0004146,*D,0.23
2021-021P,47873,STARLINK-2329,95.6,53.06,548,547,0.0001418,,0.56
2021-021Q,47874,STARLINK-2330,95.59,53.06,548,546,0.0001772,,0.62
2021-021R,47875,STARLINK-2331,88.92,53.03,224,218,0.0004348,*D,0.19
2021-021S,47876,STARLINK-2332,91.42,53.04,347,342,0.0003854,,0.25
2021-021T,47877,STARLINK-2333,92.48,53.05,397,395,0.0000778,,0.5
2021-021U,47878,STARLINK-2335,91.94,53.05,370,369,0.000098,,0.39
2021-021V,47879,STARLINK-2336,95.59,53.06,549,546,0.0001959,,1.35
2021-021W,47880,STARLINK-2337,91.51,53.05,352,346,0.0004791,,0.5
2021-021Y,47882,STARLINK-2340,94.5,53.06,499,490,0.0006649,,0.69
2021-021Z,47883,STARLINK-2342,95.59,53.05,548,547,0.0001024,,0.28
2021-021AA,47884,STARLINK-2343,95.59,53.06,548,546,0.0001376,,0.63
2021-021AB,47885,STARLINK-2344,92.18,53.05,382,381,0.000076,,0.5
2021-021AD,47887,STARLINK-2346,95.59,53.06,548,546,0.0001689,,0.61
2021-021AE,47888,STARLINK-2348,95.59,53.06,548,547,0.0000899,,0.65
2021-021AJ,47892,STARLINK-2352,91.69,53.05,358,357,0.0000745,,0.32
2021-021AL,47894,STARLINK-2354,95.59,53.06,548,546,0.0001701,,0.28
2021-021AM,47895,STARLINK-2355,95.59,53.06,548,546,0.0001717,,0.27
2021-021AN,47896,STARLINK-2356,95.59,53.06,548,546,0.000127,,0.61
2021-021AQ,47898,STARLINK-2358,95.59,53.05,550,545,0.0003532,,0.28
2021-021AT,47901,STARLINK-2361,95.59,53.06,548,546,0.0001813,,0.29
2021-021AV,47903,STARLINK-2363,95.59,53.06,549,546,0.0001836,,0.29
2021-021AW,47904,STARLINK-2364,95.59,53.06,548,546,0.0001222,,0.55
2021-021AX,47905,STARLINK-2365,90.49,53.05,300,297,0.0002554,,0.33
2021-021AZ,47907,STARLINK-2367,95.59,53.06,549,546,0.0001864,,0.28
2021-021BA,47908,STARLINK-2368,95.59,53.06,548,546,0.0001255,,0.28
2021-021BB,47909,STARLINK-2369,89.72,53.04,262,259,0.0002474,*D,1.33
2021-021BC,47910,STARLINK-2370,95.59,53.06,548,546,0.0001594,,0.27
2021-021BD,47911,STARLINK-2371,95.59,53.06,548,546,0.000149,,0.27
2021-021BE,47912,STARLINK-2372,91.95,53.05,372,369,0.0001909,,0.33
2021-021BF,47913,STARLINK-2374,89.57,53.05,257,249,0.0006104,*D,0.68
2021-021BG,47914,STARLINK-2375,87.27,53.02,141,137,0.0002979,*D,0.71
2021-021BJ,47916,STARLINK-2378,95.59,53.06,548,546,0.0001573,,0.56
2021-021BK,47917,STARLINK-2397,92.42,53.04,394,392,0.0001566,,0.33
2021-021BL,47918,STARLINK-2398,91.26,53.05,337,336,0.000097,,0.5
2021-021BM,47919,STARLINK-2405,95.59,53.06,548,546,0.0001616,,0.63
2021-022A,47932,CAS500-1,94.72,97.44,508,503,0.000385,,0.28
2021-022B,47933,GRUS-1C,96.11,97.6,584,561,0.001633,,0.27
2021-022C,47934,GRUS-1B,96.11,97.61,583,562,0.00153,,0.23
2021-022D,47935,GRUS-1E,96.12,97.6,584,562,0.0016086,,0.28
2021-022E,47936,GRUS-1D,96.11,97.6,583,561,0.0015881,,0.26
2021-022J,47940,DMSAT-1,91.96,97.44,376,365,0.0008727,,0.25
2021-022K,47941,WILDTRACKCUBE-SIMBA,93.83,97.44,471,452,0.0014267,,0.24
2021-022L,47942,HIBER-3,90.19,97.42,290,277,0.0009518,*D,0.77
2021-022N,47944,ELSA-D,93.23,97.44,441,424,0.0012074,,0.77
2021-022P,47945,UNISAT-7,94.44,97.44,501,481,0.0014397,,0.82
2021-022V,47951,CUBESX-SIRIUS-HSE,92.99,97.44,429,413,0.0012083,,0.29
2021-022W,47952,CUBESX-HSE,92.97,97.44,428,412,0.0012244,,0.3
2021-022Y,47954,KSU-CUBESAT,92.12,97.44,386,371,0.0010744,,0.29
2021-022AA,47956,CHALLENGE ONE,92.68,97.44,414,397,0.0012029,,0.29
2021-022AD,47959,GRBALPHA,92.97,97.44,428,412,0.0011978,,0.27
2021-022AE,47960,ORBICRAFT-ZORKY,92.47,97.44,403,388,0.0011075,,0.26
2021-023C,47967,M2-A,92.41,44.98,406,380,0.0019411,,0.28
2021-023E,47969,GUNSMOKE-J 3,92.63,44.99,416,391,0.0018963,,0.73
2021-023G,47971,GLOBAL-9,93.49,44.99,456,435,0.0015279,,0.58
2021-023J,47973,M2-B,92.34,44.98,402,376,0.0019384,,0.28
2021-024A,47977,STARLINK-2087,91.74,53.05,361,359,0.0001865,,0.5
2021-024B,47978,STARLINK-1647,95.59,53.06,549,546,0.0001958,,0.47
2021-024C,47979,STARLINK-2325,91.63,53.05,355,354,0.0001028,,0.5
2021-024D,47980,STARLINK-2312,91.57,53.05,352,351,0.0000771,,0.5
2021-024E,47981,STARLINK-2303,95.59,53.06,548,546,0.0001483,,0.48
2021-024F,47982,STARLINK-2317,90.03,53.04,277,275,0.0001363,*D,0.5
2021-024J,47985,STARLINK-2308,90.82,53.05,317,313,0.0003417,,0.5
2021-024N,47989,STARLINK-2305,91.39,53.05,344,342,0.0000885,,0.5
2021-024P,47990,STARLINK-2307,89.5,53.03,253,246,0.0004867,*D,0.59
2021-024Q,47991,STARLINK-2279,89.88,53.04,270,267,0.0001733,*D,0.35
2021-024R,47992,STARLINK-2229,91.84,53.05,365,365,0.0000401,,0.33
2021-024S,47993,STARLINK-2273,95.59,53.06,549,546,0.0001858,,0.58
2021-024T,47994,STARLINK-2290,90.19,53.05,286,282,0.0002698,*D,0.5
2021-024U,47995,STARLINK-2309,95.59,53.06,548,546,0.0001444,,0.64
2021-024V,47996,STARLINK-2260,91.69,53.04,358,357,0.0001263,,0.5
2021-024W,47997,STARLINK-2266,95.59,53.06,548,546,0.0001501,,0.86
2021-024X,47998,STARLINK-2296,89.1,53.03,234,226,0.0006376,*D,0.65
2021-024Z,48000,STARLINK-2270,95.59,53.05,548,547,0.0000894,,0.38
2021-024AB,48002,STARLINK-2265,91.88,53.05,367,367,0.0000386,,0.33
2021-024AC,48003,STARLINK-2263,95.59,53.06,548,546,0.0001787,,1.09
2021-024AH,48008,STARLINK-2271,95.59,53.05,548,546,0.0001098,,0.36
2021-024AJ,48009,STARLINK-2153,95.59,53.06,548,546,0.0001491,,1.24
2021-024AK,48010,STARLINK-2226,95.59,53.06,548,546,0.0001681,,0.49
2021-024AN,48013,STARLINK-2243,90.92,53.05,322,318,0.0002865,,0.33
2021-024AP,48014,STARLINK-2283,95.59,53.05,548,546,0.0001607,,0.3
2021-024AR,48016,STARLINK-2284,93.47,53.05,452,436,0.00117,,0.58
2021-024AT,48018,STARLINK-2282,94.62,53.05,502,498,0.0002784,,0.58
2021-024AU,48019,STARLINK-2285,95.59,53.06,549,545,0.0003349,,0.86
2021-024AV,48020,STARLINK-2294,90.52,53.05,301,299,0.0001272,,0.5
2021-024AW,48021,STARLINK-2301,95.59,53.06,547,547,0.0000446,,0.28
2021-024AX,48022,STARLINK-2298,95.59,53.06,549,545,0.0002472,,0.51
2021-024AY,48023,STARLINK-2292,95.59,53.06,549,546,0.0001986,,0.52
2021-024BD,48028,STARLINK-2264,95.59,53.06,548,546,0.0001212,,0.67
2021-024BE,48029,STARLINK-2299,95.59,53.06,548,546,0.0001779,,0.48
2021-024BG,48031,STARLINK-2267,91.09,53.05,328,328,0.0000229,,0.5
2021-024BJ,48033,STARLINK-2286,95.59,53.06,548,546,0.000151,,0.49
2021-024BK,48034,STARLINK-2288,95.59,53.06,548,546,0.0001748,,0.8
2021-024BM,48036,STARLINK-2295,92.91,53.06,418,416,0.0000876,,0.33
2021-025A,48042,ONEWEB-0115,109.63,87.89,1211,1208,0.0001752,,0.85
2021-025B,48043,ONEWEB-0152,109.63,87.89,1211,1208,0.0001752,,0.84
2021-025C,48044,ONEWEB-0153,109.63,87.89,1211,1208,0.0001869,,0.86
2021-025D,48045,ONEWEB-0154,109.63,87.89,1211,1208,0.0001813,,0.64
2021-025E,48046,ONEWEB-0116,109.63,87.89,1211,1208,0.000167,,0.83
2021-025F,48047,ONEWEB-0150,109.63,87.89,1211,1208,0.0001943,,0.85
2021-025G,48048,ONEWEB-0107,109.63,87.89,1211,1208,0.0002257,,0.85
2021-025H,48049,ONEWEB-0101,109.63,87.89,1211,1208,0.0001956,,0.89
2021-025J,48050,ONEWEB-0113,109.63,87.89,1211,1208,0.0001737,,0.83
2021-025K,48051,ONEWEB-0112,109.63,87.89,1211,1208,0.0001818,,0.85
2021-025L,48052,ONEWEB-0156,109.63,87.89,1211,1208,0.0001849,,0.84
2021-025M,48053,ONEWEB-0161,109.63,87.89,1211,1208,0.0002014,,0.63
2021-025N,48054,ONEWEB-0158,109.63,87.89,1211,1208,0.0001799,,0.82
2021-025P,48055,ONEWEB-0157,109.63,87.89,1212,1208,0.0002333,,0.65
2021-025Q,48056,ONEWEB-0162,109.63,87.89,1211,1208,0.0001836,,0.84
2021-025R,48057,ONEWEB-0155,109.63,87.89,1211,1208,0.0001961,,0.89
2021-025S,48058,ONEWEB-0149,109.63,87.89,1211,1208,0.0001806,,0.64
2021-025T,48059,ONEWEB-0148,109.63,87.89,1211,1208,0.0002166,,0.91
2021-025U,48060,ONEWEB-0160,109.63,87.89,1211,1209,0.0001044,,0.89
2021-025V,48061,ONEWEB-0163,109.63,87.89,1211,1208,0.0002133,,0.83
2021-025W,48062,ONEWEB-0159,109.63,87.89,1211,1208,0.0001989,,0.46
2021-025X,48063,ONEWEB-0164,109.63,87.89,1211,1208,0.0001813,,0.86
2021-025Y,48064,ONEWEB-0167,109.63,87.89,1211,1208,0.0002017,,0.83
2021-025Z,48065,ONEWEB-0166,109.63,87.89,1211,1208,0.0001875,,0.88
2021-025AA,48066,ONEWEB-0151,109.63,87.89,1211,1208,0.0001902,,0.88
2021-025AB,48067,ONEWEB-0170,109.63,87.89,1211,1208,0.0001665,,0.65
2021-025AC,48068,ONEWEB-0168,109.63,87.89,1211,1208,0.0001919,,0.89
2021-025AD,48069,ONEWEB-0173,109.63,87.89,1212,1208,0.0002304,,0.9
2021-025AE,48070,ONEWEB-0171,109.63,87.89,1211,1208,0.0001879,,0.86
2021-025AF,48071,ONEWEB-0172,109.63,87.89,1211,1208,0.0001973,,0.88
2021-025AG,48072,ONEWEB-0174,109.63,87.89,1211,1208,0.000191,,0.9
2021-025AH,48073,ONEWEB-0175,109.63,87.89,1211,1208,0.0001821,,0.64
2021-025AJ,48074,ONEWEB-0177,109.63,87.89,1211,1208,0.0002173,,0.86
2021-025AK,48075,ONEWEB-0178,109.63,87.89,1211,1208,0.000205,,0.91
2021-025AL,48076,ONEWEB-0108,109.63,87.89,1211,1208,0.0001676,,0.88
2021-025AM,48077,ONEWEB-0169,109.63,87.89,1211,1209,0.0001631,,0.85
2021-026A,48079,GAOFEN-12 02,97.24,97.97,629,624,0.0003827,,0.25
2021-022AP,48085,BEESAT-8,89.61,97.51,263,248,0.0011045,*D,0.76
2021-027A,48092,STARLINK-2048,90.47,53.04,303,292,0.0008395,,0.33
2021-027B,48093,STARLINK-2404,95.59,53.06,548,546,0.0001667,,0.76
2021-027C,48094,STARLINK-2412,95.59,53.05,548,546,0.0001397,,0.55
2021-027D,48095,STARLINK-2414,95.59,53.05,548,546,0.0001607,,0.67
2021-027E,48096,STARLINK-2417,95.59,53.05,548,546,0.0001402,,0.56
2021-027F,48097,STARLINK-2418,95.59,53.05,548,546,0.0001425,,0.58
2021-027G,48098,STARLINK-2421,95.59,53.05,548,546,0.0001421,,0.61
2021-027H,48099,STARLINK-2428,95.59,53.05,548,546,0.0001733,,0.69
2021-027J,48100,STARLINK-2430,95.59,53.05,548,546,0.0001239,,0.72
2021-027K,48101,STARLINK-2436,95.59,53.05,548,546,0.0001466,,0.66
2021-027L,48102,STARLINK-2437,95.59,53.05,548,546,0.0001557,,0.57
2021-027N,48104,STARLINK-2439,95.59,53.05,548,546,0.0001353,,0.61
2021-027P,48105,STARLINK-2440,95.59,53.05,548,546,0.000137,,0.77
2021-027Q,48106,STARLINK-2442,95.59,53.05,548,546,0.0001357,,0.59
2021-027R,48107,STARLINK-2443,95.59,53.06,548,546,0.0001592,,0.77
2021-027U,48110,STARLINK-2447,93.7,53.05,456,455,0.0000592,,0.6
2021-027V,48111,STARLINK-2448,95.59,53.06,548,546,0.0001711,,0.55
2021-027W,48112,STARLINK-2449,95.59,53.05,548,546,0.0001364,,0.63
2021-027X,48113,STARLINK-2450,95.59,53.05,548,546,0.0001515,,0.69
2021-027Z,48115,STARLINK-2452,95.59,53.05,548,546,0.0001717,,0.7
2021-027AA,48116,STARLINK-2454,95.59,53.05,549,546,0.0002002,,0.69
2021-027AB,48117,STARLINK-2455,95.59,53.05,548,546,0.000133,,0.59
2021-027AD,48119,STARLINK-2459,95.59,53.05,548,546,0.0001351,,0.78
2021-027AE,48120,STARLINK-2460,95.59,53.05,548,546,0.0001262,,0.58
2021-027AF,48121,STARLINK-2462,95.59,53.05,548,546,0.0001378,,0.6
2021-027AH,48123,STARLINK-2464,95.59,53.05,548,546,0.0001761,,0.6
2021-027AJ,48124,STARLINK-2465,95.59,53.05,548,546,0.0001591,,0.6
2021-027AK,48125,STARLINK-2466,95.59,53.05,548,546,0.0001425,,0.58
2021-027AL,48126,STARLINK-2467,95.59,53.05,548,546,0.0001391,,0.63
2021-027AM,48127,STARLINK-2468,95.59,53.05,548,546,0.0001262,,0.57
2021-027AN,48128,STARLINK-2469,95.59,53.06,548,546,0.0001458,,0.72
2021-027AP,48129,STARLINK-2471,95.59,53.05,548,546,0.0001358,,0.58
2021-027AQ,48130,STARLINK-2472,95.59,53.06,548,546,0.0001533,,0.54
2021-027AR,48131,STARLINK-2473,95.59,53.05,549,546,0.0001909,,0.64
2021-027AS,48132,STARLINK-2474,95.59,53.05,548,546,0.0001667,,0.66
2021-027AT,48133,STARLINK-2475,95.59,53.05,548,546,0.0001614,,0.66
2021-027AU,48134,STARLINK-2476,95.59,53.05,548,546,0.0001504,,0.67
2021-027AV,48135,STARLINK-2478,95.59,53.05,548,546,0.0001511,,0.67
2021-027AW,48136,STARLINK-2479,95.59,53.05,548,546,0.000138,,0.67
2021-027AX,48137,STARLINK-2480,95.59,53.05,548,546,0.000148,,0.62
2021-027AY,48138,STARLINK-2481,95.59,53.05,548,546,0.0001609,,0.66
2021-027AZ,48139,STARLINK-2482,95.59,53.05,548,546,0.0001505,,0.74
2021-027BA,48140,STARLINK-2483,95.59,53.06,548,546,0.0001614,,0.72
2021-027BB,48141,STARLINK-2484,91.97,53.05,372,371,0.0000793,,0.5
2021-027BC,48142,STARLINK-2485,95.59,53.05,548,546,0.0001304,,0.61
2021-027BD,48143,STARLINK-2486,95.59,53.05,548,546,0.0001083,,0.75
2021-027BE,48144,STARLINK-2487,95.59,53.05,548,546,0.0001165,,0.74
2021-027BF,48145,STARLINK-2488,95.59,53.05,548,546,0.0001301,,0.6
2021-027BJ,48148,STARLINK-2491,95.59,53.05,548,546,0.0001542,,0.63
2021-027BK,48149,STARLINK-2492,95.59,53.06,548,546,0.0001429,,0.69
2021-027BL,48150,STARLINK-2493,95.59,53.05,548,546,0.0001379,,0.62
2021-027BM,48151,STARLINK-2503,95.59,53.05,548,546,0.0001315,,0.75
2021-028A,48157,SHIYAN 6 03 (SY-6 03),104.53,99.54,1006,939,0.0046038,,0.57
2021-031A,48210,ONEWEB-0176,109.55,87.9,1207,1204,0.0001776,,0.53
2021-031B,48211,ONEWEB-0184,109.55,87.9,1207,1204,0.0002186,,0.55
2021-031C,48212,ONEWEB-0179,109.55,87.9,1207,1204,0.0001886,,0.58
2021-031D,48213,ONEWEB-0180,109.55,87.9,1207,1204,0.000199,,0.47
2021-031E,48214,ONEWEB-0218,109.55,87.9,1208,1204,0.0002499,,0.53
2021-031F,48215,ONEWEB-0209,109.55,87.9,1207,1204,0.0001964,,0.54
2021-031G,48216,ONEWEB-0198,109.55,87.9,1207,1204,0.0002127,,0.55
2021-031H,48217,ONEWEB-0189,109.55,87.9,1207,1204,0.0002226,,0.92
2021-031J,48218,ONEWEB-0196,109.55,87.9,1207,1204,0.0001815,,0.56
2021-031K,48219,ONEWEB-0183,109.55,87.9,1207,1204,0.0001815,,0.51
2021-031L,48220,ONEWEB-0185,109.55,87.9,1207,1204,0.000203,,0.56
2021-031M,48221,ONEWEB-0187,109.55,87.9,1207,1204,0.0001886,,0.52
2021-031N,48222,ONEWEB-0192,109.55,87.9,1207,1204,0.0001849,,0.92
2021-031P,48223,ONEWEB-0219,109.55,87.9,1207,1204,0.0001966,,0.56
2021-031Q,48224,ONEWEB-0202,109.55,87.9,1208,1204,0.0002448,,0.5
2021-031R,48225,ONEWEB-0204,109.55,87.9,1207,1205,0.0001689,,0.47
2021-031S,48226,ONEWEB-0205,109.55,87.9,1207,1204,0.000197,,0.57
2021-031T,48227,ONEWEB-0206,109.55,87.9,1207,1204,0.0001951,,0.52
2021-031U,48228,ONEWEB-0182,109.55,87.9,1207,1204,0.0001717,,0.52
2021-031V,48229,ONEWEB-0186,109.55,87.9,1207,1204,0.0001915,,0.97
2021-031W,48230,ONEWEB-0181,109.55,87.9,1207,1204,0.0001914,,0.91
2021-031X,48231,ONEWEB-0188,109.55,87.9,1207,1204,0.000184,,0.5
2021-031Y,48232,ONEWEB-0220,109.55,87.9,1207,1204,0.0002082,,0.99
2021-031Z,48233,ONEWEB-0165,109.55,87.9,1207,1204,0.0001976,,0.58
2021-031AA,48234,ONEWEB-0199,109.55,87.9,1207,1205,0.000162,,0.52
2021-031AB,48235,ONEWEB-0203,109.55,87.9,1207,1205,0.0001612,,0.91
2021-031AC,48236,ONEWEB-0197,109.55,87.9,1207,1204,0.0001713,,0.48
2021-031AD,48237,ONEWEB-0194,109.55,87.9,1207,1205,0.0001566,,0.5
2021-031AE,48238,ONEWEB-0193,109.55,87.9,1207,1204,0.0001816,,0.48
2021-031AF,48239,ONEWEB-0191,109.55,87.9,1207,1204,0.0001821,,0.93
2021-031AG,48240,ONEWEB-0195,109.55,87.9,1207,1204,0.0002202,,0.49
2021-031AH,48241,ONEWEB-0201,109.55,87.9,1207,1204,0.000194,,0.96
2021-031AJ,48242,ONEWEB-0207,109.55,87.9,1207,1204,0.0001876,,0.91
2021-031AK,48243,ONEWEB-0208,109.55,87.9,1207,1204,0.0001939,,0.47
2021-031AL,48244,ONEWEB-0200,109.55,87.9,1207,1204,0.0001975,,0.58
2021-031AM,48245,ONEWEB-0217,109.55,87.9,1207,1204,0.0002062,,0.57
2021-034A,48268,PLEIADES NEO 3,97.19,97.89,625,623,0.0001071,,0.26
2021-034B,48269,LEMUR-2-AMANDA-SVANTE,95.43,97.64,542,537,0.0003386,,0.54
2021-034C,48270,AII-BRAVO,96.18,97.63,579,573,0.000412,,0.79
2021-034D,48271,TYVAK-182A,96.07,97.63,572,569,0.0002286,,0.78
2021-034E,48272,NORSAT 3,96.08,97.63,572,570,0.000129,,0.24
2021-034F,48273,LEMUR-2-SPECIAL-K,95.2,97.62,529,528,0.0000822,,0.24
2021-035A,48274,CSS (TIANHE),92.41,41.46,395,390,0.0003466,,0.65
2021-036A,48276,STARLINK-2567,95.59,53.05,548,546,0.0001449,,0.97
2021-036B,48277,STARLINK-2569,95.59,53.05,548,546,0.000142,,0.97
2021-036C,48278,STARLINK-2543,95.59,53.05,548,546,0.0001636,,1.06
2021-036D,48279,STARLINK-2580,95.59,53.06,548,546,0.0001436,,0.34
2021-036E,48280,STARLINK-2565,95.59,53.05,548,546,0.0001441,,0.75
2021-036G,48282,STARLINK-2558,95.59,53.06,548,546,0.000141,,0.91
2021-036H,48283,STARLINK-2516,95.59,53.05,548,546,0.0001446,,0.78
2021-036J,48284,STARLINK-2564,95.59,53.05,548,546,0.000127,,0.78
2021-036L,48286,STARLINK-2547,95.59,53.05,548,546,0.0001398,,0.23
2021-036M,48287,STARLINK-2566,95.59,53.05,548,546,0.0001539,,0.8
2021-036N,48288,STARLINK-2562,95.59,53.05,548,546,0.0001628,,0.92
2021-036P,48289,STARLINK-2545,95.59,53.05,548,546,0.0001524,,0.94
2021-036Q,48290,STARLINK-2540,95.59,53.05,548,546,0.0001215,,0.94
2021-036R,48291,STARLINK-2555,95.59,53.05,548,546,0.000157,,0.88
2021-036S,48292,STARLINK-2542,95.59,53.06,548,546,0.0001541,,0.93
2021-036T,48293,STARLINK-2550,95.59,53.05,548,546,0.000139,,0.88
2021-036U,48294,STARLINK-2533,95.59,53.05,548,546,0.0001382,,0.89
2021-036V,48295,STARLINK-2535,95.59,53.05,548,546,0.0001578,,0.76
2021-036Y,48298,STARLINK-2559,95.59,53.06,549,546,0.0002424,,0.97
2021-036Z,48299,STARLINK-2557,95.59,53.05,548,546,0.0001361,,0.91
2021-036AA,48300,STARLINK-2538,95.59,53.05,548,546,0.0001484,,0.78
2021-036AB,48301,STARLINK-2537,95.59,53.05,548,546,0.000112,,0.79
2021-036AD,48303,STARLINK-2530,95.59,53.06,548,546,0.0001674,,0.87
2021-036AE,48304,STARLINK-2524,95.59,53.05,548,546,0.0001253,,0.8
2021-036AF,48305,STARLINK-2519,95.59,53.05,548,546,0.0001351,,0.74
2021-036AG,48306,STARLINK-2523,95.59,53.05,548,546,0.0001126,,0.87
2021-036AK,48309,STARLINK-2517,95.59,53.05,548,547,0.0000914,,0.75
2021-036AL,48310,STARLINK-2536,95.59,53.05,548,546,0.0001349,,0.75
2021-036AM,48311,STARLINK-2534,95.59,53.05,548,546,0.0001342,,0.76
2021-036AN,48312,STARLINK-2061,95.59,53.06,548,546,0.0001652,,0.76
2021-036AQ,48314,STARLINK-2549,95.59,53.06,548,546,0.0001531,,0.77
2021-036AR,48315,STARLINK-2506,95.59,53.05,548,546,0.0001227,,0.9
2021-036AS,48316,STARLINK-2507,95.59,53.06,548,546,0.0001496,,0.77
2021-036AT,48317,STARLINK-2513,95.59,53.05,548,546,0.000154,,0.91
2021-036AU,48318,STARLINK-2509,95.59,53.05,548,546,0.0001149,,0.85
2021-036AV,48319,STARLINK-2512,95.59,53.05,548,546,0.000139,,0.72
2021-036AW,48320,STARLINK-2029,95.59,53.05,548,546,0.0001421,,0.86
2021-036AX,48321,STARLINK-2457,95.59,53.06,548,546,0.0001353,,0.86
2021-036AZ,48323,STARLINK-2515,95.59,53.05,548,546,0.00011,,0.74
2021-036BB,48325,STARLINK-2495,95.59,53.05,548,546,0.0001416,,0.88
2021-036BC,48326,STARLINK-2498,95.59,53.05,548,546,0.0001255,,0.75
2021-036BD,48327,STARLINK-2502,95.59,53.05,548,546,0.0001232,,0.29
2021-036BE,48328,STARLINK-2504,95.59,53.06,548,546,0.000162,,0.76
2021-036BF,48329,STARLINK-2510,95.59,53.05,548,546,0.0001232,,0.76
2021-036BG,48330,STARLINK-2501,95.59,53.05,548,546,0.0001562,,0.76
2021-036BH,48331,STARLINK-2514,95.59,53.05,548,547,0.0000971,,0.83
2021-036BJ,48332,STARLINK-2511,95.59,53.06,548,546,0.0001447,,0.83
2021-036BK,48333,STARLINK-2518,95.59,53.05,548,547,0.0001077,,0.78
2021-036BL,48334,STARLINK-2470,95.59,53.05,549,546,0.0002023,,0.91
2021-037A,48340,YAOGAN-34 01,107.03,63.4,1150,1028,0.0081842,,0.22
2021-038A,48353,STARLINK-2613,95.59,53.06,548,546,0.0001486,,0.45
2021-038B,48354,STARLINK-2674,95.59,53.06,549,546,0.0002265,,1.18
2021-038C,48355,STARLINK-2635,95.59,53.05,548,546,0.0001631,,0.32
2021-038D,48356,STARLINK-2637,95.59,53.05,548,546,0.0001719,,1.19
2021-038E,48357,STARLINK-2636,95.59,53.06,548,546,0.0001521,,1.15
2021-038F,48358,STARLINK-2624,95.59,53.06,548,546,0.0001773,,0.99
2021-038G,48359,STARLINK-2628,95.59,53.06,548,546,0.0001537,,1.13
2021-038H,48360,STARLINK-2622,95.59,53.06,549,546,0.0002015,,1
2021-038J,48361,STARLINK-2591,95.59,53.05,548,546,0.0001296,,1.01
2021-038K,48362,STARLINK-2578,95.59,53.05,548,546,0.0001784,,1.1
2021-038L,48363,STARLINK-2626,94.81,53.05,511,508,0.0002261,,0.25
2021-038M,48364,STARLINK-2611,95.59,53.05,549,546,0.000226,,1.22
2021-038N,48365,STARLINK-2608,95.59,53.05,548,546,0.0001624,,1.12
2021-038P,48366,STARLINK-2631,95.59,53.05,548,546,0.0001482,,1.13
2021-038Q,48367,STARLINK-2643,95.59,53.06,548,546,0.0001627,,1.14
2021-038R,48368,STARLINK-2623,95.59,53.06,548,546,0.0001749,,1.23
2021-038S,48369,STARLINK-2641,95.59,53.05,548,546,0.000115,,1.14
2021-038T,48370,STARLINK-2621,95.59,53.05,548,546,0.0001493,,1.21
2021-038U,48371,STARLINK-2589,95.59,53.05,548,546,0.0001486,,0.42
2021-038W,48373,STARLINK-2609,95.59,53.05,548,546,0.0001525,,1.16
2021-038X,48374,STARLINK-2604,95.59,53.05,548,546,0.0001829,,0.46
2021-038Y,48375,STARLINK-2603,95.59,53.06,548,546,0.000173,,1.16
2021-038Z,48376,STARLINK-2610,95.59,53.06,548,546,0.0001709,,1.17
2021-038AA,48377,STARLINK-2499,95.59,53.05,548,546,0.000158,,0.46
2021-038AB,48378,STARLINK-2526,95.59,53.06,548,546,0.00017,,0.44
2021-038AC,48379,STARLINK-2612,95.59,53.05,548,546,0.0001603,,0.45
2021-038AD,48380,STARLINK-2614,95.59,53.06,548,546,0.0001475,,1.17
2021-038AE,48381,STARLINK-2630,95.59,53.05,548,546,0.0001695,,0.45
2021-038AF,48382,STARLINK-2585,95.59,53.05,548,546,0.00015,,1.19
2021-038AJ,48385,STARLINK-2598,95.59,53.06,549,546,0.0001901,,0.47
2021-038AK,48386,STARLINK-2606,95.59,53.06,548,546,0.0001562,,0.48
2021-038AM,48388,STARLINK-2594,95.59,53.06,548,546,0.0001521,,0.45
2021-038AP,48390,STARLINK-2586,95.59,53.06,548,546,0.0001448,,0.47
2021-038AQ,48391,STARLINK-2607,95.59,53.05,548,546,0.0001636,,0.34
2021-038AR,48392,STARLINK-2605,95.59,53.06,548,546,0.000159,,0.48
2021-038AS,48393,STARLINK-2602,90.24,53.05,287,285,0.0001559,*D,0.33
2021-038AU,48395,STARLINK-2574,95.59,53.06,548,546,0.0001493,,1.24
2021-038AV,48396,STARLINK-2575,95.59,53.06,548,546,0.0001677,,0.49
2021-038AW,48397,STARLINK-2590,95.59,53.06,548,546,0.000167,,0.49
2021-038AX,48398,STARLINK-2588,95.59,53.06,548,546,0.0001526,,0.49
2021-038AY,48399,STARLINK-2587,95.59,53.06,549,546,0.0002004,,0.5
2021-038AZ,48400,STARLINK-2576,95.59,53.06,548,546,0.0001801,,0.5
2021-038BA,48401,STARLINK-2571,95.59,53.06,548,546,0.0001855,,1.06
2021-038BC,48403,STARLINK-2561,95.4,53.05,538,538,0.0000248,,0.48
2021-038BD,48404,STARLINK-2593,95.59,53.06,549,546,0.0001936,,1.24
2021-038BE,48405,STARLINK-2570,95.59,53.06,549,546,0.0001844,,0.52
2021-038BF,48406,STARLINK-2568,95.59,53.06,548,546,0.0001716,,0.45
2021-038BG,48407,STARLINK-2595,94.76,53.05,508,506,0.0001645,,1.12
2021-038BH,48408,STARLINK-2592,95.59,53.06,548,546,0.0001687,,0.46
2021-038BK,48410,STARLINK-2563,95.59,53.06,548,546,0.0001459,,0.9
2021-038BL,48411,STARLINK-2505,95.59,53.06,548,546,0.0001474,,0.62
2021-038BM,48412,STARLINK-2581,95.59,53.06,548,546,0.0001814,,0.6
2021-039A,48423,YAOGAN-30 09A,96.1,35,575,568,0.0005331,,0.42
2021-039B,48424,YAOGAN-30 09B,96.1,34.99,575,568,0.0005282,,0.38
2021-039C,48425,YAOGAN-30 09C,96.1,34.99,574,569,0.0003933,,0.4
2021-039D,48426,TIANQI-12,95.75,35,558,552,0.0004244,,0.51
2021-040A,48428,STARLINK-2461,95.59,53.05,548,546,0.0001316,,0.59
2021-040D,48431,STARLINK-2700,95.59,53.05,549,546,0.0001811,,0.64
2021-040E,48432,STARLINK-2680,95.59,53.05,548,546,0.0001189,,0.59
2021-040F,48433,STARLINK-2699,95.59,53.05,548,546,0.0001532,,0.58
2021-040G,48434,STARLINK-2692,95.59,53.05,548,546,0.0001422,,0.62
2021-040H,48435,STARLINK-2633,95.59,53.05,548,546,0.0001546,,0.54
2021-040J,48436,STARLINK-2639,95.59,53.05,548,546,0.0001539,,0.49
2021-040K,48437,STARLINK-2642,95.59,53.05,548,546,0.0001614,,0.64
2021-040L,48438,STARLINK-2640,95.59,53.05,548,546,0.000138,,0.66
2021-040M,48439,STARLINK-2583,95.59,53.05,548,546,0.0001526,,0.69
2021-040N,48440,STARLINK-2682,95.59,53.05,548,546,0.0001522,,0.63
2021-040P,48441,STARLINK-2702,95.59,53.05,548,546,0.0001315,,0.63
2021-040Q,48442,STARLINK-2644,95.59,53.05,548,546,0.0001631,,0.64
2021-040R,48443,STARLINK-2663,95.59,53.05,548,546,0.0001763,,0.71
2021-040S,48444,STARLINK-2645,95.59,53.05,548,546,0.0001398,,0.65
2021-040T,48445,STARLINK-2634,95.59,53.05,548,546,0.0001389,,0.65
2021-040X,48449,STARLINK-2655,95.59,53.05,548,546,0.0001585,,0.66
2021-040Y,48450,STARLINK-2660,95.59,53.05,548,546,0.0001313,,0.66
2021-040AA,48452,STARLINK-2703,95.59,53.05,548,546,0.0001493,,0.6
2021-040AB,48453,STARLINK-2620,95.59,53.05,548,546,0.0001403,,0.61
2021-040AC,48454,STARLINK-2654,95.59,53.05,548,546,0.0001278,,0.54
2021-040AD,48455,STARLINK-2497,95.59,53.05,548,546,0.0001312,,0.55
2021-040AG,48458,STARLINK-2698,95.59,53.05,548,546,0.0001294,,0.6
2021-040AH,48459,STARLINK-2579,95.59,53.05,548,546,0.0001505,,0.68
2021-040AJ,48460,STARLINK-2582,95.45,53.05,542,538,0.0002761,,0.63
2021-040AK,48461,STARLINK-2693,93.14,53.05,429,428,0.0000889,,0.5
2021-040AL,48462,STARLINK-2683,95.59,53.06,548,546,0.000152,,0.6
2021-040AN,48464,STARLINK-2686,95.59,53.05,548,546,0.0001804,,0.61
2021-040AP,48465,STARLINK-2681,95.59,53.05,548,546,0.0001389,,0.67
2021-040AQ,48466,STARLINK-2687,95.59,53.06,548,546,0.0001719,,0.61
2021-040AR,48467,STARLINK-2659,95.59,53.05,548,546,0.0001508,,0.59
2021-040AS,48468,STARLINK-2685,95.59,53.06,548,546,0.0001491,,0.61
2021-040AT,48469,STARLINK-2661,95.59,53.05,548,546,0.0001427,,0.53
2021-040AU,48470,STARLINK-2675,95.59,53.05,548,546,0.0001501,,0.63
2021-040AV,48471,STARLINK-2684,95.59,53.05,548,546,0.0001498,,0.67
2021-040AW,48472,STARLINK-2722,95.59,53.05,549,546,0.000192,,0.49
2021-040AX,48473,STARLINK-2658,95.59,53.05,549,546,0.0001828,,0.58
2021-040AY,48474,STARLINK-2697,95.59,53.05,548,546,0.0001433,,0.62
2021-040AZ,48475,STARLINK-2619,94.95,53.05,518,515,0.0002308,,0.5
2021-040BC,48478,STARLINK-2728,95.59,53.05,548,546,0.0001285,,0.64
2021-040BD,48479,STARLINK-2755,95.59,53.05,548,546,0.0001693,,0.58
2021-040BF,48481,STARLINK-2706,95.59,53.05,548,546,0.0001386,,0.66
2021-040BG,48482,STARLINK-2525,95.59,53.05,548,546,0.0001369,,0.62
2021-040BH,48483,STARLINK-2531,95.59,53.05,548,546,0.0001546,,0.56
2021-040BJ,48484,STARLINK-2696,94.26,53.06,485,481,0.00029,,0.62
2021-040BK,48485,STARLINK-2500,95.59,53.06,548,546,0.0001756,,0.62
2021-040BM,48487,STARLINK-2494,95.59,53.05,548,546,0.0001498,,0.68
2021-041A,48553,STARLINK-2063,95.59,53.05,548,546,0.000152,,0.83
2021-041B,48554,STARLINK-2139,95.59,53.05,548,546,0.0001417,,0.8
2021-041C,48555,STARLINK-2145,95.59,53.06,548,546,0.0001511,,0.6
2021-041D,48556,STARLINK-2151,95.59,53.06,548,546,0.0001585,,0.81
2021-041E,48557,STARLINK-2155,95.59,53.05,548,546,0.0001322,,0.67
2021-041F,48558,STARLINK-2166,95.59,53.05,548,546,0.0001307,,0.74
2021-041K,48562,STARLINK-2187,95.59,53.05,548,546,0.0001324,,0.63
2021-041L,48563,STARLINK-2188,95.59,53.05,548,546,0.0001266,,0.68
2021-041M,48564,STARLINK-2190,95.59,53.05,548,546,0.0001327,,0.62
2021-041N,48565,STARLINK-2191,93.4,53.05,443,439,0.0002807,,0.72
2021-041P,48566,STARLINK-2214,95.59,53.05,548,546,0.0001482,,0.6
2021-041R,48568,STARLINK-2217,95.59,53.05,548,546,0.0001409,,0.64
2021-041S,48569,STARLINK-2219,95.59,53.05,548,546,0.0001312,,0.68
2021-041T,48570,STARLINK-2220,95.59,53.05,548,546,0.0001386,,0.63
2021-041U,48571,STARLINK-2221,95.59,53.05,548,546,0.0001121,,0.62
2021-041V,48572,STARLINK-2222,95.59,53.05,548,546,0.0001371,,0.62
2021-041W,48573,STARLINK-2224,95.59,53.05,548,546,0.0001328,,0.84
2021-041X,48574,STARLINK-2225,95.59,53.06,548,546,0.0001276,,0.74
2021-041Y,48575,STARLINK-2227,95.59,53.05,548,546,0.0001067,,0.79
2021-041Z,48576,STARLINK-2228,95.59,53.06,548,546,0.0001144,,0.73
2021-041AA,48577,STARLINK-2231,95.59,53.05,548,546,0.000132,,0.63
2021-041AB,48578,STARLINK-2232,95.59,53.05,548,546,0.0001324,,0.69
2021-041AD,48580,STARLINK-2234,95.59,53.06,548,546,0.0001391,,0.9
2021-041AE,48581,STARLINK-2235,95.59,53.06,548,546,0.0001513,,0.74
2021-041AF,48582,STARLINK-2236,95.59,53.05,548,546,0.0001334,,0.89
2021-041AG,48583,STARLINK-2237,95.59,53.05,548,546,0.0001334,,0.62
2021-041AH,48584,STARLINK-2238,95.59,53.05,548,547,0.0001116,,0.71
2021-041AK,48586,STARLINK-2241,95.59,53.06,548,546,0.0001708,,0.77
2021-041AN,48589,STARLINK-2245,95.59,53.05,548,546,0.000134,,0.66
2021-041AR,48592,STARLINK-2249,95.59,53.05,549,546,0.0001892,,0.71
2021-041AS,48593,STARLINK-2250,95.59,53.05,548,546,0.0001341,,0.59
2021-041AT,48594,STARLINK-2251,95.59,53.05,548,546,0.0001308,,0.7
2021-041AU,48595,STARLINK-2252,95.59,53.05,548,546,0.0001593,,0.61
2021-041AV,48596,STARLINK-2253,95.59,53.05,548,546,0.0001298,,0.59
2021-041AW,48597,STARLINK-2255,95.59,53.05,548,546,0.0001029,,0.72
2021-041AZ,48600,STARLINK-2275,95.59,53.05,548,546,0.0001326,,0.65
2021-041BB,48602,STARLINK-2713,95.59,53.05,548,546,0.0001208,,0.72
2021-041BC,48603,STARLINK-2714,95.59,53.05,548,546,0.0001074,,0.67
2021-041BD,48604,STARLINK-2757,95.59,53.05,548,546,0.0001441,,0.61
2021-041BF,48606,TYVAK-0130,94.95,53.03,523,509,0.0010594,,0.66
2021-042A,48618,SBIRS GEO-5 (USA 315),1436.08,5.81,35797,35776,0.0002474,*G,0.38
2021-043A,48621,HAIYANG-2D,104.09,66,959,945,0.0009446,,0.26
2021-044B,48639,STARLINK-2739,95.59,53.05,548,546,0.0001558,,0.8
2021-044C,48640,STARLINK-2736,95.59,53.05,548,546,0.0001344,,0.87
2021-044D,48641,STARLINK-2754,95.59,53.05,548,546,0.0001358,,0.86
2021-044E,48642,STARLINK-2646,95.59,53.05,548,546,0.0001212,,0.71
2021-044F,48643,STARLINK-2704,95.59,53.05,548,546,0.000119,,0.8
2021-044G,48644,STARLINK-2695,95.59,53.05,548,546,0.0001226,,0.67
2021-044H,48645,STARLINK-2733,93.72,53.06,458,456,0.0001318,,0.81
2021-044J,48646,STARLINK-2732,95.59,53.05,548,547,0.0000836,,0.68
2021-044K,48647,STARLINK-2691,89.81,53.05,270,260,0.000785,*D,0.88
2021-044L,48648,STARLINK-2521,95.59,53.05,548,546,0.0001469,,0.8
2021-044M,48649,STARLINK-2673,95.59,53.05,548,546,0.0001384,,0.82
2021-044N,48650,STARLINK-2672,95.59,53.05,548,546,0.0001291,,0.82
2021-044P,48651,STARLINK-2731,95.59,53.06,548,546,0.0001464,,0.82
2021-044Q,48652,STARLINK-2727,95.59,53.06,548,546,0.0001271,,0.83
2021-044R,48653,STARLINK-2720,95.59,53.06,548,546,0.000127,,0.77
2021-044S,48654,STARLINK-2651,95.59,53.05,548,546,0.0001241,,0.7
2021-044T,48655,STARLINK-2657,95.59,53.05,548,546,0.0001446,,0.77
2021-044U,48656,STARLINK-2701,95.59,53.06,549,546,0.0001912,,0.71
2021-044V,48657,STARLINK-2734,95.59,53.05,548,546,0.0001094,,0.68
2021-044W,48658,STARLINK-2647,95.59,53.05,548,546,0.0001151,,0.78
2021-044X,48659,STARLINK-2717,95.59,53.06,548,546,0.000121,,0.66
2021-044AA,48662,STARLINK-2726,95.59,53.06,548,546,0.0001595,,0.73
2021-044AB,48663,STARLINK-2667,95.59,53.05,548,546,0.000119,,0.8
2021-044AC,48664,STARLINK-2709,95.59,53.06,548,546,0.0001392,,0.74
2021-044AE,48666,STARLINK-2666,95.59,53.05,548,546,0.0001171,,0.71
2021-044AF,48667,STARLINK-2735,95.59,53.06,548,546,0.0001153,,0.74
2021-044AG,48668,STARLINK-2738,95.59,53.06,548,546,0.0001441,,0.68
2021-044AH,48669,STARLINK-2707,95.59,53.05,548,546,0.0001051,,0.68
2021-044AJ,48670,STARLINK-2763,95.59,53.05,548,546,0.0001296,,0.88
2021-044AK,48671,STARLINK-2745,95.59,53.05,548,546,0.0001076,,0.72
2021-044AL,48672,STARLINK-2705,95.59,53.05,548,546,0.0001317,,0.82
2021-044AM,48673,STARLINK-2711,95.59,53.05,548,546,0.0001137,,0.69
2021-044AN,48674,STARLINK-2712,95.59,53.05,548,546,0.0001422,,0.89
2021-044AP,48675,STARLINK-2737,90.41,53.04,295,294,0.0000679,*D,0.33
2021-044AQ,48676,STARLINK-2746,95.59,53.06,548,546,0.0001553,,0.84
2021-044AS,48678,STARLINK-2615,95.59,53.05,548,546,0.000143,,0.71
2021-044AT,48679,STARLINK-2648,95.59,53.06,548,546,0.0001325,,0.72
2021-044AU,48680,STARLINK-2649,95.59,53.05,548,546,0.0001242,,0.72
2021-044AV,48681,STARLINK-2725,95.59,53.05,548,546,0.0001242,,0.79
2021-044AW,48682,STARLINK-2743,95.59,53.05,548,546,0.0001288,,0.99
2021-044AX,48683,STARLINK-2756,95.59,53.05,548,546,0.0001313,,0.9
2021-044AY,48684,STARLINK-2741,95.59,53.05,548,546,0.000143,,0.75
2021-044AZ,48685,STARLINK-2751,95.59,53.05,548,546,0.0001404,,0.8
2021-044BA,48686,STARLINK-2629,95.59,53.05,548,546,0.0001393,,0.8
2021-044BB,48687,STARLINK-2627,95.59,53.05,548,546,0.0001491,,0.23
2021-044BC,48688,STARLINK-2742,95.59,53.05,548,546,0.0001245,,0.96
2021-044BE,48690,STARLINK-2740,95.59,53.05,548,546,0.0001317,,0.88
2021-044BF,48691,STARLINK-2750,95.59,53.05,548,546,0.0001392,,0.84
2021-044BG,48692,STARLINK-2752,95.59,53.05,548,546,0.0001301,,0.26
2021-044BH,48693,STARLINK-2618,95.59,53.05,548,546,0.0001283,,0.78
2021-044BJ,48694,STARLINK-2748,95.59,53.05,548,546,0.0001284,,0.75
2021-044BK,48695,STARLINK-2616,95.59,53.05,548,546,0.0001188,,0.79
2021-044BL,48696,STARLINK-2753,95.59,53.06,548,546,0.0001468,,0.87
2021-045A,48767,ONEWEB-0211,109.46,87.91,1203,1200,0.0001725,,0.58
2021-045B,48768,ONEWEB-0223,109.46,87.91,1203,1201,0.0001622,,0.56
2021-045C,48769,ONEWEB-0230,109.46,87.91,1203,1201,0.0001618,,0.59
2021-045D,48770,ONEWEB-0237,109.46,87.91,1203,1201,0.0001645,,0.6
2021-045E,48771,ONEWEB-0235,109.46,87.91,1203,1201,0.0001536,,0.55
2021-045F,48772,ONEWEB-0242,109.46,87.91,1203,1201,0.000157,,0.56
2021-045G,48773,ONEWEB-0241,109.46,87.91,1203,1200,0.0001946,,0.57
2021-045H,48774,ONEWEB-0243,109.46,87.91,1203,1201,0.0001471,,0.61
2021-045J,48775,ONEWEB-0222,109.46,87.91,1203,1200,0.0001847,,0.55
2021-045K,48776,ONEWEB-0244,109.46,87.91,1203,1201,0.0001605,,0.6
2021-045L,48777,ONEWEB-0247,109.46,87.91,1203,1201,0.0001471,,0.61
2021-045M,48778,ONEWEB-0245,109.46,87.91,1203,1200,0.0001964,,0.61
2021-045N,48779,ONEWEB-0229,109.46,87.91,1203,1201,0.0001626,,0.62
2021-045P,48780,ONEWEB-0228,109.46,87.91,1203,1200,0.0001696,,0.58
2021-045Q,48781,ONEWEB-0232,109.46,87.91,1203,1200,0.0001736,,0.61
2021-045R,48782,ONEWEB-0231,109.46,87.91,1203,1201,0.0001634,,0.56
2021-045S,48783,ONEWEB-0234,109.46,87.91,1204,1200,0.0002969,,0.61
2021-045T,48784,ONEWEB-0238,109.46,87.91,1203,1200,0.00019,,0.58
2021-045U,48785,ONEWEB-0240,109.46,87.91,1203,1200,0.0001942,,0.57
2021-045V,48786,ONEWEB-0246,109.46,87.91,1203,1201,0.0001609,,0.58
2021-045W,48787,ONEWEB-0210,109.46,87.91,1203,1201,0.0001175,,0.6
2021-045X,48788,ONEWEB-0214,109.46,87.91,1203,1201,0.0001235,,0.59
2021-045Y,48789,ONEWEB-0221,109.46,87.91,1203,1200,0.0001812,,0.59
2021-045Z,48790,ONEWEB-0213,109.46,87.91,1203,1201,0.0001615,,0.6
2021-045AA,48791,ONEWEB-0212,109.46,87.91,1203,1200,0.0001826,,0.62
2021-045AB,48792,ONEWEB-0227,109.46,87.91,1203,1200,0.0001775,,0.62
2021-045AC,48793,ONEWEB-0226,109.46,87.91,1203,1201,0.0001443,,0.55
2021-045AD,48794,ONEWEB-0224,109.46,87.91,1204,1200,0.0002651,,0.59
2021-045AE,48795,ONEWEB-0233,109.46,87.91,1203,1200,0.0001814,,0.58
2021-045AF,48796,ONEWEB-0190,109.46,87.91,1203,1201,0.0001654,,0.6
2021-045AG,48797,ONEWEB-0236,109.46,87.91,1203,1200,0.000184,,0.58
2021-045AH,48798,ONEWEB-0248,109.46,87.91,1203,1200,0.0002117,,0.57
2021-045AJ,48799,ONEWEB-0225,109.46,87.91,1203,1200,0.0001733,,0.62
2021-045AK,48800,ONEWEB-0215,109.46,87.91,1203,1200,0.000196,,0.57
2021-045AL,48801,ONEWEB-0216,109.46,87.91,1203,1201,0.000154,,0.56
2021-045AM,48802,ONEWEB-0239,109.46,87.91,1203,1200,0.0002178,,0.56
2021-047A,48808,FENGYUN 4B,1436.07,0.09,35836,35736,0.0011774,*G,1.01
2021-049A,48838,SXM-8,1436.1,0.01,35802,35771,0.0003728,*G,0.89
2021-054A,48859,NAVSTAR 81 (USA 319),717.94,55.35,20232,20131,0.0019103,,0.84
2021-055A,48860,YAOGAN-30 10A,96.1,35,576,568,0.0005734,,0.25
2021-055B,48861,YAOGAN-30 10B,96.1,35,576,568,0.0005793,,0.2
2021-055D,48863,YAOGAN-30 10C,96.09,35,574,569,0.0003356,,0.24
2021-055E,48864,TIANQI-14,95.69,35,554,549,0.0003572,,0.27
2021-056A,48865,COSMOS 2550,93.88,67.14,470,459,0.0008323,,0.24
2021-058F,48876,BRIK-II,92.91,60.67,431,403,0.002074,,1.27
2021-059B,48880,STARLINK-3004,95.92,97.66,565,561,0.0002869,,0.59
2021-059C,48881,STARLINK-3005,95.92,97.66,564,562,0.0001887,,0.59
2021-059P,48892,TYVAK-0173,97.39,95.98,640,628,0.0009149,,0.97
2021-059X,48900,TUBIN,93.16,97.66,433,426,0.0005326,,0.23
2021-059AE,48907,MANDRAKE 2 ABLE,93.88,97.67,469,459,0.0007647,,0.57
2021-059AF,48908,MANDRAKE 2 BAKER,93.82,97.67,466,457,0.0006779,,0.64
2021-059AG,48909,PACE-1,93.61,97.66,456,447,0.0006578,,0.57
2021-059AJ,48911,YAM-2,92.76,97.66,413,406,0.000516,,0.61
2021-059AN,48915,YAM-3,93.92,97.67,472,461,0.0007986,,0.54
2021-059AP,48916,ICEYE-X13,93.27,97.64,436,432,0.0003012,,0.24
2021-059AQ,48917,ICEYE-X15,92.33,97.64,392,385,0.0004667,,0.23
2021-059AR,48918,ICEYE-X11,93.71,97.64,464,448,0.0012166,,0.25
2021-059AX,48924,FARADAY_PHOENIX,93.73,97.67,465,449,0.0011807,,0.58
2021-059BE,48931,HAWK-3B,93.59,97.65,457,443,0.00102,,0.62
2021-059BM,48938,SHANNON,89.63,97.64,261,251,0.0007422,*D,1.04
2021-059BX,48948,HAWK-3C,93.59,97.67,458,443,0.0011004,,1.08
2021-059CA,48951,DEMO8 (TENZING),93.82,97.67,469,454,0.0011434,,0.6
2021-059CB,48952,ASTROCAST-0204,91.62,97.66,359,349,0.0007508,,0.61
2021-059CC,48953,ARTHUR-1,93.08,97.66,430,420,0.0007242,,0.29
2021-059CD,48954,ASTROCAST-0201,93.32,97.65,442,431,0.0008249,,0.62
2021-059CE,48955,ASTROCAST-0203,93.32,97.65,443,431,0.0008805,,0.6
2021-059CF,48956,DEMO9 (AURORA),92.9,97.66,422,411,0.0008317,,0.58
2021-059CG,48957,HAWK-3A,93.59,97.66,458,443,0.0010933,,1.08
2021-059CH,48958,SHERPA-FX2 & TAGSAT-2,93.76,97.67,466,451,0.001133,,0.62
2021-059CK,48960,ASTROCAST-0205,93.32,97.64,443,431,0.0008807,,0.57
2021-059CL,48961,ASTROCAST-0202,92.86,97.64,420,409,0.0007441,,1.07
2021-059CN,48963,NAPA-2,93.67,97.66,460,448,0.0008669,,0.26
2021-059CP,48964,SPARTAN,93.57,97.66,452,446,0.0004834,,0.6
2021-059CQ,48965,W-CUBE,92.96,97.66,424,415,0.000615,,0.6
2021-060A,48967,ONEWEB-0249,109.37,87.91,1199,1196,0.0001869,,0.6
2021-060B,48968,ONEWEB-0250,108.62,87.91,1165,1161,0.0002543,,0.57
2021-060D,48970,ONEWEB-0252,109.37,87.91,1199,1197,0.0001457,,0.65
2021-060E,48971,ONEWEB-0253,109.37,87.91,1199,1197,0.0001655,,0.66
2021-060F,48972,ONEWEB-0254,109.37,87.91,1199,1196,0.0001875,,0.65
2021-060G,48973,ONEWEB-0255,109.37,87.91,1199,1196,0.0001826,,0.61
2021-060H,48974,ONEWEB-0256,109.37,87.91,1199,1197,0.0001644,,0.58
2021-060J,48975,ONEWEB-0257,109.37,87.91,1199,1197,0.0001577,,0.63
2021-060K,48976,ONEWEB-0258,109.37,87.91,1199,1196,0.0001848,,0.62
2021-060L,48977,ONEWEB-0259,109.37,87.91,1199,1196,0.0001947,,0.55
2021-060M,48978,ONEWEB-0260,109.37,87.91,1199,1197,0.0001263,,0.64
2021-060N,48979,ONEWEB-0261,109.37,87.91,1199,1197,0.0001429,,0.59
2021-060P,48980,ONEWEB-0262,109.37,87.91,1199,1196,0.0002021,,0.61
2021-060Q,48981,ONEWEB-0263,109.37,87.91,1199,1196,0.0001705,,0.58
2021-060R,48982,ONEWEB-0264,109.37,87.91,1199,1196,0.000173,,0.62
2021-060T,48984,ONEWEB-0266,109.37,87.91,1199,1196,0.0001945,,0.6
2021-060U,48985,ONEWEB-0267,109.37,87.91,1199,1197,0.0001581,,0.59
2021-060V,48986,ONEWEB-0268,109.37,87.91,1199,1197,0.0001624,,0.62
2021-060W,48987,ONEWEB-0269,109.37,87.91,1199,1196,0.0001752,,0.64
2021-060X,48988,ONEWEB-0270,109.37,87.91,1199,1196,0.0001751,,0.62
2021-060Y,48989,ONEWEB-0271,109.37,87.91,1199,1197,0.00016,,0.56
2021-060Z,48990,ONEWEB-0272,109.37,87.91,1199,1197,0.0001653,,0.61
2021-060AA,48991,ONEWEB-0273,109.37,87.91,1199,1196,0.0001816,,0.59
2021-060AB,48992,ONEWEB-0274,109.37,87.91,1199,1197,0.0001318,,0.56
2021-060AC,48993,ONEWEB-0275,109.37,87.91,1199,1197,0.0001648,,0.65
2021-060AD,48994,ONEWEB-0276,109.37,87.91,1199,1196,0.0001822,,0.62
2021-060AE,48995,ONEWEB-0277,109.37,87.91,1199,1197,0.0001559,,0.61
2021-060AF,48996,ONEWEB-0278,109.37,87.91,1199,1196,0.0002028,,0.62
2021-060AG,48997,ONEWEB-0279,109.37,87.91,1199,1197,0.0001467,,0.61
2021-060AH,48998,ONEWEB-0280,109.37,87.91,1199,1196,0.0001921,,0.59
2021-060AJ,48999,ONEWEB-0281,109.37,87.91,1199,1197,0.0001635,,0.59
2021-060AK,49000,ONEWEB-0282,109.37,87.91,1199,1196,0.0001788,,0.63
2021-060AL,49001,ONEWEB-0283,109.37,87.91,1199,1197,0.0001546,,0.57
2021-060AM,49002,ONEWEB-0284,109.37,87.91,1199,1196,0.0001991,,0.27
2021-061A,49003,JILIN-1 KUANFU-01B,95.23,97.57,538,521,0.0011709,,0.31
2021-061B,49004,JILIN-1 GAOFEN 3D01,93.56,97.37,458,440,0.0013003,,0.23
2021-061C,49005,JILIN-1 GAOFEN 3D02,93.83,97.37,465,459,0.0004417,,0.28
2021-061D,49006,JILIN-1 GAOFEN 3D03,93.93,97.37,473,461,0.0008756,,0.28
2021-061E,49007,XINGSHIDAI 10,93.92,97.37,473,460,0.0009544,,0.27
2021-062A,49008,FENGYUN 3E,101.42,98.74,828,824,0.0002554,,0.26
2021-063A,49011,TIANLIAN 1-05,1436.09,0.28,35806,35767,0.0004657,*G,0.38
2021-064A,49018,NINGXIA-1 6,102.24,45,871,858,0.0009044,,0.29
2021-064B,49019,NINGXIA-1 7,102.24,45.01,871,859,0.0008033,,0.23
2021-064C,49020,NINGXIA-1 8,102.24,45,871,859,0.000875,,0.24
2021-064D,49021,NINGXIA-1 9,102.24,45,871,858,0.0009042,,0.26
2021-064E,49022,NINGXIA-1 10,102.24,45,871,858,0.000889,,0.27
2021-065A,49026,YAOGAN-30 11A,96.1,34.99,575,568,0.0004687,,0.2
2021-065B,49027,TIANQI-15,95.79,35,562,551,0.0007582,,0.22
2021-065C,49028,YAOGAN-30 11B,96.1,34.99,572,571,0.0000469,,0.75
2021-065D,49029,YAOGAN-30 11C,96.1,34.99,575,569,0.0004339,,0.24
2021-066A,49044,ISS (NAUKA),92.88,51.64,417,414,0.0002468,ISS,0.53
2021-067A,49049,TIANHUI 1-04,94.52,97.34,497,494,0.0001894,,0.25
2021-068A,49052,MONOLITH,95.93,37.02,565,561,0.0002952,,0.3
2021-069A,49055,STAR ONE D2,1436.12,0.01,35793,35781,0.0001482,*G,0.28
2021-069B,49056,EUTELSAT QUANTUM,1436.09,0.06,35797,35776,0.0002468,*G,0.59
2021-070A,49059,KL-BETA A,103.29,88.98,916,913,0.000222,,0.31
2021-070B,49060,KL-BETA B,103.26,88.98,915,910,0.0003175,,0.39
2021-071A,49062,ZHONGXING-2E,1436.13,0.04,35792,35783,0.0001107,*G,0.62
2021-073A,49066,BRO-4,90.83,97.42,320,311,0.0007342,,0.32
2021-073D,49069,LEDSAT,93.39,97.41,449,431,0.0013168,,0.33
2021-073E,49070,PLEIADES NEO 4,97.19,97.89,625,623,0.0001006,,0.3
2021-074A,49071,TIANHUI 2-02A,94.94,97.47,517,515,0.0001524,,1.25
2021-074B,49072,TIANHUI 2-02B,94.94,97.47,517,514,0.000204,,1.25
2021-075A,49075,ONEWEB-0285,109.72,87.89,1215,1212,0.0001875,,0.76
2021-075B,49076,ONEWEB-0286,109.72,87.89,1215,1212,0.0001845,,0.33
2021-075C,49077,ONEWEB-0287,109.29,87.91,1195,1192,0.0001923,,0.76
2021-075D,49078,ONEWEB-0288,109.72,87.89,1215,1212,0.0001995,,0.8
2021-075E,49079,ONEWEB-0289,109.29,87.91,1195,1192,0.0001758,,0.73
2021-075F,49080,ONEWEB-0290,109.29,87.91,1196,1192,0.0002382,,0.75
2021-075G,49081,ONEWEB-0291,109.29,87.91,1195,1192,0.0002019,,0.31
2021-075H,49082,ONEWEB-0293,109.29,87.91,1195,1192,0.0001962,,0.28
2021-075J,49083,ONEWEB-0294,109.72,87.89,1216,1212,0.0002424,,0.8
2021-075K,49084,ONEWEB-0295,109.29,87.91,1195,1192,0.0002026,,0.74
2021-075L,49085,ONEWEB-0296,109.72,87.89,1216,1212,0.0002419,,0.74
2021-075M,49086,ONEWEB-0297,109.72,87.89,1215,1212,0.0001785,,0.78
2021-075N,49087,ONEWEB-0298,109.29,87.91,1195,1192,0.0001711,,0.74
2021-075P,49088,ONEWEB-0299,109.29,87.91,1195,1192,0.0001705,,0.73
2021-075Q,49089,ONEWEB-0300,109.72,87.89,1215,1213,0.0001453,,0.79
2021-075R,49090,ONEWEB-0301,109.72,87.89,1215,1213,0.0001538,,0.35
2021-075S,49091,ONEWEB-0302,109.72,87.89,1215,1212,0.0002262,,0.59
2021-075T,49092,ONEWEB-0304,109.29,87.91,1195,1192,0.0001894,,0.76
2021-075U,49093,ONEWEB-0305,109.29,87.91,1195,1192,0.0001866,,0.31
2021-075V,49094,ONEWEB-0308,109.72,87.89,1215,1212,0.0001756,,0.75
2021-075W,49095,ONEWEB-0309,109.29,87.91,1195,1192,0.0002327,,0.76
2021-075X,49096,ONEWEB-0310,109.72,87.89,1215,1212,0.0001987,,0.36
2021-075Y,49097,ONEWEB-0311,109.29,87.91,1195,1192,0.0001771,,0.3
2021-075Z,49098,ONEWEB-0312,109.29,87.91,1195,1192,0.0002149,,0.29
2021-075AA,49099,ONEWEB-0313,109.29,87.91,1195,1192,0.000196,,0.74
2021-075AB,49100,ONEWEB-0314,109.29,87.91,1195,1192,0.0002073,,0.31
2021-075AC,49101,ONEWEB-0315,109.72,87.89,1215,1213,0.0001607,,0.76
2021-075AD,49102,ONEWEB-0316,109.2,87.91,1191,1188,0.0001837,,0.59
2021-075AE,49103,ONEWEB-0317,109.72,87.89,1215,1212,0.0001973,,0.62
2021-075AF,49104,ONEWEB-0318,109.2,87.91,1191,1188,0.0001818,,0.82
2021-075AG,49105,ONEWEB-0319,109.29,87.91,1195,1192,0.0001795,,0.3
2021-075AH,49106,ONEWEB-0323,109.72,87.89,1215,1212,0.0001914,,0.78
2021-075AJ,49107,ONEWEB-0329,109.29,87.91,1195,1192,0.0001901,,0.75
2021-075AK,49108,ONEWEB-0330,109.29,87.91,1195,1192,0.0002079,,0.74
2021-076A,49112,RSW-01,107.24,86.41,1112,1086,0.0017151,,0.23
2021-076B,49113,PAYLOAD B,102.18,86.4,877,847,0.0020157,,0.26
2021-076C,49114,RSW-02,107.24,86.41,1114,1083,0.0020731,,0.23
2021-077A,49115,TJS-7,1436.12,0.04,35793,35781,0.0001459,*G,0.62
2021-079A,49122,GAOFEN-5 02,98.78,98.16,703,698,0.0002987,,0.26
2021-080A,49125,CHINASAT 9B,1436.09,0.02,35796,35777,0.0002252,*G,0.44
2021-082B,49131,STARLINK-3096,96.11,70,574,570,0.0002651,,0.58
2021-082C,49132,STARLINK-3090,96.11,70,574,570,0.0003116,,0.61
2021-082D,49133,STARLINK-3077,96.11,70,574,570,0.0002724,,0.62
2021-082E,49134,STARLINK-3078,96.11,70,574,570,0.0002743,,0.62
2021-082F,49135,STARLINK-3073,96.11,70,574,570,0.0002877,,0.58
2021-082G,49136,STARLINK-3084,96.11,70,574,570,0.0002616,,0.59
2021-082H,49137,STARLINK-3055,96.11,70,574,570,0.0002936,,0.53
2021-082J,49138,STARLINK-3058,96.11,70,574,570,0.0002543,,0.56
2021-082K,49139,STARLINK-3057,96.11,70,574,570,0.0002773,,0.59
2021-082M,49141,STARLINK-3093,96.11,70,574,570,0.0002337,,0.56
2021-082N,49142,STARLINK-3042,96.08,70,572,569,0.000229,,0.54
2021-082P,49143,STARLINK-3109,96.11,70,574,570,0.0002859,,0.6
2021-082Q,49144,STARLINK-3100,96.11,70,574,570,0.0003046,,0.57
2021-082R,49145,STARLINK-3119,96.11,70,574,570,0.0003002,,0.56
2021-082S,49146,STARLINK-3116,96.11,70,574,570,0.000262,,0.6
2021-082T,49147,STARLINK-3071,96.11,70,574,570,0.0002998,,0.54
2021-082U,49148,STARLINK-3048,96.11,70,574,570,0.0002865,,0.61
2021-082V,49149,STARLINK-3053,94.49,70,496,492,0.0002966,,0.58
2021-082W,49150,STARLINK-3104,96.11,70,575,570,0.0003616,,0.58
2021-082X,49151,STARLINK-3102,96.11,70,574,570,0.000283,,0.56
2021-082Y,49152,STARLINK-3081,96.11,70,574,570,0.0002837,,0.52
2021-082Z,49153,STARLINK-3072,96.11,70,574,570,0.0002581,,0.57
2021-082AA,49154,STARLINK-3068,96.11,70,574,570,0.0002784,,0.48
2021-082AB,49155,STARLINK-3060,96.11,70,574,570,0.0002932,,0.58
2021-082AC,49156,STARLINK-3085,96.11,70,574,570,0.0002875,,0.6
2021-082AD,49157,STARLINK-3051,96.11,70,574,570,0.000274,,0.62
2021-082AE,49158,STARLINK-3083,94.5,69.99,496,492,0.0002565,,0.6
2021-082AF,49159,STARLINK-3056,96.11,70,574,570,0.0002891,,0.58
2021-082AG,49160,STARLINK-3095,96.11,70,574,570,0.0002838,,0.6
2021-082AH,49161,STARLINK-3080,96.11,70,574,570,0.0002873,,0.59
2021-082AK,49163,STARLINK-3088,96.11,70,574,570,0.0002604,,0.56
2021-082AL,49164,STARLINK-3106,96.11,70,574,570,0.0002778,,0.57
2021-082AM,49165,STARLINK-3052,96.11,70,574,570,0.0002852,,0.6
2021-082AN,49166,STARLINK-3089,96.11,70,574,570,0.0002896,,0.56
2021-082AP,49167,STARLINK-3054,96.11,70,574,570,0.0002701,,0.61
2021-082AQ,49168,STARLINK-3101,96.11,70,574,570,0.0003057,,0.58
2021-082AR,49169,STARLINK-3046,96.11,70,574,570,0.0002746,,0.57
2021-082AT,49171,STARLINK-3107,96.11,70,574,570,0.0002772,,0.61
2021-082AU,49172,STARLINK-3091,96.11,70,574,570,0.0003005,,0.61
2021-082AV,49173,STARLINK-3045,96.11,70,574,570,0.0002518,,0.58
2021-082AW,49174,STARLINK-3047,94.48,69.99,494,492,0.0001697,,0.59
2021-082AX,49175,STARLINK-3087,96.11,70,574,570,0.0002677,,0.62
2021-082AY,49176,STARLINK-3069,96.11,70,574,570,0.0002755,,0.57
2021-082AZ,49177,STARLINK-3103,96.11,70,574,570,0.0003215,,0.55
2021-082BA,49178,STARLINK-3086,96.11,70,574,570,0.0002587,,0.59
2021-082BB,49179,STARLINK-3043,96.11,70,574,570,0.0002229,,0.63
2021-082BC,49180,STARLINK-3050,96.11,70,574,570,0.0002957,,0.58
2021-082BD,49181,STARLINK-3059,96.11,70,574,570,0.0002765,,0.6
2021-083A,49186,ONEWEB-0292,109.63,87.89,1211,1208,0.0001745,,0.64
2021-083B,49187,ONEWEB-0303,109.2,87.91,1191,1188,0.0001777,,0.83
2021-083C,49188,ONEWEB-0306,109.2,87.91,1191,1188,0.0001981,,0.84
2021-083D,49189,ONEWEB-0307,109.63,87.89,1211,1208,0.0002131,,0.87
2021-083E,49190,ONEWEB-0320,109.2,87.91,1191,1188,0.0001902,,0.83
2021-083F,49191,ONEWEB-0321,109.03,87.93,1183,1180,0.0001789,,0.58
2021-083G,49192,ONEWEB-0322,109.63,87.89,1211,1208,0.0001978,,0.65
2021-083H,49193,ONEWEB-0324,109.2,87.91,1191,1188,0.0002056,,0.85
2021-083J,49194,ONEWEB-0325,109.2,87.91,1191,1188,0.0001823,,0.84
2021-083K,49195,ONEWEB-0326,109.2,87.91,1191,1188,0.0001773,,0.83
2021-083L,49196,ONEWEB-0327,109.2,87.91,1191,1189,0.0001652,,0.83
2021-083M,49197,ONEWEB-0328,109.63,87.89,1211,1208,0.0001988,,0.66
2021-083N,49198,ONEWEB-0331,109.2,87.91,1191,1188,0.0001948,,0.83
2021-083P,49199,ONEWEB-0333,109.63,87.89,1211,1208,0.0001843,,0.89
2021-083Q,49200,ONEWEB-0334,109.03,87.92,1183,1181,0.0001402,,0.52
2021-083R,49201,ONEWEB-0335,109.63,87.89,1211,1208,0.0001823,,0.89
2021-083S,49202,ONEWEB-0336,109.63,87.89,1211,1209,0.0001644,,0.85
2021-083T,49203,ONEWEB-0337,109.63,87.89,1211,1208,0.0001963,,0.84
2021-083U,49204,ONEWEB-0338,109.03,87.93,1183,1180,0.0001749,,0.59
2021-083V,49205,ONEWEB-0339,109.63,87.89,1211,1208,0.0001981,,0.83
2021-083W,49206,ONEWEB-0340,109.2,87.91,1191,1188,0.0001909,,0.85
2021-083X,49207,ONEWEB-0341,109.2,87.91,1192,1188,0.0002503,,0.84
2021-083Y,49208,ONEWEB-0342,109.03,87.92,1183,1180,0.0001748,,0.58
2021-083Z,49209,ONEWEB-0343,109.2,87.91,1192,1188,0.0002465,,0.84
2021-083AA,49210,ONEWEB-0344,109.63,87.89,1211,1208,0.0002235,,0.63
2021-083AB,49211,ONEWEB-0345,109.63,87.89,1212,1208,0.0002286,,0.84
2021-083AC,49212,ONEWEB-0346,109.2,87.91,1191,1188,0.000178,,0.83
2021-083AD,49213,ONEWEB-0348,109.03,87.93,1183,1180,0.000217,,0.59
2021-083AE,49214,ONEWEB-0350,109.63,87.89,1211,1208,0.0002147,,0.83
2021-083AF,49215,ONEWEB-0351,109.03,87.93,1183,1180,0.0002152,,0.52
2021-083AG,49216,ONEWEB-0352,109.63,87.89,1211,1208,0.0002089,,0.47
2021-083AH,49217,ONEWEB-0354,109.03,87.93,1183,1180,0.0002114,,0.57
2021-083AJ,49218,ONEWEB-0355,109.63,87.89,1211,1208,0.0002052,,0.9
2021-083AK,49219,ONEWEB-0357,109.03,87.93,1183,1180,0.0001914,,0.57
2021-086A,49256,JILIN-1 GAOFEN 2D,94.39,97.6,500,478,0.0015903,,0.35
2021-087A,49258,SHIYAN 10-01 (SY-10 01),717.68,63.62,38688,1661,0.6972352,,0.53
2021-088A,49260,LANDSAT 9,98.83,98.21,703,702,0.0001182,,0.27
2021-088B,49261,CS1,94.81,97.45,522,497,0.0018438,,0.76
2021-088C,49262,CS2,94.77,97.46,518,497,0.0015353,,0.78
2021-088D,49263,CUTE,93.58,97.47,457,443,0.0009943,,0.74
2021-088E,49264,CUPID,94.98,97.46,529,506,0.0016247,,0.37
2021-090A,49279,ONEWEB-0332,109.55,87.9,1207,1205,0.0001577,,0.56
2021-090B,49280,ONEWEB-0347,109.03,87.93,1183,1181,0.0001394,,0.58
2021-090C,49281,ONEWEB-0349,109.03,87.93,1183,1181,0.0001674,,0.55
2021-090D,49282,ONEWEB-0353,109.55,87.9,1207,1205,0.0001551,,0.57
2021-090E,49283,ONEWEB-0356,109.03,87.93,1183,1181,0.0001416,,0.55
2021-090F,49284,ONEWEB-0358,109.03,87.93,1183,1180,0.0001842,,0.52
2021-090G,49285,ONEWEB-0359,109.03,87.93,1183,1180,0.0002201,,0.6
2021-090H,49286,ONEWEB-0360,109.03,87.93,1183,1180,0.0001961,,0.61
2021-090J,49287,ONEWEB-0361,109.03,87.93,1183,1181,0.0001657,,0.56
2021-090K,49288,ONEWEB-0362,109.11,87.91,1187,1184,0.0002113,,0.93
2021-090L,49289,ONEWEB-0363,109.03,87.93,1183,1181,0.000165,,0.54
2021-090M,49290,ONEWEB-0364,109.03,87.93,1183,1181,0.0001648,,0.58
2021-090N,49291,ONEWEB-0365,109.11,87.91,1187,1184,0.0001763,,0.92
2021-090P,49292,ONEWEB-0366,109.55,87.9,1207,1205,0.0001704,,0.5
2021-090Q,49293,ONEWEB-0367,109.03,87.93,1183,1180,0.0001754,,0.62
2021-090R,49294,ONEWEB-0368,109.03,87.93,1182,1181,0.0000897,,0.57
2021-090S,49295,ONEWEB-0369,109.11,87.91,1187,1184,0.0001744,,0.93
2021-090T,49296,ONEWEB-0370,109.03,87.93,1183,1180,0.000216,,0.53
2021-090U,49297,ONEWEB-0371,109.11,87.91,1187,1184,0.0001899,,0.92
2021-090V,49298,ONEWEB-0372,109.03,87.93,1183,1180,0.0001702,,0.62
2021-090W,49299,ONEWEB-0373,109.03,87.93,1183,1181,0.0001636,,0.52
2021-090X,49300,ONEWEB-0374,109.55,87.9,1207,1205,0.0001343,,0.97
2021-090Y,49301,ONEWEB-0375,109.03,87.93,1183,1180,0.0001791,,0.53
2021-090Z,49302,ONEWEB-0376,109.11,87.91,1187,1184,0.0001763,,0.92
2021-090AA,49303,ONEWEB-0377,109.03,87.93,1183,1180,0.0002025,,0.62
2021-090AB,49304,ONEWEB-0378,109.03,87.93,1183,1180,0.0001737,,0.52
2021-090AC,49305,ONEWEB-0379,109.55,87.9,1207,1204,0.0001718,,0.51
2021-090AD,49306,ONEWEB-0380,109.11,87.91,1187,1184,0.0001841,,0.92
2021-090AE,49307,ONEWEB-0381,109.03,87.93,1183,1180,0.0001885,,0.55
2021-090AF,49308,ONEWEB-0382,109.03,87.93,1183,1181,0.0001522,,0.56
2021-090AG,49309,ONEWEB-0383,109.55,87.9,1207,1205,0.0001597,,0.52
2021-090AH,49310,ONEWEB-0384,109.03,87.93,1183,1181,0.0001463,,0.56
2021-090AJ,49311,ONEWEB-0385,109.03,87.93,1183,1181,0.000168,,0.57
2021-090AK,49312,ONEWEB-0386,109.03,87.93,1183,1181,0.000153,,1
2021-090AL,49313,ONEWEB-0387,109.03,87.92,1183,1180,0.0001924,,0.56
2021-090AM,49314,ONEWEB-0388,109.11,87.92,1187,1184,0.0001709,,0.93
2021-091B,49316,2021-091B,94.9,97.45,522,505,0.0012869,,0.27
2021-094A,49330,SHIJIAN-21 (SJ-21),1436.27,10.22,36114,35466,0.0076856,,0.74
2021-095A,49332,SES-17,1436.12,0.01,35791,35783,0.0000964,*G,0.62
2021-095B,49333,SYRACUSE 4A,1436.11,0.02,35793,35780,0.0001548,*G,1.02
2021-096A,49336,QZS-1R,1436.43,36.4,38995,32591,0.0759284,,1.99
2021-097A,49338,JILIN-1 GAOFEN 2F,94.14,97.59,480,474,0.0004827,,0.33
2021-099A,49383,YAOGAN-32 02A,98.44,98.22,685,683,0.0001316,,0.22
2021-099B,49384,YAOGAN-32 02B,98.44,98.22,685,683,0.0001133,,0.22
2021-100A,49387,SDGSAT 1,94.74,97.34,510,501,0.0006251,,0.26
2021-101A,49390,YAOGAN-35 01A,94.56,34.99,500,494,0.0004609,,0.45
2021-101B,49391,YAOGAN-35 01B,92.87,34.99,419,410,0.0006731,,0.52
2021-101D,49393,YAOGAN-35 01C,94.5,35,517,472,0.003308,,0.54
2021-102B,49396,TEIKYOSAT-4 (OORURI),95.58,97.43,555,539,0.0011445,,0.31
2021-102C,49397,RAISE 2,95.17,97.39,533,521,0.0008891,,0.77
2021-102E,49399,Z-SAT,95.21,97.4,541,517,0.0017684,,0.26
2021-102F,49400,HIBARI,94.8,97.4,519,499,0.001469,,0.79
2021-102G,49401,DRUMS,95.15,97.4,537,514,0.0016714,,0.81
2021-102H,49402,KOSEN-1,94.92,97.39,526,503,0.0016253,,0.64
2021-104A,49408,STARLINK-3151,95.44,53.22,541,539,0.0001683,,0.6
2021-104B,49409,STARLINK-3075,95.44,53.22,541,539,0.0001376,,0.59
2021-104C,49410,STARLINK-3147,95.44,53.22,541,539,0.0001671,,0.59
2021-104D,49411,STARLINK-3162,95.44,53.22,541,539,0.0001505,,0.6
2021-104F,49413,STARLINK-3157,95.44,53.22,541,539,0.0001419,,0.6
2021-104G,49414,STARLINK-3146,95.44,53.22,541,539,0.0001659,,0.6
2021-104H,49415,STARLINK-3159,95.44,53.22,541,539,0.000151,,0.61
2021-104J,49416,STARLINK-3133,95.44,53.22,541,538,0.0001831,,0.6
2021-104K,49417,STARLINK-3154,95.44,53.22,541,539,0.0001773,,0.58
2021-104L,49418,STARLINK-3111,95.44,53.22,541,539,0.0001768,,0.61
2021-104M,49419,STARLINK-3120,95.44,53.22,541,539,0.0001521,,0.35
2021-104N,49420,STARLINK-3110,95.44,53.22,541,539,0.0001588,,0.61
2021-104P,49421,STARLINK-3112,95.44,53.22,541,539,0.0001434,,0.58
2021-104Q,49422,STARLINK-3161,95.44,53.22,540,539,0.0000767,,0.52
2021-104R,49423,STARLINK-3149,95.44,53.22,541,539,0.0001495,,0.61
2021-104S,49424,STARLINK-3135,95.44,53.22,541,539,0.0001787,,0.36
2021-104T,49425,STARLINK-3139,95.44,53.22,541,539,0.0001522,,0.57
2021-104U,49426,STARLINK-3114,95.44,53.22,541,539,0.0001555,,0.36
2021-104V,49427,STARLINK-3131,95.44,53.22,541,539,0.0001561,,0.57
2021-104W,49428,STARLINK-3121,95.44,53.22,541,539,0.0001306,,0.53
2021-104Y,49430,STARLINK-3138,95.44,53.22,541,539,0.0001552,,0.62
2021-104Z,49431,STARLINK-3153,95.44,53.22,541,539,0.0001667,,0.6
2021-104AA,49432,STARLINK-3158,95.44,53.22,541,539,0.0001283,,0.55
2021-104AB,49433,STARLINK-3079,95.44,53.22,541,539,0.0001418,,0.48
2021-104AC,49434,STARLINK-3134,95.44,53.22,541,539,0.000144,,0.57
2021-104AD,49435,STARLINK-3117,95.44,53.22,541,539,0.0001318,,0.48
2021-104AE,49436,STARLINK-3049,95.44,53.22,541,539,0.0001271,,0.61
2021-104AF,49437,STARLINK-3130,95.44,53.22,541,539,0.0001329,,0.48
2021-104AG,49438,STARLINK-3044,95.44,53.22,541,539,0.0001185,,0.56
2021-104AJ,49440,STARLINK-3105,95.44,53.22,541,539,0.0001293,,0.56
2021-104AK,49441,STARLINK-3128,95.44,53.22,541,539,0.0001478,,0.58
2021-104AL,49442,STARLINK-3098,95.44,53.22,541,539,0.0001441,,0.63
2021-104AM,49443,STARLINK-3136,95.44,53.22,541,539,0.0001575,,0.58
2021-104AN,49444,STARLINK-3126,95.44,53.22,541,539,0.0001253,,0.56
2021-104AP,49445,STARLINK-3122,95.44,53.22,541,539,0.0001544,,0.58
2021-104AQ,49446,STARLINK-3099,95.44,53.22,541,539,0.0001301,,0.57
2021-104AR,49447,STARLINK-3115,95.44,53.22,541,539,0.0001522,,0.56
2021-104AT,49449,STARLINK-3137,95.44,53.22,541,539,0.0001582,,0.56
2021-104AU,49450,STARLINK-3127,95.44,53.22,541,538,0.000194,,0.62
2021-104AV,49451,STARLINK-3125,95.44,53.22,541,539,0.0001721,,0.57
2021-104AW,49452,STARLINK-3150,95.44,53.22,541,539,0.0001527,,0.58
2021-104AX,49453,STARLINK-3129,95.44,53.22,541,539,0.0001469,,0.57
2021-104AY,49454,STARLINK-3160,95.44,53.22,541,539,0.0001644,,0.57
2021-104AZ,49455,STARLINK-3145,95.44,53.22,541,539,0.0001208,,0.58
2021-104BA,49456,STARLINK-3124,95.44,53.22,541,539,0.0001597,,0.57
2021-104BB,49457,STARLINK-3132,95.44,53.22,541,539,0.0001489,,0.59
2021-104BC,49458,STARLINK-3156,95.44,53.22,541,539,0.0001384,,0.58
2021-104BD,49459,STARLINK-3141,95.44,53.22,541,539,0.0001324,,0.59
2021-104BE,49460,STARLINK-3140,95.44,53.22,541,539,0.0001377,,0.53
2021-106A,49469,GLOBAL-14,93.97,42.01,477,461,0.001159,,0.38
2021-107A,49492,GAOFEN-11 03,94.52,97.29,502,488,0.0010386,,0.26
2021-109A,49495,GAOFEN-3 02,99.85,98.41,754,749,0.000342,,0.21
2021-112A,49501,SHIYAN 11 (SY-11),92.36,97.39,395,386,0.0006807,,0.23
2021-113A,49503,COSMOS 2552,717.77,62.99,37916,2438,0.6679916,,1.51
2021-114A,49505,ZHONGXING-1D,1436.11,0.05,35797,35777,0.000229,*G,0.51
2021-115A,49724,STARLINK-3219,95.44,53.22,541,539,0.0001256,,0.59
2021-115B,49725,STARLINK-3218,95.44,53.22,541,539,0.0001434,,0.64
2021-115D,49727,STARLINK-3242,95.44,53.22,541,539,0.0001444,,0.55
2021-115E,49728,STARLINK-3240,95.44,53.22,541,539,0.0001419,,0.55
2021-115F,49729,STARLINK-3251,95.44,53.22,541,539,0.0001318,,0.55
2021-115G,49730,STARLINK-3249,95.44,53.22,541,539,0.0001274,,0.58
2021-115J,49732,STARLINK-3246,95.44,53.22,540,539,0.0000902,,0.71
2021-115K,49733,STARLINK-3252,95.44,53.22,541,539,0.0001523,,0.6
2021-115L,49734,STARLINK-3238,95.44,53.22,541,539,0.000146,,0.78
2021-115M,49735,STARLINK-3113,95.44,53.22,541,539,0.000148,,0.6
2021-115N,49736,STARLINK-3148,95.44,53.22,541,539,0.0001446,,0.58
2021-115P,49737,STARLINK-3225,95.44,53.22,541,539,0.0001387,,0.64
2021-115Q,49738,STARLINK-3143,95.44,53.22,541,539,0.0001395,,0.61
2021-115R,49739,STARLINK-3155,95.44,53.22,541,539,0.000137,,0.59
2021-115S,49740,STARLINK-3226,95.44,53.22,541,539,0.0001402,,0.62
2021-115T,49741,STARLINK-3244,95.44,53.22,541,539,0.0001503,,0.63
2021-115U,49742,STARLINK-3202,95.44,53.22,541,539,0.0001417,,0.61
2021-115V,49743,STARLINK-3239,95.44,53.22,541,539,0.0001458,,0.7
2021-115W,49744,STARLINK-3231,95.44,53.22,541,539,0.0001421,,0.62
2021-115X,49745,STARLINK-3241,95.44,53.22,541,539,0.0001454,,0.62
2021-115Y,49746,STARLINK-3233,95.44,53.22,541,539,0.0001292,,0.6
2021-115Z,49747,STARLINK-3247,95.44,53.22,541,539,0.0001364,,0.74
2021-115AA,49748,STARLINK-3248,95.44,53.22,541,539,0.000145,,0.63
2021-115AB,49749,STARLINK-3250,95.44,53.22,541,539,0.0001599,,0.65
2021-115AC,49750,STARLINK-3236,95.44,53.22,541,539,0.0001314,,0.78
2021-115AD,49751,STARLINK-3229,95.44,53.22,541,538,0.0002359,,0.6
2021-115AE,49752,STARLINK-3209,95.44,53.22,541,539,0.0001521,,0.63
2021-115AF,49753,STARLINK-3200,95.44,53.22,541,539,0.0001346,,0.59
2021-115AG,49754,STARLINK-3193,95.44,53.22,541,539,0.0001477,,0.76
2021-115AH,49755,STARLINK-3210,95.44,53.22,541,539,0.0001375,,0.58
2021-115AJ,49756,STARLINK-3207,95.44,53.22,541,539,0.0001339,,0.76
2021-115AK,49757,STARLINK-3197,95.44,53.22,541,539,0.0001355,,0.63
2021-115AL,49758,STARLINK-3194,95.44,53.22,541,539,0.000141,,0.82
2021-115AM,49759,STARLINK-3204,95.44,53.22,541,539,0.0001242,,0.63
2021-115AN,49760,STARLINK-3199,95.44,53.22,541,539,0.0001241,,0.74
2021-115AP,49761,STARLINK-3203,95.44,53.22,541,539,0.0001415,,0.62
2021-115AQ,49762,STARLINK-3195,95.44,53.22,541,539,0.0001411,,0.6
2021-115AR,49763,STARLINK-3198,95.44,53.22,541,539,0.0001426,,0.75
2021-115AT,49765,STARLINK-3227,95.44,53.22,541,539,0.0001467,,0.8
2021-115AU,49766,STARLINK-3190,95.44,53.22,541,539,0.0001405,,0.66
2021-115AV,49767,STARLINK-3192,95.44,53.22,541,539,0.0001499,,0.67
2021-115AW,49768,STARLINK-3196,95.44,53.22,541,539,0.0001261,,0.72
2021-115AX,49769,STARLINK-3208,95.44,53.22,541,539,0.0001362,,0.65
2021-115AY,49770,STARLINK-3191,95.44,53.22,541,539,0.0001371,,0.64
2021-115AZ,49771,STARLINK-3201,95.44,53.22,541,539,0.0001382,,0.78
2021-115BA,49772,GLOBAL-12,93.61,53.2,455,448,0.0005198,,0.35
2021-115BB,49773,GLOBAL-13,93.61,53.2,453,449,0.0002913,,0.58
2021-116A,49809,GSAT0223 (GALILEO 27),844.69,57.28,23233,23211,0.0003606,,3.35
2021-116B,49810,GSAT0224 (GALILEO 28),844.69,57.29,23231,23213,0.0002987,,2.66
2021-118A,49817,STPSAT-6,1436.09,0.01,35796,35777,0.0002254,*G,0.62
2021-118B,49818,LDPE-1,1451.09,2.92,36084,36075,0.0000981,*G,0.25
2021-120A,49949,GLOBAL-17,93.63,42,459,445,0.0010004,,1.06
2021-120B,49950,GLOBAL-16,93.63,42,458,446,0.0008819,,0.64
2021-121A,49954,IXPE,95.81,0.23,564,552,0.0008307,,0.5
2021-122A,49961,SHIJIAN-6 05A (SJ-6 05A),96.24,97.35,580,577,0.0001703,,0.54
2021-122B,49962,SHIJIAN-6 05B (SJ-6 05B),95.44,97.34,542,538,0.000266,,0.53
2021-123A,50001,EXPRESS AMU-7,1436.06,0.01,35787,35785,0.0000202,*G,0.5
2021-123B,50002,EXPRESS AMU-3,1436.13,0.01,35790,35784,0.0000666,*G,1.12
2021-124A,50005,TIANLIAN 2-02,1436.09,0.11,35805,35768,0.0004377,*G,0.64
2021-125A,50156,STARLINK-3317,95.44,53.22,541,539,0.0001716,,0.56
2021-125B,50157,STARLINK-3313,95.44,53.22,541,539,0.000138,,0.67
2021-125C,50158,STARLINK-3309,95.44,53.22,541,539,0.0001315,,0.68
2021-125D,50159,STARLINK-3297,95.44,53.22,541,539,0.0001397,,1.01
2021-125F,50161,STARLINK-3304,95.44,53.22,541,539,0.0001352,,1
2021-125H,50163,STARLINK-3306,95.44,53.22,541,538,0.0001925,,0.36
2021-125K,50165,STARLINK-3298,95.44,53.22,541,539,0.0001325,,0.55
2021-125L,50166,STARLINK-3305,95.44,53.22,541,539,0.000147,,1
2021-125M,50167,STARLINK-3271,95.44,53.22,541,539,0.0001357,,0.56
2021-125N,50168,STARLINK-3296,95.44,53.22,541,538,0.0002194,,0.59
2021-125P,50169,STARLINK-3301,95.44,53.22,541,538,0.0001933,,0.37
2021-125Q,50170,STARLINK-3245,95.44,53.22,541,539,0.000155,,0.74
2021-125R,50171,STARLINK-3286,95.44,53.22,541,539,0.000169,,0.59
2021-125S,50172,STARLINK-3287,95.44,53.22,541,539,0.000155,,0.75
2021-125T,50173,STARLINK-3289,95.44,53.22,541,538,0.0002212,,0.58
2021-125U,50174,STARLINK-3292,95.44,53.22,541,539,0.0001624,,0.58
2021-125V,50175,STARLINK-3291,95.44,53.22,541,539,0.0001595,,0.34
2021-125W,50176,STARLINK-3293,95.44,53.22,541,539,0.0001517,,0.56
2021-125X,50177,STARLINK-3282,95.44,53.22,541,539,0.0001258,,1.01
2021-125Y,50178,STARLINK-3284,95.44,53.22,541,538,0.0001722,,0.6
2021-125Z,50179,STARLINK-3283,95.44,53.22,541,539,0.0001715,,0.36
2021-125AA,50180,STARLINK-3265,95.44,53.22,541,539,0.0001745,,0.57
2021-125AB,50181,STARLINK-3285,95.44,53.22,541,539,0.0001416,,0.58
2021-125AC,50182,STARLINK-3277,95.44,53.22,541,539,0.000153,,0.6
2021-125AD,50183,STARLINK-3281,95.44,53.22,541,539,0.0001379,,0.58
2021-125AF,50185,STARLINK-3279,95.44,53.22,541,539,0.0001553,,0.37
2021-125AG,50186,STARLINK-3274,95.44,53.22,541,539,0.0001268,,0.29
2021-125AH,50187,STARLINK-3272,95.44,53.22,541,539,0.0001328,,0.33
2021-125AJ,50188,STARLINK-3275,93.64,53.21,454,452,0.0001619,,0.6
2021-125AK,50189,STARLINK-3276,95.44,53.22,541,539,0.0001267,,0.59
2021-125AL,50190,STARLINK-3268,95.44,53.22,541,539,0.0001431,,0.61
2021-125AM,50191,STARLINK-3273,95.44,53.22,541,539,0.0001695,,0.33
2021-125AN,50192,STARLINK-3259,95.44,53.22,541,539,0.000109,,0.61
2021-125AP,50193,STARLINK-3261,95.44,53.22,541,539,0.0001643,,0.34
2021-125AQ,50194,STARLINK-3269,94.99,53.21,519,517,0.0000921,,0.58
2021-125AR,50195,STARLINK-3266,95.44,53.22,541,539,0.0001751,,0.6
2021-125AT,50197,STARLINK-3267,95.44,53.22,541,539,0.0001515,,0.62
2021-125AU,50198,STARLINK-3264,95.43,53.22,540,539,0.0001362,,0.37
2021-125AV,50199,STARLINK-3270,95.44,53.22,541,538,0.0002077,,0.59
2021-125AW,50200,STARLINK-3235,95.44,53.22,541,538,0.0001855,,0.37
2021-125AX,50201,STARLINK-3255,95.44,53.22,541,538,0.000184,,0.57
2021-125AY,50202,STARLINK-3256,95.44,53.22,541,538,0.000205,,0.59
2021-125AZ,50203,STARLINK-3257,95.44,53.22,541,539,0.0001293,,0.62
2021-125BA,50204,STARLINK-3254,95.44,53.22,541,539,0.000144,,0.58
2021-125BB,50205,STARLINK-3260,95.44,53.22,541,539,0.0001484,,0.58
2021-125BC,50206,STARLINK-3258,95.44,53.22,541,538,0.0002129,,0.59
2021-125BD,50207,STARLINK-3262,95.44,53.22,541,539,0.0001592,,0.58
2021-126A,50212,TURKSAT 5B,1436.09,0.07,35808,35765,0.0005196,*G,0.74
2021-128A,50319,INMARSAT 6-F1,1436.12,0.03,35788,35786,0.0000156,*G,0.36
2021-129A,50321,SHIYAN 12 01 (SY-12 01),1438.96,2.35,35858,35827,0.0003765,*G,0.67
2021-129B,50322,SHIYAN 12 02 (SY-12 02),1432.5,2.35,35725,35708,0.0001964,*G,0.67
2021-131A,50465,ZY-1 02E,100.32,98.49,775,773,0.0001258,,0.24
2021-131B,50466,XW-3 (CAS-9),99.97,98.52,760,754,0.0004232,,0.22
2021-132A,50469,ONEWEB-0389,109.29,87.91,1195,1192,0.0001771,,0.73
2021-132B,50470,ONEWEB-0390,109.29,87.91,1195,1192,0.0002084,,0.73
2021-132C,50471,ONEWEB-0391,109.29,87.91,1195,1192,0.000215,,0.27
2021-132D,50472,ONEWEB-0392,109.29,87.91,1195,1192,0.000181,,0.77
2021-132E,50473,ONEWEB-0393,109.29,87.91,1195,1192,0.0001774,,0.72
2021-132F,50474,ONEWEB-0394,109.2,87.91,1191,1188,0.000177,,0.35
2021-132G,50475,ONEWEB-0395,109.81,87.89,1219,1216,0.0001876,,0.67
2021-132H,50476,ONEWEB-0396,109.2,87.91,1191,1188,0.0001753,,0.59
2021-132J,50477,ONEWEB-0397,109.2,87.91,1191,1189,0.0001624,,0.8
2021-132K,50478,ONEWEB-0398,109.8,87.89,1219,1216,0.0002162,,0.7
2021-132L,50479,ONEWEB-0399,109.8,87.89,1219,1217,0.000135,,0.72
2021-132M,50480,ONEWEB-0400,109.2,87.91,1191,1188,0.0002079,,0.82
2021-132N,50481,ONEWEB-0401,109.2,87.91,1191,1189,0.0001604,,0.85
2021-132P,50482,ONEWEB-0402,109.2,87.91,1191,1189,0.0001219,,0.81
2021-132Q,50483,ONEWEB-0403,109.2,87.91,1191,1188,0.0001883,,0.86
2021-132R,50484,ONEWEB-0404,109.81,87.89,1219,1216,0.000163,,0.66
2021-132S,50485,ONEWEB-0405,109.2,87.91,1191,1189,0.0001501,,0.85
2021-132T,50486,ONEWEB-0406,109.2,87.91,1192,1188,0.0002319,,0.86
2021-132U,50487,ONEWEB-0407,109.2,87.91,1191,1188,0.0001674,,0.87
2021-132V,50488,ONEWEB-0409,109.8,87.89,1219,1216,0.0001869,,0.28
2021-132W,50489,ONEWEB-0412,109.2,87.91,1191,1189,0.0001427,,0.8
2021-132X,50490,ONEWEB-0413,109.2,87.91,1191,1189,0.0001556,,0.8
2021-132Y,50491,ONEWEB-0414,109.2,87.91,1191,1189,0.0001549,,0.81
2021-132Z,50492,ONEWEB-0417,109.2,87.91,1191,1188,0.0001906,,0.8
2021-132AA,50493,ONEWEB-0418,109.2,87.91,1191,1188,0.0001976,,0.79
2021-132AB,50494,ONEWEB-0419,109.2,87.91,1191,1188,0.0002177,,0.85
2021-132AC,50495,ONEWEB-0420,109.2,87.91,1191,1188,0.0001772,,0.81
2021-132AD,50496,ONEWEB-0421,109.2,87.91,1191,1189,0.0001489,,0.82
2021-132AE,50497,ONEWEB-0424,109.2,87.91,1192,1188,0.0002353,,0.86
2021-132AF,50498,ONEWEB-0426,109.2,87.91,1191,1188,0.0001682,,0.82
2021-132AG,50499,ONEWEB-0427,109.2,87.91,1191,1188,0.0001966,,0.86
2021-132AH,50500,ONEWEB-0429,109.2,87.91,1191,1188,0.0001807,,0.34
2021-132AJ,50501,ONEWEB-0430,109.2,87.91,1191,1188,0.0002161,,0.81
2021-132AK,50502,ONEWEB-0432,109.2,87.91,1192,1188,0.0002706,,0.85
2021-132AL,50503,ONEWEB-0440,109.2,87.91,1191,1189,0.0001458,,0.79
2021-132AM,50504,ONEWEB-0450,109.2,87.91,1191,1188,0.0001986,,0.64
2021-134A,50572,TIANHUI 4A,93.66,88.97,458,449,0.000692,,0.25
2021-134B,50573,TIANHUI 4B,93.66,88.97,458,449,0.0006512,,0.25
2021-135A,50574,TJS-9,1436.09,0.07,35802,35771,0.0003602,*G,0.41
2022-001A,50803,STARLINK-3321,89.91,53.21,274,266,0.0005975,*D,0.25
2022-001B,50804,STARLINK-3323,95.44,53.22,541,539,0.0001404,,0.76
2022-001C,50805,STARLINK-3333,95.44,53.22,541,539,0.0001287,,0.56
2022-001D,50806,STARLINK-3335,95.44,53.22,541,539,0.0001402,,0.56
2022-001F,50808,STARLINK-3355,95.44,53.22,541,539,0.000145,,0.77
2022-001G,50809,STARLINK-3232,95.44,53.22,541,539,0.0001462,,0.57
2022-001K,50812,STARLINK-3338,95.44,53.22,541,539,0.0001413,,0.61
2022-001L,50813,STARLINK-3349,95.38,53.22,538,536,0.0001241,,0.67
2022-001M,50814,STARLINK-3324,95.44,53.22,541,539,0.0001336,,0.74
2022-001N,50815,STARLINK-3234,95.44,53.22,541,539,0.0001515,,0.66
2022-001P,50816,STARLINK-3342,95.44,53.22,541,539,0.0001472,,0.69
2022-001Q,50817,STARLINK-3341,95.44,53.22,541,539,0.000142,,0.66
2022-001R,50818,STARLINK-3336,95.44,53.22,541,539,0.0001431,,0.55
2022-001S,50819,STARLINK-3327,95.44,53.22,541,539,0.0001298,,0.54
2022-001T,50820,STARLINK-3339,95.44,53.22,541,539,0.0001497,,0.69
2022-001U,50821,STARLINK-3346,95.44,53.21,541,539,0.0001289,,0.59
2022-001V,50822,STARLINK-3343,95.44,53.22,541,539,0.0001283,,0.57
2022-001W,50823,STARLINK-3334,95.44,53.22,541,539,0.000151,,0.73
2022-001Y,50825,STARLINK-3332,95.44,53.22,541,539,0.0001639,,0.7
2022-001AA,50827,STARLINK-3329,95.44,53.22,541,539,0.000162,,0.69
2022-001AB,50828,STARLINK-3290,95.44,53.22,541,539,0.0001434,,0.57
2022-001AC,50829,STARLINK-3294,95.44,53.22,541,539,0.0001415,,0.55
2022-001AD,50830,STARLINK-3278,95.44,53.22,541,539,0.0001472,,0.66
2022-001AE,50831,STARLINK-3299,95.44,53.22,540,539,0.0001156,,0.58
2022-001AF,50832,STARLINK-3328,95.44,53.22,541,539,0.0001467,,0.66
2022-001AH,50834,STARLINK-3331,95.44,53.22,541,539,0.0001298,,0.54
2022-001AJ,50835,STARLINK-3310,95.44,53.22,541,539,0.0001475,,0.61
2022-001AK,50836,STARLINK-3330,95.44,53.22,541,539,0.000131,,0.69
2022-001AL,50837,STARLINK-3318,95.44,53.22,541,539,0.0001448,,0.58
2022-001AM,50838,STARLINK-3322,94.29,53.2,489,479,0.0007355,,0.55
2022-001AN,50839,STARLINK-3320,95.44,53.22,541,539,0.0001211,,0.5
2022-001AP,50840,STARLINK-3295,95.44,53.22,541,539,0.0001388,,0.7
2022-001AQ,50841,STARLINK-3300,95.44,53.22,541,539,0.0001354,,0.62
2022-001AR,50842,STARLINK-3302,95.44,53.22,541,539,0.0001481,,0.64
2022-001AS,50843,STARLINK-3325,95.44,53.22,541,539,0.0001279,,0.55
2022-001AT,50844,STARLINK-3326,95.44,53.22,541,539,0.0001441,,0.51
2022-001AU,50845,STARLINK-3230,95.44,53.22,541,539,0.0001358,,0.67
2022-001AV,50846,STARLINK-3308,95.44,53.22,541,539,0.0001477,,0.64
2022-001AX,50848,STARLINK-3315,95.44,53.22,541,539,0.0001452,,0.65
2022-001AY,50849,STARLINK-3311,95.44,53.22,541,539,0.0001414,,0.64
2022-001AZ,50850,STARLINK-3312,95.44,53.22,541,539,0.0001461,,0.64
2022-001BA,50851,STARLINK-3314,95.44,53.22,541,539,0.0001476,,0.67
2022-002K,50993,ION SCV-004,94.53,97.36,502,490,0.0008929,,0.75
2022-002M,50995,MDASAT-1A,92.45,97.35,397,392,0.0003304,,0.8
2022-002AY,51030,SICH-2-30 (SICH-2-1),93.11,97.36,430,424,0.0004508,,0.26
2022-002BG,51038,MDASAT-1C,92.42,97.36,396,391,0.0003734,,0.71
2022-002BN,51044,IRIS-A,92.67,97.35,408,403,0.000382,,0.76
2022-002BU,51050,MDASAT-1B,91.31,97.35,342,336,0.0003942,,0.31
2022-002BV,51051,KEPLER-19,92.6,97.35,406,399,0.000524,,0.77
2022-002BX,51053,HYPSO-1,93.77,97.35,462,455,0.0004855,,0.3
2022-002CB,51057,KEPLER-16 (ASTRAEUS),93,97.36,423,420,0.0002365,,0.74
2022-002CE,51060,ETV-A1,94.25,97.36,487,477,0.0007552,,0.26
2022-002CF,51061,BRO-5,93.98,97.37,474,464,0.0007306,,0.26
2022-002CQ,51070,ICEYE-X14,93.99,97.37,474,465,0.0006504,,0.26
2022-002DF,51085,VZLUSAT-2,93.34,97.36,443,433,0.0007387,,0.26
2022-004A,51102,SHIYAN 13 (SY-13),101.66,98.51,1284,390,0.0619151,,0.56
2022-005A,51104,STARLINK-3366,95.44,53.22,541,539,0.0001645,,0.64
2022-005B,51105,STARLINK-3350,95.44,53.22,541,539,0.0001451,,0.6
2022-005C,51106,STARLINK-3176,95.44,53.22,541,539,0.0001518,,0.62
2022-005E,51108,STARLINK-3362,95.44,53.22,541,539,0.0001448,,0.6
2022-005F,51109,STARLINK-3358,95.44,53.22,541,539,0.0001454,,0.25
2022-005G,51110,STARLINK-3344,95.44,53.22,541,539,0.0001369,,0.61
2022-005H,51111,STARLINK-3173,95.44,53.22,541,539,0.0001856,,0.24
2022-005J,51112,STARLINK-3374,95.44,53.22,541,539,0.000143,,1.34
2022-005K,51113,STARLINK-3372,95.44,53.22,541,539,0.0001624,,0.89
2022-005L,51114,STARLINK-3375,95.44,53.22,541,539,0.0001294,,0.61
2022-005M,51115,STARLINK-3397,95.44,53.22,541,539,0.0001475,,0.63
2022-005N,51116,STARLINK-3243,95.44,53.22,541,539,0.0001294,,0.62
2022-005P,51117,STARLINK-3391,95.44,53.22,541,539,0.0001541,,0.66
2022-005Q,51118,STARLINK-3394,95.44,53.22,541,539,0.0001564,,0.89
2022-005S,51120,STARLINK-3398,95.44,53.22,541,539,0.000113,,0.66
2022-005T,51121,STARLINK-3399,95.44,53.22,541,539,0.0001537,,0.91
2022-005V,51123,STARLINK-3392,95.44,53.22,541,539,0.0001646,,0.59
2022-005W,51124,STARLINK-3389,95.44,53.22,541,539,0.0001666,,0.62
2022-005X,51125,STARLINK-3387,95.44,53.22,541,539,0.0001366,,0.89
2022-005Y,51126,STARLINK-3386,95.44,53.22,541,539,0.0001525,,0.89
2022-005Z,51127,STARLINK-3370,95.44,53.22,541,539,0.0001548,,0.89
2022-005AA,51128,STARLINK-3400,95.44,53.22,541,539,0.0001571,,0.58
2022-005AB,51129,STARLINK-3396,95.44,53.22,541,539,0.0001663,,0.88
2022-005AC,51130,STARLINK-3395,95.44,53.22,541,539,0.0001503,,0.9
2022-005AD,51131,STARLINK-3388,95.44,53.22,541,539,0.0001547,,0.57
2022-005AE,51132,STARLINK-3393,95.44,53.22,541,539,0.0001647,,0.24
2022-005AF,51133,STARLINK-3356,95.44,53.22,541,539,0.0001546,,1.31
2022-005AG,51134,STARLINK-3183,95.44,53.22,541,539,0.0001601,,0.61
2022-005AH,51135,STARLINK-3363,95.44,53.22,541,539,0.0001513,,0.59
2022-005AJ,51136,STARLINK-3253,95.44,53.22,541,539,0.0001471,,0.6
2022-005AK,51137,STARLINK-3180,95.44,53.22,541,539,0.000153,,1.32
2022-005AL,51138,STARLINK-3177,95.44,53.22,541,539,0.0001475,,0.59
2022-005AM,51139,STARLINK-3172,95.44,53.22,541,539,0.0001676,,0.6
2022-005AN,51140,STARLINK-3175,95.44,53.22,541,539,0.0001335,,0.86
2022-005AP,51141,STARLINK-3179,95.44,53.22,541,539,0.0001539,,1.27
2022-005AQ,51142,STARLINK-3369,95.44,53.22,541,539,0.0001628,,0.61
2022-005AR,51143,STARLINK-3184,95.44,53.22,541,539,0.0001623,,1.16
2022-005AS,51144,STARLINK-3185,95.44,53.22,541,539,0.0001664,,0.61
2022-005AU,51146,STARLINK-3354,95.44,53.22,541,539,0.000119,,0.6
2022-005AV,51147,STARLINK-3352,95.44,53.22,541,539,0.0001489,,0.56
2022-005AW,51148,STARLINK-3359,95.44,53.22,541,539,0.0001336,,1.28
2022-005AX,51149,STARLINK-3360,95.44,53.22,541,539,0.0001751,,0.59
2022-005AY,51150,STARLINK-3357,95.44,53.22,541,539,0.0001482,,1.31
2022-005AZ,51151,STARLINK-3361,94.21,53.21,485,476,0.0006742,,1.32
2022-005BA,51152,STARLINK-3364,95.44,53.22,541,539,0.0001484,,0.54
2022-006A,51280,USA 324,1435.43,0.26,35782,35765,0.0001978,*G,2.06
2022-006B,51281,USA 325,1434.41,0.31,35758,35750,0.0000962,*G,2.24
2022-007A,51284,L-SAR 01A,96.75,97.81,604,602,0.0001638,,0.24
2021-118E,51287,ASCENT,1422.32,2.86,35538,35495,0.0005102,,4.81
2021-022AQ,51288,ELSA-D CLIENT,93.78,97.44,468,451,0.0012626,,0.77
2022-008A,51444,CSG-2,97.16,97.89,624,622,0.000135,,0.26
2022-010F,51461,STARLINK-3181,95.44,53.22,541,539,0.0001462,,0.28
2022-010G,51462,STARLINK-3166,95.44,53.22,541,539,0.0001482,,0.28
2022-010H,51463,STARLINK-3419,95.44,53.22,541,539,0.0001313,,0.64
2022-010J,51464,STARLINK-3189,95.44,53.22,541,539,0.0001441,,0.62
2022-010K,51465,STARLINK-3401,95.44,53.22,541,539,0.0001348,,0.62
2022-010M,51467,STARLINK-3178,95.44,53.22,541,539,0.0001459,,0.64
2022-010N,51468,STARLINK-3174,95.44,53.22,541,539,0.0001408,,0.63
2022-010P,51469,STARLINK-3182,95.44,53.22,541,538,0.0002182,,0.62
2022-010S,51472,STARLINK-3415,95.44,53.22,541,539,0.0001319,,0.64
2022-011A,51511,COSMOS 2553,127.11,67.09,1999,1993,0.0003767,,0.61
2022-012A,51622,ONEWEB-0410,109.29,87.91,1195,1192,0.0001929,,0.71
2022-012B,51623,ONEWEB-0411,109.89,87.89,1223,1220,0.0002118,,0.24
2022-012C,51624,ONEWEB-0415,109.89,87.89,1223,1220,0.000195,,0.62
2022-012D,51625,ONEWEB-0416,109.89,87.89,1223,1220,0.0001642,,0.69
2022-012E,51626,ONEWEB-0422,109.29,87.91,1195,1192,0.0001766,,0.7
2022-012F,51627,ONEWEB-0423,109.29,87.91,1195,1192,0.0001648,,0.71
2022-012G,51628,ONEWEB-0425,109.89,87.89,1223,1221,0.0001364,,0.68
2022-012H,51629,ONEWEB-0428,109.89,87.89,1223,1220,0.000174,,0.24
2022-012J,51630,ONEWEB-0431,109.89,87.89,1223,1220,0.0002139,,0.65
2022-012K,51631,ONEWEB-0434,109.89,87.89,1223,1221,0.0001182,,0.68
2022-012L,51632,ONEWEB-0435,109.89,87.89,1223,1221,0.0001521,,0.67
2022-012M,51633,ONEWEB-0436,109.29,87.91,1195,1192,0.0001889,,0.72
2022-012N,51634,ONEWEB-0438,109.89,87.89,1223,1221,0.0001477,,0.68
2022-012P,51635,ONEWEB-0439,109.89,87.89,1223,1221,0.000154,,0.68
2022-012Q,51636,ONEWEB-0442,109.29,87.91,1195,1192,0.0001921,,0.72
2022-012R,51637,ONEWEB-0443,109.29,87.91,1195,1193,0.0001439,,0.7
2022-012S,51638,ONEWEB-0444,109.89,87.89,1223,1221,0.0001495,,0.61
2022-012T,51639,ONEWEB-0445,109.89,87.89,1223,1220,0.0001709,,0.67
2022-012U,51640,ONEWEB-0446,109.89,87.89,1223,1220,0.0001846,,0.62
2022-012V,51641,ONEWEB-0448,109.89,87.89,1223,1221,0.0001502,,0.69
2022-012W,51642,ONEWEB-0449,109.89,87.89,1223,1221,0.0001465,,0.68
2022-012X,51643,ONEWEB-0451,109.29,87.91,1195,1192,0.0001686,,0.72
2022-012Y,51644,ONEWEB-0452,109.29,87.91,1195,1193,0.000146,,0.72
2022-012AA,51646,ONEWEB-0456,109.89,87.89,1223,1220,0.000163,,0.67
2022-012AB,51647,ONEWEB-0457,109.89,87.89,1223,1220,0.0001646,,0.24
2022-012AC,51648,ONEWEB-0458,109.89,87.89,1223,1221,0.0001437,,0.67
2022-012AD,51649,ONEWEB-0461,109.29,87.91,1195,1192,0.0001828,,0.77
2022-012AE,51650,ONEWEB-0463,109.29,87.91,1195,1192,0.0001709,,0.72
2022-012AF,51651,ONEWEB-0464,109.89,87.89,1223,1220,0.0001722,,0.68
2022-012AG,51652,ONEWEB-0468,109.89,87.89,1223,1221,0.0001556,,0.67
2022-012AH,51653,ONEWEB-0473,109.89,87.89,1223,1221,0.0001481,,0.69
2022-012AJ,51654,ONEWEB-0474,109.89,87.89,1223,1221,0.0001489,,0.62
2022-012AK,51655,ONEWEB-0475,109.29,87.91,1195,1193,0.0001095,,0.71
2022-013A,51656,EOS-4,95.19,97.51,529,527,0.0001903,,0.26
2022-013B,51657,INSPIRESAT-1,93.69,97.51,461,449,0.000878,,0.49
2022-016A,51714,STARLINK-3528,95.44,53.22,541,539,0.0001483,,0.5
2022-016B,51715,STARLINK-3533,95.44,53.22,541,539,0.0001407,,0.77
2022-016C,51716,STARLINK-3543,95.44,53.22,541,539,0.0001272,,0.5
2022-016D,51717,STARLINK-3445,95.44,53.22,541,539,0.0001534,,1.09
2022-016E,51718,STARLINK-3546,95.44,53.22,541,539,0.0001641,,0.52
2022-016F,51719,STARLINK-3540,95.44,53.22,541,539,0.000147,,1.23
2022-016G,51720,STARLINK-3526,95.44,53.22,541,539,0.0001666,,0.53
2022-016H,51721,STARLINK-3524,95.44,53.22,541,539,0.0001649,,0.78
2022-016J,51722,STARLINK-3535,95.44,53.22,541,539,0.0001511,,0.8
2022-016L,51724,STARLINK-3529,95.44,53.22,541,539,0.0001562,,1.27
2022-016M,51725,STARLINK-3522,95.44,53.22,541,539,0.0001708,,0.79
2022-016N,51726,STARLINK-3527,95.44,53.22,541,539,0.0001324,,0.83
2022-016P,51727,STARLINK-3532,95.44,53.22,541,538,0.0001809,,1.07
2022-016Q,51728,STARLINK-3448,93.96,53.21,469,467,0.0001027,,0.5
2022-016R,51729,STARLINK-3523,95.44,53.22,541,539,0.0001449,,0.56
2022-016T,51731,STARLINK-3514,95.44,53.22,541,539,0.000164,,0.57
2022-016U,51732,STARLINK-3518,95.44,53.22,541,539,0.0001433,,0.52
2022-016V,51733,STARLINK-3525,95.44,53.22,541,539,0.0001349,,1.24
2022-016W,51734,STARLINK-3450,95.44,53.22,541,539,0.0001541,,0.53
2022-016X,51735,STARLINK-3517,95.44,53.22,541,539,0.0001537,,0.52
2022-016Y,51736,STARLINK-3447,95.44,53.22,541,539,0.0001608,,0.53
2022-016Z,51737,STARLINK-3509,95.44,53.22,541,539,0.0001284,,0.52
2022-016AA,51738,STARLINK-3515,95.44,53.22,541,539,0.0001384,,0.54
2022-016AB,51739,STARLINK-3516,95.44,53.22,541,539,0.0001386,,0.53
2022-016AC,51740,STARLINK-3500,95.44,53.22,541,539,0.0001321,,0.81
2022-016AD,51741,STARLINK-3520,95.44,53.22,541,539,0.0001624,,1.13
2022-016AE,51742,STARLINK-3521,95.44,53.22,541,539,0.0001547,,1.13
2022-016AF,51743,STARLINK-3512,95.44,53.22,541,539,0.0001587,,1.13
2022-016AG,51744,STARLINK-3452,95.44,53.22,541,539,0.0001646,,0.56
2022-016AH,51745,STARLINK-3449,95.44,53.22,541,539,0.0001703,,0.81
2022-016AJ,51746,STARLINK-3502,95.44,53.22,541,539,0.0001563,,0.86
2022-016AK,51747,STARLINK-3446,95.44,53.22,541,539,0.0001666,,0.55
2022-016AL,51748,STARLINK-3501,95.44,53.22,541,539,0.0001442,,0.54
2022-016AM,51749,STARLINK-3451,95.44,53.22,541,539,0.0001435,,1.24
2022-016AN,51750,STARLINK-3505,95.44,53.22,541,539,0.0001499,,0.54
2022-016AP,51751,STARLINK-3506,95.44,53.22,541,539,0.0001339,,1.13
2022-016AQ,51752,STARLINK-3511,95.44,53.22,541,539,0.000163,,1.28
2022-016AR,51753,STARLINK-3507,95.44,53.22,541,539,0.0001426,,0.54
2022-016AS,51754,STARLINK-3457,95.44,53.22,541,539,0.0001528,,0.58
2022-016AT,51755,STARLINK-3460,95.44,53.22,541,539,0.000168,,1.28
2022-016AU,51756,STARLINK-3513,95.44,53.22,541,538,0.000186,,0.85
2022-016AV,51757,STARLINK-3459,95.44,53.22,541,539,0.0001642,,0.85
2022-016AW,51758,STARLINK-3458,95.44,53.22,541,539,0.0001114,,1.12
2022-016AX,51759,STARLINK-3456,95.44,53.22,541,539,0.0001563,,0.59
2022-017A,51768,STARLINK-3622,95.44,53.22,541,539,0.0001445,,1.15
2022-017B,51769,STARLINK-3621,95.44,53.22,541,539,0.0001666,,0.5
2022-017C,51770,STARLINK-3612,95.44,53.22,541,539,0.0001563,,0.5
2022-017D,51771,STARLINK-3614,95.44,53.22,541,539,0.0001476,,1.1
2022-017E,51772,STARLINK-3623,95.44,53.22,541,539,0.00016,,1.11
2022-017F,51773,STARLINK-3624,95.44,53.22,541,539,0.0001653,,1.1
2022-017G,51774,STARLINK-3629,95.44,53.22,541,539,0.0001198,,0.52
2022-017H,51775,STARLINK-3620,95.44,53.22,541,539,0.0001631,,1.17
2022-017J,51776,STARLINK-3608,95.44,53.22,541,539,0.0001417,,0.52
2022-017K,51777,STARLINK-3625,95.44,53.22,541,539,0.0001542,,0.45
2022-017L,51778,STARLINK-3615,95.44,53.22,541,539,0.0001345,,0.78
2022-017M,51779,STARLINK-3611,95.44,53.22,541,539,0.0001443,,0.52
2022-017N,51780,STARLINK-3617,95.44,53.22,541,539,0.0001476,,0.47
2022-017P,51781,STARLINK-3580,95.44,53.22,541,539,0.0001665,,1.06
2022-017Q,51782,STARLINK-3616,95.44,53.22,541,539,0.0001511,,1.16
2022-017R,51783,STARLINK-3628,95.44,53.22,541,539,0.0001574,,0.53
2022-017S,51784,STARLINK-3632,95.44,53.22,541,539,0.0001473,,1.18
2022-017T,51785,STARLINK-3646,95.44,53.22,541,539,0.0001506,,0.47
2022-017U,51786,STARLINK-3638,95.44,53.22,541,539,0.0001496,,1.19
2022-017V,51787,STARLINK-3619,95.44,53.22,541,539,0.0001549,,0.44
2022-017W,51788,STARLINK-3641,95.44,53.22,541,539,0.0001389,,0.47
2022-017X,51789,STARLINK-3639,95.44,53.22,541,539,0.0001217,,1.18
2022-017Y,51790,STARLINK-3631,95.44,53.22,541,539,0.0001522,,1.13
2022-017Z,51791,STARLINK-3602,95.44,53.22,541,539,0.0001437,,1.19
2022-017AA,51792,STARLINK-3626,95.44,53.22,541,539,0.0001394,,1.14
2022-017AB,51793,STARLINK-3633,95.44,53.22,541,539,0.0001336,,1.06
2022-017AC,51794,STARLINK-3573,95.44,53.22,541,539,0.0001672,,1.21
2022-017AD,51795,STARLINK-3586,95.44,53.22,541,539,0.0001518,,0.46
2022-017AG,51798,STARLINK-3634,95.44,53.22,541,539,0.0001485,,1.16
2022-017AH,51799,STARLINK-3637,95.44,53.22,541,539,0.0001498,,0.49
2022-017AK,51801,STARLINK-3592,95.44,53.22,541,539,0.0001611,,1.16
2022-017AL,51802,STARLINK-3557,95.43,53.22,541,538,0.0002443,,1.14
2022-017AM,51803,STARLINK-3544,95.44,53.22,541,539,0.000158,,1.17
2022-017AN,51804,STARLINK-3601,95.44,53.22,541,539,0.0001593,,0.49
2022-017AP,51805,STARLINK-3605,95.44,53.22,541,539,0.000136,,0.49
2022-017AR,51807,STARLINK-3606,95.44,53.22,541,539,0.0001469,,1.27
2022-017AS,51808,STARLINK-3609,95.44,53.22,541,539,0.0001749,,1.08
2022-017AT,51809,STARLINK-3607,95.44,53.22,541,539,0.0001513,,1.08
2022-017AU,51810,STARLINK-3613,95.44,53.22,541,539,0.0001619,,0.77
2022-017AV,51811,STARLINK-3569,95.44,53.22,541,539,0.0001483,,0.95
2022-017AW,51812,STARLINK-3610,95.44,53.22,541,539,0.0001612,,1.21
2022-017AX,51813,STARLINK-3552,95.44,53.22,541,539,0.0001606,,1.22
2022-017AY,51814,STARLINK-3599,95.44,53.22,541,539,0.0001602,,0.48
2022-017AZ,51815,STARLINK-3604,95.44,53.22,541,539,0.0001388,,0.48
2022-017BA,51816,STARLINK-3603,95.44,53.22,541,539,0.0001543,,0.8
2022-018A,51822,L-SAR 01B,96.75,97.81,604,602,0.0001623,,0.21
2022-019C,51826,JILIN-1 MF02A01,90.52,97.39,302,298,0.0002781,,0.28
2022-019H,51831,JILIN-1 GAOFEN 03D14,93.99,97.41,477,462,0.0011184,,0.27
2022-019L,51834,JILIN-1 GAOFEN 03D16,93.93,97.41,472,461,0.0007886,,0.26
2022-019M,51835,JILIN-1 GAOFEN 03D11,93.98,97.41,474,464,0.0007074,,0.26
2022-019Q,51838,JILIN-1 GAOFEN 03D17,93.09,97.41,431,421,0.0007536,,0.25
2022-019R,51839,JILIN-1 GAOFEN 03D15,94.03,97.41,475,468,0.000493,,0.24
2022-019S,51840,JILIN-1 GAOFEN 03D10,94,97.41,472,468,0.0002999,,0.25
2022-019T,51841,JILIN-1 GAOFEN 03D12,94.05,97.41,477,469,0.0005874,,0.29
2022-019W,51844,JILIN-1 GAOFEN 03D18,93.99,97.41,478,462,0.0011434,,0.24
2022-019Y,51846,JILIN-1 GAOFEN 03D13,94.08,97.41,478,470,0.0006013,,0.25
2022-020A,51847,STRIX-BETA,94.32,97.63,491,480,0.0007797,,0.31
2022-021A,51850,GOES 18,1436.09,0.01,35789,35784,0.0000532,*G,0.45
2022-022A,51852,STARLINK-3542,95.44,53.22,541,539,0.0001109,,0.99
2022-022B,51853,STARLINK-3539,95.44,53.22,541,539,0.0001685,,1.09
2022-022C,51854,STARLINK-3541,95.44,53.22,541,539,0.0001344,,0.99
2022-022D,51855,STARLINK-3545,95.44,53.22,541,539,0.0001608,,1.07
2022-022E,51856,STARLINK-3568,95.44,53.22,541,539,0.0001416,,1
2022-022F,51857,STARLINK-3571,95.44,53.22,541,539,0.0001345,,0.34
2022-022G,51858,STARLINK-3563,95.44,53.22,541,539,0.0001507,,0.34
2022-022H,51859,STARLINK-3560,95.44,53.22,541,539,0.0001574,,1.12
2022-022J,51860,STARLINK-3559,95.44,53.22,541,539,0.0001478,,1.11
2022-022K,51861,STARLINK-3562,95.44,53.22,541,538,0.0001836,,1
2022-022L,51862,STARLINK-3508,95.44,53.22,541,539,0.0001129,,0.98
2022-022M,51863,STARLINK-3555,95.44,53.22,541,539,0.000174,,1
2022-022N,51864,STARLINK-3548,95.44,53.22,541,539,0.0001809,,1
2022-022P,51865,STARLINK-3503,95.43,53.22,540,539,0.0001263,,1.08
2022-022Q,51866,STARLINK-3553,95.44,53.22,541,539,0.0001306,,1.08
2022-022R,51867,STARLINK-3590,95.44,53.22,541,539,0.0001496,,1.08
2022-022S,51868,STARLINK-3578,95.44,53.22,541,539,0.000142,,1.07
2022-022T,51869,STARLINK-3588,95.44,53.22,541,539,0.0001353,,1.09
2022-022U,51870,STARLINK-3591,95.44,53.22,541,539,0.0001331,,1.08
2022-022V,51871,STARLINK-3567,95.44,53.22,541,539,0.0001513,,1.1
2022-022W,51872,STARLINK-3554,95.44,53.22,541,539,0.0001438,,1.09
2022-022X,51873,STARLINK-3582,95.44,53.22,541,539,0.0001335,,1.11
2022-022Y,51874,STARLINK-3574,95.44,53.22,541,539,0.0001722,,1.1
2022-022Z,51875,STARLINK-3585,95.44,53.22,541,539,0.0001549,,1.12
2022-022AA,51876,STARLINK-3583,95.44,53.22,541,539,0.0001468,,0.44
2022-022AB,51877,STARLINK-3556,95.44,53.22,541,539,0.0001455,,1.19
2022-022AC,51878,STARLINK-3575,95.44,53.22,541,539,0.0001671,,0.98
2022-022AD,51879,STARLINK-3572,95.44,53.22,541,539,0.0001409,,0.99
2022-022AE,51880,STARLINK-3566,95.44,53.22,541,539,0.0001274,,0.44
2022-022AF,51881,STARLINK-3504,95.44,53.22,541,538,0.0002078,,0.47
2022-022AG,51882,STARLINK-3570,95.44,53.22,541,539,0.0001381,,1.19
2022-022AH,51883,STARLINK-3576,95.44,53.22,541,539,0.0001537,,1.06
2022-022AJ,51884,STARLINK-3577,95.44,53.22,541,538,0.0002029,,1.2
2022-022AK,51885,STARLINK-3584,95.44,53.22,541,539,0.0001637,,1.15
2022-022AL,51886,STARLINK-3565,95.44,53.22,541,539,0.000165,,1.14
2022-022AM,51887,STARLINK-3551,95.44,53.22,541,539,0.0001452,,0.35
2022-022AN,51888,STARLINK-3536,95.44,53.22,541,539,0.0001674,,1.14
2022-022AP,51889,STARLINK-3547,95.44,53.22,541,539,0.0001417,,1.16
2022-022AQ,51890,STARLINK-3519,93.38,53.19,444,436,0.0005957,,0.5
2022-022AR,51891,STARLINK-3549,95.44,53.22,541,539,0.0001675,,1.1
2022-022AS,51892,STARLINK-3587,95.44,53.22,541,539,0.0001334,,1.16
2022-022AT,51893,STARLINK-3579,95.44,53.22,541,539,0.0001637,,0.44
2022-022AU,51894,STARLINK-3595,95.44,53.22,541,539,0.0001522,,1.1
2022-022AV,51895,STARLINK-3594,95.44,53.22,541,539,0.0001379,,1.11
2022-022AW,51896,STARLINK-3593,95.44,53.22,541,539,0.0001455,,1.15
2022-022AX,51897,STARLINK-3598,95.44,53.22,541,539,0.0001483,,0.45
2022-022AY,51898,STARLINK-3597,95.44,53.22,541,538,0.0001861,,0.98
2022-023A,51946,2022-023A,94.83,63.45,568,453,0.0084039,,0.22
2022-023B,51947,2022-023B,94.84,63.45,567,455,0.0081223,,0.23
2022-023C,51948,2022-023C,94.83,63.47,562,459,0.0074361,,0.28
2022-023D,51949,2022-023D,94.83,63.48,566,455,0.0080053,,0.28
2022-023E,51950,2022-023E,106.18,63.46,1134,965,0.0113304,,0.56
2022-023F,51951,2022-023F,94.83,63.5,568,453,0.0083295,,0.41
2022-025A,51956,STARLINK-3700,95.49,53.06,543,541,0.0001407,,0.99
2022-025B,51957,STARLINK-3694,95.59,53.06,548,546,0.0001664,,0.31
2022-025C,51958,STARLINK-3692,95.49,53.06,543,541,0.0001372,,1.06
2022-025D,51959,STARLINK-3704,95.59,53.06,548,546,0.00016,,1.04
2022-025E,51960,STARLINK-3691,95.59,53.06,548,546,0.0001605,,0.31
2022-025G,51962,STARLINK-3697,95.59,53.05,548,546,0.000155,,0.48
2022-025H,51963,STARLINK-3675,95.49,53.06,543,541,0.0001566,,1.07
2022-025J,51964,STARLINK-3690,95.59,53.06,548,546,0.0001477,,0.63
2022-025K,51965,STARLINK-3696,95.59,53.06,548,546,0.0001647,,0.32
2022-025L,51966,STARLINK-3699,95.59,53.06,549,546,0.0002034,,1.08
2022-025N,51968,STARLINK-3681,95.59,53.06,548,546,0.0001743,,0.32
2022-025P,51969,STARLINK-3680,95.59,53.06,548,546,0.000168,,0.94
2022-025Q,51970,STARLINK-3677,95.59,53.06,548,546,0.0001486,,1.01
2022-025R,51971,STARLINK-3669,95.59,53.06,549,546,0.0002127,,0.65
2022-025S,51972,STARLINK-3671,95.59,53.06,548,546,0.0001394,,1.02
2022-025T,51973,STARLINK-3679,95.59,53.06,548,546,0.0001536,,1.02
2022-025U,51974,STARLINK-3672,95.59,53.06,548,546,0.0001478,,1.03
2022-025V,51975,STARLINK-3674,95.59,53.06,548,546,0.0001369,,0.98
2022-025W,51976,STARLINK-3663,94.77,53.22,510,505,0.0003957,,0.63
2022-025X,51977,STARLINK-3660,95.44,53.22,541,538,0.0001822,,0.36
2022-025Z,51979,STARLINK-3656,95.44,53.22,541,539,0.0001383,,0.36
2022-025AA,51980,STARLINK-3649,95.44,53.22,541,538,0.0001846,,0.31
2022-025AB,51981,STARLINK-3635,95.44,53.22,542,538,0.0002867,,0.3
2022-025AD,51983,STARLINK-3655,95.44,53.22,541,539,0.0001397,,0.3
2022-025AE,51984,STARLINK-3664,95.44,53.22,541,539,0.0001368,,0.33
2022-025AF,51985,STARLINK-3651,95.44,53.22,541,539,0.0001569,,0.31
2022-025AG,51986,STARLINK-3645,95.44,53.22,541,539,0.0001386,,0.3
2022-025AH,51987,STARLINK-3644,95.44,53.22,541,539,0.0001538,,0.99
2022-025AJ,51988,STARLINK-3640,95.44,53.22,541,539,0.0001195,,0.62
2022-025AK,51989,STARLINK-3642,95.44,53.22,541,539,0.0001325,,0.34
2022-025AL,51990,STARLINK-3657,95.44,53.22,541,539,0.0001653,,1.1
2022-025AM,51991,STARLINK-3652,95.44,53.22,541,539,0.0001771,,0.28
2022-025AN,51992,STARLINK-3643,95.44,53.22,541,539,0.0001549,,0.64
2022-025AP,51993,STARLINK-3648,95.44,53.22,541,539,0.0001807,,0.62
2022-025AQ,51994,STARLINK-3647,95.44,53.22,541,539,0.0001612,,0.65
2022-025AR,51995,STARLINK-3636,95.44,53.22,541,538,0.0001971,,0.97
2022-025AS,51996,STARLINK-3538,95.44,53.22,541,539,0.0001708,,0.98
2022-025AT,51997,STARLINK-3589,95.44,53.22,541,538,0.0001941,,1.1
2022-025AU,51998,STARLINK-3618,95.44,53.22,541,539,0.0001409,,1.08
2022-025AV,51999,STARLINK-3667,95.44,53.22,541,539,0.0001506,,1.05
2022-025AW,52000,STARLINK-3653,95.44,53.22,541,539,0.0001721,,1.09
2022-025AX,52001,STARLINK-3659,95.44,53.22,541,539,0.0001377,,0.35
2022-025AY,52002,STARLINK-3668,95.44,53.22,541,539,0.0001263,,0.35
2022-025AZ,52003,STARLINK-3654,91.24,53.21,337,335,0.0001397,,0.33
2022-027A,52084,YAOGAN-34 02,107.04,63.4,1133,1046,0.0058583,,0.54
2022-029A,52088,STARLINK-3537,94.88,53.22,514,512,0.0001365,,0.33
2022-029B,52089,STARLINK-3722,95.44,53.22,540,539,0.0000685,,0.89
2022-029C,52090,STARLINK-3712,95.44,53.22,541,539,0.0001485,,0.76
2022-029D,52091,STARLINK-3713,89.36,53.22,244,242,0.0001033,*D,0.77
2022-029E,52092,STARLINK-3716,95.44,53.22,541,539,0.0001172,,0.76
2022-029F,52093,STARLINK-3673,95.44,53.22,541,539,0.0001152,,0.9
2022-029G,52094,STARLINK-3714,95.44,53.22,541,539,0.0001492,,0.9
2022-029H,52095,STARLINK-3701,95.44,53.22,541,539,0.0001359,,0.91
2022-029J,52096,STARLINK-3717,95.44,53.22,541,539,0.0001561,,0.93
2022-029L,52098,STARLINK-3665,95.44,53.22,541,539,0.0001429,,0.31
2022-029N,52100,STARLINK-3702,95.44,53.22,541,539,0.0001373,,0.78
2022-029P,52101,STARLINK-3703,95.44,53.22,541,539,0.0001208,,0.31
2022-029Q,52102,STARLINK-3709,95.44,53.22,540,539,0.0000851,,0.91
2022-029R,52103,STARLINK-3705,95.44,53.22,541,539,0.0001606,,0.94
2022-029T,52105,STARLINK-3706,95.44,53.22,541,539,0.0001427,,0.88
2022-029U,52106,STARLINK-3670,95.44,53.22,541,539,0.0001592,,0.86
2022-029V,52107,STARLINK-3658,95.44,53.22,541,539,0.0001473,,0.88
2022-029W,52108,STARLINK-3698,95.44,53.22,541,539,0.0001453,,0.94
2022-029Y,52110,STARLINK-3687,95.44,53.22,541,539,0.0001169,,0.88
2022-029Z,52111,STARLINK-3708,95.44,53.22,541,539,0.0001622,,0.23
2022-029AA,52112,STARLINK-3734,95.44,53.22,541,539,0.0001458,,0.89
2022-029AB,52113,STARLINK-3736,95.44,53.22,541,539,0.0001389,,0.9
2022-029AC,52114,STARLINK-3737,95.44,53.22,541,539,0.0001676,,0.89
2022-029AD,52115,STARLINK-3685,95.44,53.22,541,539,0.0001383,,0.78
2022-029AE,52116,STARLINK-3735,95.44,53.22,541,539,0.0001458,,0.77
2022-029AF,52117,STARLINK-3738,95.44,53.22,541,538,0.0001922,,0.26
2022-029AG,52118,STARLINK-3743,95.44,53.22,541,539,0.0001615,,0.84
2022-029AH,52119,STARLINK-3558,95.44,53.22,541,539,0.0001576,,0.79
2022-029AJ,52120,STARLINK-3534,95.44,53.22,541,539,0.0001274,,0.91
2022-029AK,52121,STARLINK-3678,95.44,53.22,541,539,0.0001174,,0.28
2022-029AL,52122,STARLINK-3726,95.44,53.22,541,539,0.0001527,,0.26
2022-029AM,52123,STARLINK-3725,95.44,53.22,541,539,0.0001403,,0.96
2022-029AP,52125,STARLINK-3727,95.44,53.22,541,539,0.0001351,,0.95
2022-029AQ,52126,STARLINK-3732,95.44,53.22,541,539,0.0001316,,0.95
2022-029AR,52127,STARLINK-3715,95.44,53.22,541,539,0.0001529,,0.96
2022-029AT,52129,STARLINK-3661,95.44,53.22,541,539,0.0001508,,0.24
2022-029AV,52131,STARLINK-3711,95.44,53.22,541,539,0.0001527,,0.97
2022-029AW,52132,STARLINK-3718,95.44,53.22,541,538,0.0001827,,0.23
2022-029AX,52133,STARLINK-3707,95.44,53.22,541,539,0.0001456,,0.91
2022-029AY,52134,STARLINK-3721,95.44,53.22,541,539,0.0001369,,0.38
2022-029AZ,52135,STARLINK-3729,95.44,53.22,541,539,0.0001727,,0.92
2022-029BA,52136,STARLINK-3720,95.44,53.22,541,539,0.0001411,,0.25
2022-029BB,52137,STARLINK-3733,95.44,53.22,541,539,0.0001554,,0.92
2022-029BC,52138,STARLINK-3723,95.44,53.22,541,539,0.0001542,,0.25
2022-029BD,52139,STARLINK-3730,95.44,53.22,541,539,0.0001497,,0.94
2022-029BE,52140,STARLINK-3682,95.44,53.22,541,539,0.0001467,,0.86
2022-030A,52145,MERIDIAN 10,717.85,62.66,38145,2213,0.6765076,,0.98
2022-031A,52150,TK-2,96.03,97.85,579,557,0.001552,,0.23
2022-031B,52151,PUJIANG 2 (PJ-2),96.44,97.84,597,579,0.0013406,,0.27
2022-032A,52153,TIANPING 2A,96.33,97.66,591,574,0.0012484,,0.29
2022-032C,52155,TIANPING 2B,96.11,97.66,583,561,0.0015416,,0.25
2022-032D,52156,TIANPING 2C,95.75,97.66,562,548,0.0009835,,0.24
2022-033A,52157,OMNI-L1,97.33,97.88,635,626,0.0006365,,0.73
2022-033B,52158,GNOMES-3,97.18,97.87,632,616,0.0011444,,0.75
2022-033C,52159,ENMAP,97.63,97.98,646,644,0.0001466,,0.57
2022-033E,52161,ARCSAT-1,93.54,97.31,451,444,0.0005174,,0.59
2022-033F,52162,LYNK TOWER 1,93.07,97.3,428,422,0.0004783,,0.75
2022-033J,52165,HAWK-4B,92.46,97.31,398,392,0.0004323,,0.27
2022-033L,52167,HAWK-4A,92.47,97.3,398,393,0.0003961,,0.72
2022-033P,52170,HAWK-4C,92.46,97.31,399,392,0.0005451,,0.27
2022-033Q,52171,NUSAT-25 (MARIA TELKES),93.23,97.27,434,431,0.0001712,,0.32
2022-033T,52174,BRO-7,92.35,97.31,394,385,0.0006549,,0.25
2022-033AD,52184,NUSAT-26 (M SOMERVILLE),94.08,97.29,481,467,0.0010267,,0.58
2022-034B,52196,GLOBAL-18,93.59,52.99,454,447,0.000513,,0.73
2022-034C,52197,GLOBAL-20,91.69,52.98,363,352,0.000804,,0.72
2022-035A,52200,GAOFEN-3 03,99.85,98.41,752,751,0.0000808,,0.24
2022-036A,52202,COSMOS 2554,103.1,67.15,910,901,0.0006039,,0.3
2022-038A,52255,ZHONGXING-6D,1436.13,0.07,35799,35776,0.0002729,*G,1.18
2022-039A,52257,DAQI 1,98.78,98.23,703,698,0.0003527,,0.26
2022-041B,52262,STARLINK-3761,95.44,53.22,541,539,0.0001313,,0.73
2022-041C,52263,STARLINK-3786,95.44,53.22,541,539,0.0001396,,0.86
2022-041D,52264,STARLINK-3795,95.44,53.22,541,539,0.0001257,,0.74
2022-041E,52265,STARLINK-3740,95.44,53.22,541,539,0.0001296,,0.81
2022-041F,52266,STARLINK-3739,95.44,53.21,541,539,0.0001414,,0.74
2022-041G,52267,STARLINK-3748,95.44,53.22,541,539,0.0001376,,0.75
2022-041H,52268,STARLINK-3746,95.44,53.22,541,539,0.000143,,0.9
2022-041J,52269,STARLINK-3791,95.44,53.22,541,539,0.0001283,,0.75
2022-041K,52270,STARLINK-3804,95.44,53.22,541,539,0.0001453,,0.82
2022-041L,52271,STARLINK-3788,95.44,53.22,541,539,0.0001485,,0.75
2022-041M,52272,STARLINK-3781,95.44,53.22,541,539,0.0001201,,0.83
2022-041N,52273,STARLINK-3782,95.44,53.22,541,539,0.0001489,,0.72
2022-041P,52274,STARLINK-3790,95.44,53.22,541,539,0.0001395,,0.84
2022-041Q,52275,STARLINK-3784,95.44,53.22,541,539,0.0001313,,0.83
2022-041R,52276,STARLINK-3778,95.44,53.22,541,539,0.0001377,,0.84
2022-041T,52278,STARLINK-3780,95.44,53.22,541,539,0.0001404,,0.84
2022-041V,52280,STARLINK-3764,95.44,53.22,541,539,0.0001384,,0.72
2022-041W,52281,STARLINK-3779,95.44,53.22,541,539,0.0001404,,0.84
2022-041X,52282,STARLINK-3783,95.44,53.22,541,539,0.0001301,,0.86
2022-041Y,52283,STARLINK-3789,95.44,53.22,541,539,0.000117,,0.71
2022-041Z,52284,STARLINK-3561,95.44,53.22,541,539,0.0001253,,0.74
2022-041AA,52285,STARLINK-3775,95.44,53.22,541,539,0.000147,,0.85
2022-041AB,52286,STARLINK-3802,95.44,53.22,541,539,0.0001527,,0.74
2022-041AC,52287,STARLINK-3822,95.44,53.22,541,539,0.0001346,,0.73
2022-041AD,52288,STARLINK-3776,95.44,53.22,541,539,0.0001417,,0.75
2022-041AE,52289,STARLINK-3751,95.44,53.22,541,539,0.0001367,,0.73
2022-041AF,52290,STARLINK-3772,95.44,53.22,541,539,0.0001337,,0.89
2022-041AG,52291,STARLINK-3773,93.65,53.2,454,452,0.0001971,,0.23
2022-041AH,52292,STARLINK-3753,95.44,53.22,541,539,0.0001372,,0.83
2022-041AJ,52293,STARLINK-3771,95.44,53.22,541,539,0.0001405,,0.75
2022-041AK,52294,STARLINK-3777,95.44,53.22,541,539,0.000126,,0.76
2022-041AL,52295,STARLINK-3765,95.44,53.22,541,539,0.0001068,,0.75
2022-041AM,52296,STARLINK-3766,95.44,53.22,541,538,0.0001863,,0.84
2022-041AN,52297,STARLINK-3758,95.44,53.22,541,539,0.0001479,,0.76
2022-041AP,52298,STARLINK-3760,95.44,53.22,541,539,0.0001176,,0.75
2022-041AQ,52299,STARLINK-3759,87.58,53.2,156,153,0.0002651,*D,0.77
2022-041AR,52300,STARLINK-3769,95.44,53.22,541,539,0.0001344,,0.92
2022-041AS,52301,STARLINK-3768,95.44,53.22,540,539,0.0001082,,0.77
2022-041AT,52302,STARLINK-3564,95.44,53.22,541,539,0.0001558,,0.86
2022-041AU,52303,STARLINK-3742,95.44,53.22,541,539,0.0001439,,0.78
2022-041AV,52304,STARLINK-3744,95.44,53.22,541,539,0.0001449,,0.8
2022-041AW,52305,STARLINK-3724,95.44,53.22,541,539,0.0001328,,0.71
2022-041AX,52306,STARLINK-3747,95.44,53.22,541,538,0.0001766,,0.8
2022-041AY,52307,STARLINK-3755,95.44,53.22,541,539,0.000132,,0.86
2022-041BA,52309,STARLINK-3756,95.44,53.22,541,539,0.0001707,,0.87
2022-041BB,52310,STARLINK-3688,95.44,53.22,541,539,0.0001294,,0.88
2022-041BC,52311,STARLINK-3750,95.44,53.22,541,539,0.0001291,,0.75
2022-041BD,52312,STARLINK-3752,95.44,53.22,541,539,0.0001227,,0.79
2022-041BE,52313,STARLINK-3749,95.44,53.22,541,539,0.0001337,,0.79
2022-043A,52320,SUPERVIEW NEO-1 01,94.42,97.39,492,490,0.0001593,,0.27
2022-043C,52322,SUPERVIEW NEO-1 02,94.42,97.39,491,490,0.0001233,,0.24
2022-045A,52331,STARLINK-3889,95.44,53.22,541,539,0.0001397,,0.6
2022-045B,52332,STARLINK-3831,95.44,53.22,541,539,0.000143,,0.59
2022-045C,52333,STARLINK-3847,95.44,53.22,541,539,0.0001611,,0.59
2022-045D,52334,STARLINK-3880,95.44,53.22,541,539,0.0001388,,0.6
2022-045E,52335,STARLINK-3814,95.43,53.22,541,539,0.0001425,,0.47
2022-045F,52336,STARLINK-3823,95.44,53.22,541,539,0.0001518,,0.57
2022-045G,52337,STARLINK-3797,95.44,53.22,541,539,0.0001325,,0.59
2022-045H,52338,STARLINK-3815,92.69,53.21,410,403,0.0005402,,0.25
2022-045J,52339,STARLINK-3792,95.44,53.22,541,539,0.0001391,,0.59
2022-045K,52340,STARLINK-3818,95.44,53.22,541,539,0.0001465,,0.66
2022-045L,52341,STARLINK-3843,95.44,53.22,541,539,0.0001274,,0.62
2022-045M,52342,STARLINK-3850,95.44,53.22,541,539,0.0001446,,0.52
2022-045N,52343,STARLINK-3849,95.44,53.22,541,538,0.000182,,0.58
2022-045P,52344,STARLINK-3851,95.44,53.22,541,539,0.0001514,,0.6
2022-045Q,52345,STARLINK-3852,95.44,53.22,541,539,0.0001479,,0.44
2022-045R,52346,STARLINK-3812,95.44,53.22,541,539,0.0001485,,0.6
2022-045S,52347,STARLINK-3826,95.44,53.22,541,539,0.0001309,,0.59
2022-045T,52348,STARLINK-3829,95.44,53.22,541,539,0.0001425,,0.61
2022-045U,52349,STARLINK-3819,95.44,53.22,541,539,0.000146,,0.47
2022-045V,52350,STARLINK-3754,95.44,53.22,541,539,0.0001489,,0.62
2022-045X,52352,STARLINK-3838,95.44,53.22,541,539,0.0001368,,0.56
2022-045Y,52353,STARLINK-3807,95.44,53.22,541,539,0.0001427,,0.62
2022-045Z,52354,STARLINK-3876,95.44,53.22,541,539,0.0001234,,0.64
2022-045AA,52355,STARLINK-3877,95.44,53.22,541,539,0.0001351,,0.62
2022-045AB,52356,STARLINK-3801,95.44,53.22,541,539,0.0001348,,0.5
2022-045AC,52357,STARLINK-3821,95.44,53.22,541,539,0.0001424,,0.5
2022-045AD,52358,STARLINK-3837,95.44,53.22,541,539,0.0001322,,0.58
2022-045AE,52359,STARLINK-3853,95.44,53.22,541,539,0.0001323,,0.57
2022-045AF,52360,STARLINK-3824,95.44,53.22,541,539,0.0001567,,0.52
2022-045AG,52361,STARLINK-3728,95.44,53.22,541,539,0.0001676,,0.58
2022-045AH,52362,STARLINK-3848,95.44,53.22,541,539,0.0001378,,0.59
2022-045AJ,52363,STARLINK-3830,95.44,53.22,541,539,0.0001387,,0.65
2022-045AK,52364,STARLINK-3820,95.44,53.22,541,539,0.0001375,,0.61
2022-045AL,52365,STARLINK-3874,95.44,53.22,541,539,0.0001364,,0.59
2022-045AM,52366,STARLINK-3808,95.44,53.22,541,539,0.0001363,,0.47
2022-045AN,52367,STARLINK-3817,95.44,53.22,541,539,0.0001616,,0.6
2022-045AP,52368,STARLINK-3834,95.44,53.22,541,539,0.0001469,,0.61
2022-045AQ,52369,STARLINK-3841,95.44,53.22,541,539,0.0001319,,0.67
2022-045AR,52370,STARLINK-3827,95.44,53.22,541,539,0.0001331,,0.67
2022-045AS,52371,STARLINK-3798,95.44,53.22,541,539,0.0001436,,0.61
2022-045AT,52372,STARLINK-3796,95.44,53.22,541,539,0.0001352,,0.62
2022-045AU,52373,STARLINK-3550,95.44,53.22,541,539,0.0001578,,0.63
2022-045AV,52374,STARLINK-3762,95.44,53.22,541,539,0.0001561,,0.63
2022-045AW,52375,STARLINK-3785,95.44,53.22,541,539,0.0001311,,0.49
2022-045AX,52376,STARLINK-3767,95.44,53.22,541,539,0.0001421,,0.63
2022-045AY,52377,STARLINK-3805,95.44,53.22,541,539,0.0001315,,0.61
2022-045AZ,52378,STARLINK-3806,95.44,53.22,541,539,0.0001582,,0.51
2022-045BA,52379,STARLINK-3800,95.44,53.22,541,539,0.0001432,,0.5
2022-045BB,52380,STARLINK-3793,95.44,53.22,541,539,0.0001261,,0.66
2022-045BD,52382,STARLINK-3799,95.44,53.22,541,539,0.0001346,,0.58
2022-045BE,52383,STARLINK-3811,95.44,53.21,541,539,0.0001643,,0.62
2022-046A,52388,JILIN-1 GAOFEN 4A,93.77,97.49,466,451,0.0010703,,0.21
2022-046B,52389,JILIN-1 GAOFEN 3D04,94.09,97.5,479,471,0.0005688,,0.25
2022-046C,52390,JILIN-1 GAOFEN 3D05,94.05,97.49,473,471,0.0001511,,0.22
2022-046D,52391,JILIN-1 GAOFEN 3D06,94.05,97.51,474,471,0.0002542,,0.26
2022-046E,52392,JILIN-1 GAOFEN 3D07,93.83,97.5,463,461,0.0001477,,0.24
2022-047AE,52422,BRO-6,94.04,97.38,477,467,0.0007139,,0.34
2022-048A,52443,JILIN-1 KUANFU 01C,95.13,97.57,529,521,0.0005482,,0.21
2022-048B,52444,JILIN-1 GAOFEN 3D27,94.24,97.58,490,474,0.0011201,,0.25
2022-048C,52445,JILIN-1 GAOFEN 3D28,94.22,97.58,488,474,0.0009723,,0.21
2022-048D,52446,JILIN-1 GAOFEN 3D29,94.22,97.58,486,476,0.000737,,0.26
2022-048E,52447,JILIN-1 GAOFEN 3D30,94.16,97.58,487,469,0.0013461,,0.24
2022-048F,52448,JILIN-1 GAOFEN 3D31,94.2,97.58,484,475,0.0006759,,0.21
2022-048G,52449,JILIN-1 GAOFEN 3D32,93.08,97.58,430,421,0.0007087,,0.22
2022-048H,52450,JILIN-1 GAOFEN 3D33,93.57,97.58,456,443,0.0008987,,0.25
2022-049A,52451,STARLINK-3870,95.44,53.22,541,539,0.0001262,,0.93
2022-049B,52452,STARLINK-3909,95.44,53.22,541,539,0.0001805,,0.26
2022-049C,52453,STARLINK-3872,95.44,53.22,541,539,0.0001611,,0.28
2022-049D,52454,STARLINK-3888,95.44,53.22,541,538,0.0001959,,0.21
2022-049E,52455,STARLINK-3890,95.44,53.22,541,539,0.0001256,,0.94
2022-049F,52456,STARLINK-3896,95.44,53.22,541,539,0.0001348,,0.95
2022-049G,52457,STARLINK-3899,95.44,53.22,541,539,0.0001352,,0.95
2022-049H,52458,STARLINK-3898,95.44,53.22,540,539,0.0001073,,0.95
2022-049J,52459,STARLINK-3856,95.44,53.22,541,539,0.0001365,,0.97
2022-049L,52461,STARLINK-3900,95.44,53.22,541,539,0.0001657,,0.31
2022-049M,52462,STARLINK-3903,95.44,53.22,541,539,0.0001424,,0.24
2022-049N,52463,STARLINK-3885,95.44,53.22,541,539,0.0001421,,1.04
2022-049P,52464,STARLINK-3904,95.44,53.22,541,539,0.0001322,,0.97
2022-049Q,52465,STARLINK-3863,95.44,53.22,541,539,0.0001564,,0.31
2022-049R,52466,STARLINK-3840,93.55,53.19,452,444,0.0005237,,0.5
2022-049S,52467,STARLINK-3873,95.44,53.22,541,539,0.0001406,,0.25
2022-049T,52468,STARLINK-3864,95.44,53.22,541,539,0.0001258,,0.26
2022-049U,52469,STARLINK-3828,95.41,53.22,539,538,0.0000897,,0.99
2022-049V,52470,STARLINK-3859,95.44,53.22,541,539,0.0001429,,0.27
2022-049W,52471,STARLINK-3862,95.44,53.22,541,539,0.0001587,,0.26
2022-049X,52472,STARLINK-3881,95.44,53.22,541,539,0.0001478,,0.94
2022-049Y,52473,STARLINK-3879,95.44,53.22,541,539,0.0001149,,1
2022-049Z,52474,STARLINK-3855,95.44,53.22,541,539,0.0001639,,0.59
2022-049AA,52475,STARLINK-3882,95.44,53.22,541,539,0.0001533,,0.25
2022-049AB,52476,STARLINK-3835,95.44,53.22,541,539,0.0001759,,0.3
2022-049AC,52477,STARLINK-3860,95.44,53.22,541,539,0.0001649,,0.32
2022-049AD,52478,STARLINK-3825,95.44,53.22,541,539,0.0001695,,0.28
2022-049AE,52479,STARLINK-3878,95.44,53.22,541,539,0.0001466,,1
2022-049AF,52480,STARLINK-3839,95.44,53.22,541,539,0.0001393,,0.95
2022-049AH,52482,STARLINK-3813,95.44,53.22,541,539,0.0001399,,0.34
2022-049AJ,52483,STARLINK-3875,95.44,53.22,541,539,0.0001231,,0.59
2022-049AK,52484,STARLINK-3887,95.44,53.22,541,539,0.000156,,0.55
2022-049AL,52485,STARLINK-3913,95.44,53.22,541,539,0.0001476,,0.34
2022-049AM,52486,STARLINK-3918,95.44,53.22,541,539,0.0001498,,0.96
2022-049AN,52487,STARLINK-3902,95.44,53.22,541,539,0.0001724,,0.33
2022-049AP,52488,STARLINK-3892,95.44,53.22,541,539,0.0001502,,0.57
2022-049AQ,52489,STARLINK-3923,95.44,53.22,541,539,0.0001598,,0.56
2022-049AR,52490,STARLINK-3914,95.44,53.22,541,539,0.0001569,,1.01
2022-049AS,52491,STARLINK-3908,95.44,53.22,541,539,0.0001355,,0.28
2022-049AT,52492,STARLINK-3916,95.44,53.22,541,539,0.0001306,,0.56
2022-049AU,52493,STARLINK-3883,95.44,53.22,541,538,0.0001895,,0.28
2022-049AV,52494,STARLINK-3857,95.44,53.22,541,539,0.0001456,,0.3
2022-049AW,52495,STARLINK-3905,95.43,53.22,540,538,0.000139,,1.02
2022-049AX,52496,STARLINK-3871,95.44,53.22,541,539,0.000146,,1
2022-049AY,52497,STARLINK-3884,95.44,53.22,541,539,0.0001656,,1.03
2022-049AZ,52498,STARLINK-3925,95.44,53.22,541,539,0.0001194,,1.05
2022-049BA,52499,STARLINK-3894,95.44,53.22,541,539,0.0001486,,0.57
2022-049BB,52500,STARLINK-3866,95.44,53.22,541,539,0.0001361,,0.32
2022-049BC,52501,STARLINK-3907,95.44,53.22,541,539,0.000143,,0.98
2022-049BD,52502,STARLINK-3912,95.44,53.22,541,539,0.0001546,,0.99
2022-049BE,52503,STARLINK-3861,95.44,53.22,541,539,0.0001705,,0.94
2022-051B,52534,STARLINK-3952,95.44,53.22,541,539,0.0001403,,0.66
2022-051C,52535,STARLINK-3958,95.44,53.22,541,539,0.0001407,,0.8
2022-051D,52536,STARLINK-3964,95.44,53.22,541,539,0.0001341,,0.8
2022-051E,52537,STARLINK-3897,95.44,53.22,541,539,0.000149,,0.63
2022-051F,52538,STARLINK-3933,95.44,53.22,540,539,0.0001055,,0.68
2022-051G,52539,STARLINK-3757,95.44,53.22,541,538,0.0001699,,0.68
2022-051H,52540,STARLINK-3940,95.44,53.22,541,539,0.0001334,,0.76
2022-051J,52541,STARLINK-3845,95.44,53.22,541,539,0.0001396,,0.66
2022-051K,52542,STARLINK-3937,95.44,53.22,541,539,0.0001175,,0.63
2022-051L,52543,STARLINK-3926,95.44,53.22,541,539,0.0001508,,0.69
2022-051M,52544,STARLINK-3944,95.44,53.22,541,539,0.0001471,,0.67
2022-051P,52546,STARLINK-3948,95.44,53.22,541,539,0.0001496,,0.66
2022-051Q,52547,STARLINK-3869,93.8,53.22,461,460,0.0000919,,0.66
2022-051R,52548,STARLINK-3931,95.44,53.22,541,539,0.0001431,,0.65
2022-051S,52549,STARLINK-3935,95.44,53.22,541,539,0.0001368,,0.64
2022-051T,52550,STARLINK-3965,95.44,53.22,541,539,0.000128,,0.78
2022-051U,52551,STARLINK-3969,95.44,53.22,541,539,0.0001344,,0.77
2022-051V,52552,STARLINK-3966,95.44,53.22,541,539,0.0001394,,0.84
2022-051W,52553,STARLINK-3858,95.44,53.22,541,539,0.0001307,,0.81
2022-051X,52554,STARLINK-3770,95.44,53.22,540,539,0.0000842,,0.67
2022-051Y,52555,STARLINK-3949,93.79,53.23,461,459,0.0001302,,0.75
2022-051Z,52556,STARLINK-3763,94.46,53.19,493,492,0.0000677,,0.72
2022-051AA,52557,STARLINK-3943,95.44,53.22,541,539,0.0001447,,0.66
2022-051AB,52558,STARLINK-3954,95.44,53.22,541,539,0.0001353,,0.66
2022-051AC,52559,STARLINK-3953,95.44,53.22,541,539,0.0001424,,0.78
2022-051AD,52560,STARLINK-3956,95.44,53.22,540,539,0.0000936,,0.66
2022-051AE,52561,STARLINK-3955,95.44,53.22,540,539,0.0001075,,0.68
2022-051AF,52562,STARLINK-3957,95.44,53.22,541,539,0.0001265,,0.8
2022-051AG,52563,STARLINK-3942,95.44,53.22,541,539,0.000132,,0.61
2022-051AH,52564,STARLINK-3959,95.44,53.22,541,539,0.0001505,,0.62
2022-051AJ,52565,STARLINK-3911,95.44,53.22,541,539,0.0001367,,0.8
2022-051AK,52566,STARLINK-3938,95.44,53.22,541,539,0.0001504,,0.64
2022-051AL,52567,STARLINK-3929,95.44,53.22,541,539,0.0001364,,0.67
2022-051AM,52568,STARLINK-3930,95.44,53.22,541,539,0.0001361,,0.69
2022-051AN,52569,STARLINK-3927,95.44,53.22,541,539,0.0001467,,0.88
2022-051AQ,52574,STARLINK-3901,95.44,53.22,540,539,0.0001087,,0.81
2022-051AR,52575,STARLINK-3920,95.44,53.22,541,539,0.0001405,,0.83
2022-051AS,52576,STARLINK-3932,95.44,53.22,541,539,0.0001508,,0.83
2022-051AT,52577,STARLINK-3836,95.44,53.22,541,539,0.000131,,0.78
2022-051AU,52578,STARLINK-3833,95.44,53.22,541,539,0.0001481,,0.64
2022-051AV,52579,STARLINK-3893,95.44,53.22,541,539,0.0001357,,0.66
2022-051AW,52580,STARLINK-3919,95.44,53.22,541,539,0.000142,,0.78
2022-051AX,52581,STARLINK-3915,95.44,53.22,541,539,0.0001221,,0.77
2022-051AZ,52583,STARLINK-3895,95.44,53.22,541,539,0.0001277,,0.77
2022-051BA,52584,STARLINK-3922,95.44,53.22,541,539,0.0001212,,0.83
2022-051BB,52585,STARLINK-3906,95.44,53.22,541,539,0.000145,,0.72
2022-051BC,52586,STARLINK-3910,95.44,53.22,541,539,0.0001364,,0.71
2022-051BD,52587,STARLINK-3867,95.44,53.22,541,539,0.0001338,,0.67
2022-051BE,52588,STARLINK-3917,95.44,53.22,541,539,0.0001462,,0.72
2022-052A,52598,STARLINK-4019,95.44,53.22,541,539,0.0001425,,0.62
2022-052B,52599,STARLINK-4024,95.44,53.22,541,539,0.0001188,,0.63
2022-052C,52600,STARLINK-4026,95.44,53.22,541,539,0.0001692,,0.26
2022-052D,52601,STARLINK-4027,95.44,53.22,541,539,0.0001593,,0.65
2022-052E,52602,STARLINK-4012,95.44,53.22,541,539,0.000138,,0.65
2022-052F,52603,STARLINK-4016,95.44,53.22,542,538,0.0003205,,0.27
2022-052G,52604,STARLINK-4013,95.44,53.22,541,538,0.0001834,,0.92
2022-052H,52605,STARLINK-4000,95.44,53.22,541,539,0.0001289,,0.64
2022-052J,52606,STARLINK-3928,95.44,53.22,541,539,0.0001313,,0.26
2022-052K,52607,STARLINK-3947,95.44,53.22,541,539,0.0001468,,1.22
2022-052L,52608,STARLINK-3979,95.44,53.22,541,539,0.0001678,,0.27
2022-052M,52609,STARLINK-3997,95.44,53.22,541,538,0.0002385,,0.28
2022-052N,52610,STARLINK-3998,95.44,53.22,541,539,0.0001744,,0.63
2022-052P,52611,STARLINK-3980,95.44,53.22,541,539,0.0001575,,0.63
2022-052Q,52612,STARLINK-4002,95.44,53.22,541,539,0.0001189,,0.27
2022-052S,52614,STARLINK-3982,95.44,53.22,541,539,0.0001509,,0.68
2022-052T,52615,STARLINK-4011,95.44,53.22,541,539,0.0001499,,0.64
2022-052U,52616,STARLINK-4015,95.44,53.22,541,539,0.000129,,0.29
2022-052V,52617,STARLINK-3996,95.44,53.22,541,539,0.0001705,,0.3
2022-052W,52618,STARLINK-3983,95.44,53.22,541,539,0.0001751,,0.3
2022-052X,52619,STARLINK-3741,95.44,53.22,541,539,0.0001735,,0.7
2022-052Y,52620,STARLINK-3975,95.44,53.22,541,538,0.0002048,,0.64
2022-052Z,52621,STARLINK-3984,95.44,53.22,541,539,0.0001711,,0.31
2022-052AA,52622,STARLINK-4008,95.44,53.22,541,539,0.0001422,,0.61
2022-052AB,52623,STARLINK-3986,95.44,53.22,541,539,0.0001461,,0.32
2022-052AD,52625,STARLINK-3988,95.44,53.22,541,539,0.0001553,,0.65
2022-052AE,52626,STARLINK-3990,95.44,53.22,541,539,0.0001285,,0.31
2022-052AF,52627,STARLINK-3992,95.44,53.22,541,539,0.000142,,0.27
2022-052AG,52628,STARLINK-4001,95.44,53.22,541,538,0.0001859,,0.61
2022-052AH,52629,STARLINK-4022,95.44,53.22,541,539,0.0001411,,1.27
2022-052AJ,52630,STARLINK-3989,95.44,53.22,541,538,0.0001823,,0.26
2022-052AK,52631,STARLINK-3794,95.44,53.22,541,539,0.0001408,,0.27
2022-052AL,52632,STARLINK-3995,95.44,53.22,541,539,0.0001279,,1.26
2022-052AM,52633,STARLINK-3994,95.44,53.22,541,539,0.0001366,,0.95
2022-052AN,52634,STARLINK-3974,95.44,53.22,541,539,0.00014,,0.27
2022-052AP,52635,STARLINK-3978,95.44,53.22,541,539,0.0001474,,0.57
2022-052AQ,52636,STARLINK-3967,95.44,53.22,541,539,0.0001243,,0.94
2022-052AR,52637,STARLINK-3961,95.44,53.22,541,539,0.0001596,,0.3
2022-052AS,52638,STARLINK-3941,95.44,53.22,541,539,0.0001284,,0.94
2022-052AT,52639,STARLINK-3968,95.44,53.22,545,534,0.0007963,,0.32
2022-052AU,52640,STARLINK-3977,95.44,53.22,541,539,0.0001241,,0.56
2022-052AV,52641,STARLINK-3991,95.44,53.22,541,539,0.0001175,,0.57
2022-052AW,52642,STARLINK-3971,95.44,53.22,541,539,0.0001582,,0.57
2022-052AX,52643,STARLINK-3963,95.44,53.22,541,539,0.0001648,,0.33
2022-052AY,52644,STARLINK-3985,95.44,53.22,541,539,0.0001776,,0.31
2022-052AZ,52645,STARLINK-3973,95.44,53.22,541,539,0.0001523,,0.32
2022-052BA,52646,STARLINK-3832,95.44,53.22,541,538,0.000192,,0.32
2022-052BB,52647,STARLINK-3846,95.44,53.22,541,539,0.0001422,,0.33
2022-052BC,52648,STARLINK-3854,95.44,53.22,543,536,0.0004962,,0.33
2022-052BD,52649,STARLINK-3868,95.44,53.22,542,538,0.0002643,,0.29
2022-052BE,52650,STARLINK-3891,95.44,53.22,541,539,0.0001289,,0.58
2022-053A,52656,STARLINK-4004,95.44,53.22,541,539,0.0001322,,0.62
2022-053B,52657,STARLINK-4084,95.44,53.22,541,539,0.0001459,,0.58
2022-053C,52658,STARLINK-4082,95.44,53.22,541,539,0.0001279,,0.62
2022-053D,52659,STARLINK-3960,95.44,53.22,541,539,0.0001433,,0.62
2022-053E,52660,STARLINK-4081,95.44,53.22,541,539,0.0001405,,0.62
2022-053F,52661,STARLINK-4042,95.44,53.22,541,539,0.0001386,,0.69
2022-053G,52662,STARLINK-4044,95.44,53.22,541,539,0.0001242,,0.64
2022-053H,52663,STARLINK-4037,95.44,53.22,541,539,0.0001404,,0.57
2022-053J,52664,STARLINK-4070,95.44,53.22,541,539,0.000132,,0.57
2022-053K,52665,STARLINK-4064,95.44,53.22,541,539,0.0001401,,0.58
2022-053L,52666,STARLINK-4079,95.44,53.22,541,539,0.0001342,,0.61
2022-053M,52667,STARLINK-4076,95.44,53.22,541,539,0.0001323,,0.59
2022-053N,52668,STARLINK-4067,95.44,53.22,541,539,0.0001712,,0.58
2022-053P,52669,STARLINK-3972,95.44,53.22,540,539,0.000096,,0.73
2022-053Q,52670,STARLINK-4075,95.44,53.22,541,539,0.0001266,,0.71
2022-053R,52671,STARLINK-4071,95.44,53.22,541,539,0.00013,,0.73
2022-053S,52672,STARLINK-4073,95.44,53.22,541,538,0.0001834,,0.59
2022-053T,52673,STARLINK-3976,95.44,53.22,541,539,0.0001733,,0.61
2022-053U,52674,STARLINK-3936,95.44,53.22,541,539,0.0001317,,0.6
2022-053V,52675,STARLINK-3934,95.44,53.22,541,539,0.0001416,,0.74
2022-053W,52676,STARLINK-4006,95.44,53.22,541,539,0.0001311,,0.74
2022-053X,52677,STARLINK-4028,95.44,53.22,541,539,0.0001548,,0.62
2022-053Y,52678,STARLINK-4074,95.44,53.22,540,539,0.0001086,,0.73
2022-053Z,52679,STARLINK-4031,95.44,53.22,541,539,0.0001128,,0.63
2022-053AA,52680,STARLINK-3774,95.44,53.22,541,539,0.0001374,,0.64
2022-053AB,52681,STARLINK-4068,95.44,53.22,541,539,0.0001434,,0.63
2022-053AC,52682,STARLINK-4017,95.44,53.22,541,539,0.0001369,,0.76
2022-053AE,52684,STARLINK-4014,95.44,53.22,541,539,0.0001373,,0.76
2022-053AF,52685,STARLINK-4029,95.44,53.22,541,539,0.0001287,,0.58
2022-053AG,52686,STARLINK-4005,95.44,53.22,541,539,0.000142,,0.61
2022-053AH,52687,STARLINK-3981,95.44,53.22,541,539,0.0001551,,0.59
2022-053AJ,52688,STARLINK-4032,95.44,53.22,541,539,0.0001322,,0.66
2022-053AK,52689,STARLINK-4078,95.41,53.22,539,538,0.0001198,,0.6
2022-053AL,52690,STARLINK-4035,95.44,53.22,541,539,0.0001307,,0.71
2022-053AN,52692,STARLINK-3993,95.44,53.22,541,539,0.00014,,0.62
2022-053AP,52693,STARLINK-3946,95.44,53.22,541,539,0.0001797,,0.61
2022-053AQ,52694,STARLINK-4072,95.44,53.22,541,539,0.0001469,,0.59
2022-053AR,52695,STARLINK-4041,95.44,53.22,541,539,0.0001386,,0.62
2022-053AT,52697,STARLINK-4018,95.44,53.22,541,539,0.0001357,,0.6
2022-053AU,52698,STARLINK-4030,95.44,53.22,541,539,0.000137,,0.59
2022-053AV,52699,STARLINK-3987,95.44,53.22,541,539,0.0001221,,0.81
2022-053AW,52700,STARLINK-4034,95.44,53.22,541,539,0.0001384,,0.63
2022-053AY,52702,STARLINK-4033,95.44,53.22,541,539,0.000142,,0.6
2022-053AZ,52703,STARLINK-4020,95.44,53.22,541,539,0.0001237,,0.64
2022-053BA,52704,STARLINK-3999,95.44,53.22,541,539,0.0001216,,0.76
2022-053BB,52705,STARLINK-3844,95.44,53.22,541,539,0.0001414,,0.77
2022-053BC,52706,STARLINK-3970,95.44,53.22,541,539,0.0001336,,0.63
2022-053BD,52707,STARLINK-4007,95.44,53.22,541,539,0.0001431,,0.65
2022-053BE,52708,STARLINK-3962,95.44,53.22,541,539,0.0001216,,0.67
2022-054A,52713,COSMOS 2556,94.28,97.58,491,476,0.0011495,,0.27
2022-056B,52717,2022-056B,108.3,86.01,1182,1114,0.0044918,,0.57
2022-057F,52737,GHGSAT-C3,94.41,97.59,496,484,0.0008258,,0.21
2022-057H,52739,CONNECTA T1.1,93.5,97.6,450,442,0.0006283,,0.9
2022-057N,52744,GHGSAT-C5,94.41,97.6,496,483,0.0009421,,0.3
2022-057Q,52746,GHGSAT-C4,94.41,97.59,496,484,0.0008663,,0.25
2022-057R,52747,NUSAT-28 (ALICE LEE),93.88,97.48,470,459,0.0008003,,0.27
2022-057T,52749,CARCARA 1 (ICEYE-X18),91.99,97.57,375,369,0.0004221,,0.3
2022-057W,52752,NUSAT-31 (RUBY PAYNE-S),93.34,97.6,442,434,0.0005288,,0.25
2022-057Y,52754,HAWK-5C,94.01,97.6,476,465,0.0007926,,0.61
2022-057AA,52756,HAWK-5B,94.01,97.6,476,465,0.0008342,,0.61
2022-057AB,52757,HAWK-5A,94.01,97.6,477,465,0.0008732,,0.61
2022-057AC,52758,CARCARA 2 (ICEYE-X19),91.6,97.56,360,346,0.0010021,,0.28
2022-057AD,52759,ICEYE-X20,92.54,97.59,403,395,0.0006027,,0.27
2022-057AE,52760,VIGORIDE-3,94.67,97.59,510,495,0.0011248,,0.6
2022-057AF,52761,ION SCV-006,94.06,97.55,490,456,0.0024693,,0.62
2022-057AG,52762,ICEYE-X17,93.17,97.58,436,424,0.0008986,,0.2
2022-057AH,52763,SHERPA-AC1,94.35,97.6,494,480,0.0010696,,0.64
2022-057AJ,52764,NUSAT-29 (EDITH CLARKE),93.28,97.46,438,432,0.0004338,,0.21
2022-057AK,52765,ARMSAT1 URDANETA,93.05,97.6,429,419,0.0007412,,0.31
2022-057AL,52766,VARISAT 1C & CELESTIS-21,92.68,97.6,410,402,0.0005661,,0.67
2022-057AQ,52770,PLATFORM-1,93.4,97.59,447,435,0.0008414,,0.61
2022-057AR,52771,OMNI-L2,97.23,97.52,631,621,0.0006827,,0.71
2022-057AV,52775,GUARDIAN,93.16,97.59,433,426,0.00054,,0.29
2022-058A,52785,GEESAT-1 01,96.39,49.99,590,581,0.0006634,,0.27
2022-058B,52786,GEESAT-1 02,96.39,50,588,583,0.0003342,,0.24
2022-058C,52787,GEESAT-1 03,96.39,49.99,590,581,0.0006296,,0.28
2022-058D,52788,GEESAT-1 04,96.39,50,588,584,0.0002801,,0.26
2022-058E,52789,GEESAT-1 05,96.39,49.99,590,581,0.0007076,,0.25
2022-058F,52790,GEESAT-1 06,96.39,50.01,590,581,0.0006001,,0.3
2022-058G,52791,GEESAT-1 07,96.39,49.99,589,582,0.0005612,,0.29
2022-058H,52792,GEESAT-1 08,96.39,49.99,589,582,0.0005365,,0.26
2022-058J,52793,GEESAT-1 09,96.39,50,592,579,0.0009078,,0.29
2022-061A,52817,NILESAT 301,1436.09,0.06,35808,35765,0.0005101,*G,0.59
2022-062A,52830,STARLINK-4091,95.44,53.22,541,539,0.0001518,,1.06
2022-062B,52831,STARLINK-4089,95.44,53.22,541,539,0.0001623,,0.6
2022-062C,52832,STARLINK-4083,95.44,53.22,541,539,0.0001453,,1
2022-062D,52833,STARLINK-4086,95.44,53.22,541,538,0.0001821,,0.34
2022-062E,52834,STARLINK-4108,95.44,53.22,541,539,0.0001692,,0.95
2022-062F,52835,STARLINK-4080,95.44,53.22,541,539,0.0001511,,0.36
2022-062G,52836,STARLINK-4043,95.44,53.22,541,539,0.0001662,,0.33
2022-062H,52837,STARLINK-4036,95.44,53.22,541,539,0.0001475,,1.03
2022-062J,52838,STARLINK-4092,95.44,53.22,541,539,0.0001297,,0.63
2022-062K,52839,STARLINK-4048,95.44,53.22,541,539,0.0001558,,0.31
2022-062L,52840,STARLINK-4049,95.44,53.22,541,539,0.0001669,,0.96
2022-062M,52841,STARLINK-4065,95.44,53.22,541,539,0.0001434,,0.32
2022-062N,52842,STARLINK-4046,95.44,53.22,541,539,0.0001506,,1.03
2022-062P,52843,STARLINK-4188,95.44,53.22,541,539,0.000144,,0.92
2022-062Q,52844,STARLINK-4208,95.44,53.22,540,539,0.0000411,,0.31
2022-062R,52845,STARLINK-4168,95.44,53.22,541,539,0.00014,,0.32
2022-062S,52846,STARLINK-4212,95.44,53.22,541,539,0.0001542,,1.05
2022-062T,52847,STARLINK-4206,95.44,53.22,541,539,0.0001501,,0.6
2022-062U,52848,STARLINK-4202,95.44,53.22,541,539,0.0001334,,0.32
2022-062V,52849,STARLINK-4197,95.44,53.22,541,539,0.0001627,,0.34
2022-062W,52850,STARLINK-4187,95.44,53.22,540,539,0.0001109,,0.63
2022-062X,52851,STARLINK-3809,95.44,53.22,541,539,0.0001376,,0.34
2022-062Y,52852,STARLINK-4184,95.44,53.22,541,539,0.000131,,0.34
2022-062Z,52853,STARLINK-4189,95.44,53.22,541,539,0.0001531,,1.08
2022-062AA,52854,STARLINK-4204,95.44,53.22,541,539,0.0001625,,0.35
2022-062AB,52855,STARLINK-4209,95.44,53.22,541,539,0.0001433,,0.95
2022-062AC,52856,STARLINK-4201,95.44,53.22,541,538,0.0001892,,0.35
2022-062AD,52857,STARLINK-4199,95.44,53.22,541,539,0.0001573,,1.09
2022-062AE,52858,STARLINK-4198,95.44,53.22,541,539,0.0001251,,0.35
2022-062AF,52859,STARLINK-4196,95.44,53.22,541,538,0.0002297,,0.63
2022-062AG,52860,STARLINK-4191,95.44,53.22,541,539,0.0001368,,0.63
2022-062AH,52861,STARLINK-4112,95.44,53.22,541,539,0.0001539,,0.98
2022-062AJ,52862,STARLINK-4010,95.44,53.22,541,539,0.0001637,,0.64
2022-062AK,52863,STARLINK-4270,95.44,53.22,541,539,0.0001523,,0.98
2022-062AL,52864,STARLINK-4267,95.44,53.22,541,539,0.0001529,,0.64
2022-062AM,52865,STARLINK-4274,95.44,53.22,541,539,0.0001331,,0.92
2022-062AN,52866,STARLINK-4272,95.44,53.22,541,539,0.0001349,,0.98
2022-062AP,52867,STARLINK-4126,95.44,53.22,541,539,0.0001402,,0.93
2022-062AQ,52868,STARLINK-4261,95.44,53.22,541,539,0.0001285,,1.05
2022-062AR,52869,STARLINK-4266,95.44,53.22,541,539,0.000143,,1
2022-062AS,52870,STARLINK-4195,95.44,53.22,541,539,0.0001416,,0.33
2022-062AT,52871,STARLINK-4207,95.44,53.22,541,539,0.0001533,,1.08
2022-062AU,52872,STARLINK-4213,95.44,53.22,541,539,0.0001267,,1.07
2022-062AV,52873,STARLINK-4211,95.44,53.22,541,539,0.0001462,,0.36
2022-062AW,52874,STARLINK-4210,95.44,53.22,541,539,0.0001288,,0.94
2022-062AX,52875,STARLINK-4193,95.44,53.22,541,539,0.0001294,,0.36
2022-062AY,52876,STARLINK-4200,95.44,53.22,541,539,0.0001248,,1.08
2022-062AZ,52877,STARLINK-4214,95.44,53.22,541,539,0.0001513,,1.12
2022-062BA,52878,STARLINK-4171,95.44,53.22,541,539,0.0001404,,1.09
2022-062BB,52879,STARLINK-4139,95.44,53.22,541,539,0.0001591,,0.99
2022-062BC,52880,STARLINK-4186,95.44,53.22,541,539,0.0001739,,1.06
2022-062BE,52882,STARLINK-4181,95.44,53.22,541,539,0.0001365,,1.1
2022-064A,52888,GLOBALSTAR M087,113.77,51.98,1403,1396,0.0004189,,0.61
2022-065A,52894,PVSAT,98.7,98.15,703,690,0.0009661,,0.61
2022-065B,52895,KSLV-II DUMMY,98.73,98.16,704,692,0.0008201,,0.59
2022-065D,52897,STEP CUBE LAB-II,98.51,98.15,694,681,0.0008718,,0.25
2022-065E,52898,RANDEV,98.49,98.15,692,681,0.0007999,,0.2
2022-065F,52899,SNUGLITE-II,98.46,98.14,691,680,0.0007536,,0.58
2022-065G,52900,MIMAN,98.58,98.15,696,685,0.0007652,,0.58
2022-067A,52903,CMS-02 (GSAT 24),1436.1,0.04,35805,35768,0.0004371,*G,0.36
2022-067B,52904,MEASAT 3D,1436.1,0.06,35799,35774,0.0002962,*G,0.36
2022-068A,52907,YAOGAN-35 02A,94.56,34.99,502,492,0.0007257,,0.24
2022-068B,52908,YAOGAN-35 02B,94.54,35,504,489,0.001064,,0.25
2022-069A,52912,GAOFEN-12 03,97.27,97.89,630,626,0.0002504,,0.29
2022-071A,52933,SES-22,1436.07,0.02,35795,35777,0.0002162,*G,0.77
2022-072A,52935,DS-EO,95.49,10,545,540,0.0003823,,0.27
2022-072C,52937,NEUSAR,93.89,9.98,467,462,0.0003697,,1.09
2022-073A,52940,WFOV (USA 332),1436.1,2.39,35795,35778,0.0002054,*G,0.4
2022-075A,52984,COSMOS 2557 [GLONASS-K],675.73,64.58,19164,19096,0.0013459,,1.35
2022-076A,52986,STARLINK-4260,95.44,53.22,541,539,0.0001343,,0.87
2022-076B,52987,STARLINK-4259,95.44,53.22,541,539,0.0001419,,0.76
2022-076C,52988,STARLINK-4291,95.44,53.22,541,539,0.0001169,,0.87
2022-076D,52989,STARLINK-4293,95.44,53.22,541,538,0.0001896,,0.76
2022-076E,52990,STARLINK-4286,95.44,53.22,541,539,0.000127,,0.9
2022-076F,52991,STARLINK-4285,95.44,53.22,541,539,0.0001303,,0.9
2022-076G,52992,STARLINK-4269,95.44,53.22,541,539,0.0001413,,0.91
2022-076H,52993,STARLINK-4264,95.44,53.22,540,539,0.0000998,,0.87
2022-076J,52994,STARLINK-4256,95.44,53.22,541,539,0.0001482,,0.74
2022-076K,52995,STARLINK-4296,95.44,53.22,540,539,0.0000814,,0.75
2022-076L,52996,STARLINK-4295,95.44,53.22,541,539,0.0001429,,0.72
2022-076M,52997,STARLINK-4301,89.99,53.22,279,269,0.000704,*D,0.25
2022-076N,52998,STARLINK-4254,95.44,53.22,541,539,0.0001663,,0.76
2022-076P,52999,STARLINK-4217,95.44,53.22,541,539,0.0001501,,0.9
2022-076Q,53000,STARLINK-4194,95.44,53.22,541,539,0.0001454,,0.76
2022-076R,53001,STARLINK-4190,95.44,53.22,541,539,0.0001381,,0.84
2022-076S,53002,STARLINK-4121,95.44,53.22,541,539,0.0001554,,0.89
2022-076T,53003,STARLINK-4255,95.44,53.22,541,539,0.0001651,,0.78
2022-076U,53004,STARLINK-4253,95.44,53.22,541,539,0.0001226,,0.77
2022-076V,53005,STARLINK-4288,95.44,53.22,541,539,0.0001387,,0.78
2022-076W,53006,STARLINK-4290,95.44,53.22,540,539,0.0000935,,0.78
2022-076X,53007,STARLINK-4215,95.44,53.22,541,539,0.0001495,,0.79
2022-076Y,53008,STARLINK-4275,95.44,53.22,541,539,0.0001377,,0.72
2022-076Z,53009,STARLINK-4277,95.44,53.22,541,539,0.0001363,,0.87
2022-076AA,53010,STARLINK-4263,95.44,53.22,540,539,0.0000985,,0.75
2022-076AB,53011,STARLINK-4265,95.44,53.22,541,539,0.0001486,,0.81
2022-076AC,53012,STARLINK-4271,95.44,53.22,541,539,0.0001334,,0.8
2022-076AD,53013,STARLINK-4177,95.44,53.22,541,539,0.0001258,,0.88
2022-076AE,53014,STARLINK-4183,95.44,53.22,541,539,0.0001593,,0.87
2022-076AF,53015,STARLINK-4262,95.44,53.22,541,539,0.0001409,,0.89
2022-076AG,53016,STARLINK-4283,95.44,53.22,541,539,0.0001339,,0.88
2022-076AH,53017,STARLINK-4281,95.44,53.22,541,539,0.0001229,,0.89
2022-076AJ,53018,STARLINK-4279,95.43,53.22,541,539,0.0001422,,0.79
2022-076AK,53019,STARLINK-4282,95.44,53.22,541,539,0.0001333,,0.9
2022-076AL,53020,STARLINK-4287,95.44,53.22,541,539,0.0001464,,0.75
2022-076AN,53022,STARLINK-4216,95.44,53.22,541,539,0.0001179,,0.9
2022-076AP,53023,STARLINK-4284,95.44,53.22,541,539,0.0001625,,0.78
2022-076AQ,53024,STARLINK-4289,95.44,53.22,541,539,0.0001664,,0.78
2022-076AR,53025,STARLINK-4218,95.44,53.22,541,539,0.0001473,,0.79
2022-076AS,53026,STARLINK-4119,95.44,53.22,541,539,0.0001509,,0.78
2022-076AT,53027,STARLINK-4158,95.44,53.22,541,539,0.000136,,0.86
2022-076AV,53029,STARLINK-4143,95.44,53.22,541,538,0.0001911,,0.81
2022-076AW,53030,STARLINK-4160,95.44,53.22,541,539,0.000124,,0.91
2022-076AX,53031,STARLINK-4137,95.44,53.22,541,539,0.0001363,,0.96
2022-076AY,53032,STARLINK-4115,95.44,53.22,541,539,0.0001422,,0.93
2022-076AZ,53033,STARLINK-4167,95.44,53.22,541,538,0.0001764,,0.95
2022-076BA,53034,STARLINK-4151,95.44,53.22,540,539,0.0001017,,0.94
2022-076BB,53035,STARLINK-4157,95.44,53.22,541,539,0.0001305,,0.23
2022-076BC,53036,STARLINK-4155,95.44,53.22,541,539,0.000143,,0.9
2022-076BD,53037,STARLINK-4153,95.44,53.22,541,539,0.0001348,,0.9
2022-076BE,53038,STARLINK-4156,95.44,53.22,541,539,0.0001763,,0.24
2022-077A,53043,STARLINK-4362,95.92,97.66,563,563,0.0000566,,1.03
2022-077B,53044,STARLINK-4349,95.92,97.66,564,562,0.000095,,0.57
2022-077C,53045,STARLINK-4350,95.92,97.66,564,562,0.0001381,,0.56
2022-077D,53046,STARLINK-4331,95.92,97.66,564,562,0.0001911,,0.57
2022-077E,53047,STARLINK-4352,95.92,97.65,565,561,0.0002768,,0.99
2022-077F,53048,STARLINK-4355,95.92,97.66,564,562,0.0001623,,1.04
2022-077G,53049,STARLINK-4345,95.92,97.66,564,562,0.0001929,,0.98
2022-077H,53050,STARLINK-4343,95.92,97.66,564,562,0.0001765,,1.04
2022-077J,53051,STARLINK-4336,95.92,97.66,564,562,0.0001362,,0.37
2022-077K,53052,STARLINK-4341,95.92,97.66,564,562,0.0002041,,1.04
2022-077L,53053,STARLINK-4337,95.92,97.65,565,561,0.0002955,,0.52
2022-077M,53054,STARLINK-4339,95.92,97.66,564,562,0.000212,,0.98
2022-077N,53055,STARLINK-4338,95.92,97.65,564,562,0.0002102,,0.99
2022-077P,53056,STARLINK-4314,95.92,97.65,564,561,0.0002282,,0.52
2022-077Q,53057,STARLINK-4252,95.92,97.65,565,561,0.0002889,,0.99
2022-077R,53058,STARLINK-4317,95.92,97.66,563,563,0.0000507,,0.37
2022-077S,53059,STARLINK-4320,95.92,97.65,565,561,0.0002733,,0.99
2022-077T,53060,STARLINK-4305,95.92,97.65,565,561,0.0002591,,0.99
2022-077U,53061,STARLINK-4308,95.92,97.65,564,562,0.0000792,,1
2022-077V,53062,STARLINK-4311,95.92,97.65,565,561,0.0002741,,0.99
2022-077W,53063,STARLINK-4307,95.92,97.66,564,562,0.0000739,,0.57
2022-077X,53064,STARLINK-4313,95.92,97.65,565,561,0.0002272,,0.99
2022-077Y,53065,STARLINK-4312,95.92,97.65,564,562,0.000139,,1
2022-077Z,53066,STARLINK-4309,95.92,97.65,564,562,0.0001721,,0.53
2022-077AA,53067,STARLINK-4306,95.92,97.65,564,562,0.0001688,,0.54
2022-077AB,53068,STARLINK-4325,95.92,97.65,565,561,0.000253,,1
2022-077AC,53069,STARLINK-4323,95.92,97.65,564,562,0.0001634,,0.54
2022-077AD,53070,STARLINK-4342,95.92,97.65,565,561,0.0002351,,0.33
2022-077AE,53071,STARLINK-4328,95.92,97.65,564,562,0.0001536,,0.54
2022-077AF,53072,STARLINK-4344,95.92,97.65,563,563,0.0000493,,0.55
2022-077AG,53073,STARLINK-4346,95.92,97.65,564,562,0.0001114,,0.54
2022-077AH,53074,STARLINK-4310,95.92,97.65,564,562,0.0001682,,0.54
2022-077AJ,53075,STARLINK-4348,95.92,97.65,563,563,0.0000577,,0.54
2022-077AK,53076,STARLINK-4347,95.92,97.65,563,563,0.0000219,,0.55
2022-077AM,53078,STARLINK-4322,95.92,97.65,563,563,0.0000512,,0.55
2022-077AN,53079,STARLINK-4327,95.92,97.65,564,562,0.0000782,,0.55
2022-077AP,53080,STARLINK-4330,95.92,97.65,564,562,0.0001031,,0.55
2022-077AQ,53081,STARLINK-4326,95.92,97.65,563,563,0.0000391,,0.55
2022-077AR,53082,STARLINK-4321,95.92,97.65,564,562,0.0001549,,0.56
2022-077AS,53083,STARLINK-4251,95.92,97.66,564,562,0.0001419,,0.57
2022-077AT,53084,STARLINK-4319,95.92,97.65,564,562,0.0001143,,0.56
2022-077AU,53085,STARLINK-4324,95.92,97.65,564,562,0.0001433,,0.56
2022-077AV,53086,STARLINK-4318,95.92,97.65,564,562,0.0001455,,0.56
2022-077AW,53087,STARLINK-4329,95.92,97.65,564,562,0.000108,,0.56
2022-077AX,53088,STARLINK-4333,95.92,97.65,564,562,0.0001398,,0.56
2022-078A,53100,TIANLIAN 2-03,1436.09,0.66,35800,35773,0.0003121,*G,0.86
2022-080A,53105,LARES-2,225.36,70.13,5895,5883,0.00048,,0.98
2022-080B,53106,GREENCUBE,224.1,70.14,5853,5833,0.0008206,,8.94
2022-080E,53109,ROBUSTA-1F (MTCUBE 2),224.1,70.13,5853,5833,0.0008372,,0.89
2022-082A,53128,SUPERVIEW NEO-2 01,94.46,97.39,493,491,0.0001698,,0.25
2022-082C,53130,SUPERVIEW NEO-2 02,94.46,97.39,493,491,0.0001794,,0.36
2022-083A,53132,STARLINK-4063,95.44,53.22,541,539,0.0001342,,0.71
2022-083C,53134,STARLINK-4150,95.44,53.22,541,539,0.0001414,,0.57
2022-083D,53135,STARLINK-4023,95.44,53.22,541,539,0.0001322,,0.56
2022-083E,53136,STARLINK-4152,95.44,53.22,541,539,0.0001373,,0.57
2022-083F,53137,STARLINK-4145,95.44,53.22,541,539,0.0001388,,0.71
2022-083G,53138,STARLINK-4141,95.44,53.22,541,539,0.0001421,,0.58
2022-083H,53139,STARLINK-4185,95.44,53.22,541,539,0.0001302,,0.65
2022-083J,53140,STARLINK-4170,95.44,53.22,541,539,0.0001416,,0.52
2022-083K,53141,STARLINK-4103,95.44,53.22,541,539,0.0001314,,0.67
2022-083L,53142,STARLINK-4101,95.44,53.22,540,539,0.0000859,,0.53
2022-083M,53143,STARLINK-4102,95.44,53.22,541,539,0.0001347,,0.67
2022-083N,53144,STARLINK-4100,95.44,53.22,541,539,0.0001365,,0.73
2022-083P,53145,STARLINK-4106,95.44,53.22,541,539,0.0001473,,0.55
2022-083Q,53146,STARLINK-4099,95.44,53.22,541,539,0.000154,,0.66
2022-083R,53147,STARLINK-4094,95.44,53.22,541,539,0.0001481,,0.55
2022-083T,53149,STARLINK-4021,95.44,53.22,541,539,0.0001405,,0.59
2022-083U,53150,STARLINK-4038,95.44,53.22,541,539,0.0001391,,0.7
2022-083V,53151,STARLINK-4040,95.44,53.22,541,539,0.0001446,,0.71
2022-083W,53152,STARLINK-4045,95.44,53.22,541,539,0.0001558,,0.7
2022-083X,53153,STARLINK-4098,95.44,53.22,541,539,0.0001415,,0.58
2022-083Y,53154,STARLINK-4077,95.44,53.22,541,539,0.0001386,,0.71
2022-083Z,53155,STARLINK-4088,95.44,53.22,541,539,0.0001401,,0.59
2022-083AA,53156,STARLINK-4087,95.44,53.22,541,539,0.0001262,,0.6
2022-083AB,53157,STARLINK-4093,95.44,53.22,541,539,0.0001415,,0.6
2022-083AC,53158,STARLINK-4054,95.44,53.22,541,539,0.0001398,,0.58
2022-083AD,53159,STARLINK-4111,95.44,53.22,541,539,0.0001405,,0.74
2022-083AE,53160,STARLINK-4096,95.44,53.22,541,539,0.0001368,,0.59
2022-083AF,53161,STARLINK-4055,95.44,53.22,541,539,0.0001613,,0.68
2022-083AG,53162,STARLINK-4114,95.44,53.22,541,539,0.0001392,,0.6
2022-083AH,53163,STARLINK-4104,95.44,53.22,541,539,0.000134,,0.61
2022-083AJ,53164,STARLINK-4116,95.44,53.22,541,539,0.000135,,0.54
2022-083AK,53165,STARLINK-4090,95.44,53.22,541,539,0.0001422,,0.69
2022-083AL,53166,STARLINK-4110,95.44,53.22,541,539,0.0001269,,0.69
2022-083AM,53167,STARLINK-3683,95.44,53.22,541,539,0.0001453,,0.61
2022-083AN,53168,STARLINK-4105,95.44,53.22,541,539,0.0001279,,0.69
2022-083AP,53169,STARLINK-4117,95.44,53.22,541,539,0.0001322,,0.63
2022-083AQ,53170,STARLINK-4095,95.44,53.22,540,539,0.0001151,,0.59
2022-083AR,53171,STARLINK-4052,95.44,53.22,541,539,0.0001307,,0.82
2022-083AS,53172,STARLINK-4299,95.44,53.22,541,539,0.0001284,,0.6
2022-083AT,53173,STARLINK-4300,95.44,53.22,541,539,0.0001325,,0.78
2022-083AU,53174,STARLINK-4205,95.44,53.22,541,539,0.0001318,,0.56
2022-083AV,53175,STARLINK-4292,95.44,53.22,541,539,0.0001456,,0.62
2022-083AW,53176,STARLINK-4294,95.44,53.22,541,539,0.0001397,,0.62
2022-083AX,53177,STARLINK-4298,95.44,53.22,541,539,0.0001434,,0.65
2022-083AY,53178,STARLINK-4280,95.44,53.22,541,539,0.0001276,,0.56
2022-083AZ,53179,STARLINK-4276,95.44,53.22,541,538,0.0002143,,0.7
2022-083BA,53180,STARLINK-4258,95.44,53.22,541,539,0.0001288,,0.81
2022-083BB,53181,STARLINK-4273,93.53,53.19,450,444,0.0004342,,0.33
2022-083BC,53182,STARLINK-4278,95.44,53.22,541,539,0.0001423,,0.66
2022-083BD,53183,STARLINK-4268,95.44,53.22,541,539,0.0001365,,0.78
2022-083BE,53184,STARLINK-4257,95.44,53.22,541,539,0.0001364,,0.64
2022-084A,53189,STARLINK-4391,95.92,97.66,564,561,0.0002166,,0.76
2022-084B,53190,STARLINK-4332,95.92,97.65,565,561,0.0002395,,0.73
2022-084C,53191,STARLINK-4369,95.92,97.66,564,562,0.0001156,,0.77
2022-084D,53192,STARLINK-4375,95.92,97.66,563,563,0.0000566,,0.57
2022-084E,53193,STARLINK-4351,95.92,97.66,565,561,0.0003223,,0.76
2022-084F,53194,STARLINK-4382,95.92,97.66,565,561,0.0002526,,0.57
2022-084G,53195,STARLINK-4404,95.92,97.66,564,562,0.0002059,,0.78
2022-084H,53196,STARLINK-4407,95.92,97.66,563,563,0.00002,,0.58
2022-084J,53197,STARLINK-4403,95.92,97.66,564,562,0.000077,,0.77
2022-084K,53198,STARLINK-4385,95.92,97.66,563,563,0.0000297,,0.77
2022-084L,53199,STARLINK-4395,95.92,97.66,563,563,0.0000137,,0.57
2022-084M,53200,STARLINK-4417,95.92,97.66,563,563,0.0000539,,0.58
2022-084N,53201,STARLINK-4405,95.92,97.66,565,561,0.0002299,,0.59
2022-084P,53202,STARLINK-4411,95.92,97.66,564,562,0.0001299,,0.78
2022-084Q,53203,STARLINK-4409,95.92,97.66,564,562,0.0002134,,0.78
2022-084R,53204,STARLINK-4410,95.92,97.66,565,562,0.0002123,,0.78
2022-084S,53205,STARLINK-4397,95.92,97.65,564,562,0.000189,,0.59
2022-084T,53206,STARLINK-4408,95.92,97.66,565,561,0.0003361,,0.73
2022-084U,53207,STARLINK-4413,95.92,97.66,564,562,0.0002135,,0.79
2022-084V,53208,STARLINK-4425,95.92,97.66,564,562,0.0001884,,0.58
2022-084W,53209,STARLINK-4423,95.92,97.66,564,562,0.0001976,,0.79
2022-084X,53210,STARLINK-4427,95.92,97.66,565,561,0.0002256,,0.59
2022-084Y,53211,STARLINK-4419,95.92,97.66,565,561,0.0003287,,0.6
2022-084Z,53212,STARLINK-4416,95.92,97.66,565,561,0.0002371,,0.79
2022-084AA,53213,STARLINK-4414,95.92,97.66,565,561,0.0003235,,0.33
2022-084AB,53214,STARLINK-4353,95.92,97.65,564,562,0.0001862,,0.79
2022-084AC,53215,STARLINK-4335,95.92,97.66,565,561,0.0002864,,0.6
2022-084AD,53216,STARLINK-4376,95.92,97.65,566,560,0.0003636,,0.66
2022-084AE,53217,STARLINK-4379,95.92,97.66,563,563,0.0000583,,0.61
2022-084AF,53218,STARLINK-4384,95.92,97.66,563,563,0.0000611,,0.34
2022-084AG,53219,STARLINK-4373,95.92,97.66,564,562,0.0001222,,0.74
2022-084AH,53220,STARLINK-4363,95.92,97.66,565,561,0.0002348,,0.34
2022-084AJ,53221,STARLINK-4377,95.92,97.66,563,563,0.0000626,,0.34
2022-084AK,53222,STARLINK-4381,95.92,97.66,564,562,0.0001837,,0.34
2022-084AL,53223,STARLINK-4354,93.78,97.65,460,459,0.0001195,,0.5
2022-084AM,53224,STARLINK-4356,95.92,97.66,564,562,0.0001486,,0.54
2022-084AN,53225,STARLINK-4358,95.92,97.66,564,562,0.0001262,,0.75
2022-084AP,53226,STARLINK-4359,95.92,97.66,565,561,0.0002185,,0.35
2022-084AQ,53227,STARLINK-4366,95.91,97.66,564,561,0.0002237,,0.76
2022-084AR,53228,STARLINK-4365,95.92,97.66,563,563,0.0000605,,0.35
2022-084AS,53229,STARLINK-4367,95.92,97.66,565,561,0.0003352,,0.75
2022-084AT,53230,STARLINK-4364,95.92,97.66,564,562,0.0001343,,0.35
2022-084AU,53231,STARLINK-4370,95.92,97.66,565,561,0.0002807,,0.76
2022-084AV,53232,STARLINK-4371,95.92,97.66,565,561,0.0003301,,0.76
2022-084AW,53233,STARLINK-4372,95.92,97.66,565,561,0.0003281,,0.36
2022-084AX,53234,STARLINK-4368,95.92,97.66,565,561,0.0002867,,0.76
2022-085A,53239,CSS (WENTIAN),92.41,41.46,395,390,0.0003466,CSS,0.65
2022-086A,53242,STARLINK-4056,95.44,53.22,541,539,0.0001498,,0.61
2022-086B,53243,STARLINK-4047,95.44,53.22,541,539,0.0001369,,0.64
2022-086C,53244,STARLINK-4125,95.44,53.22,541,539,0.000139,,0.48
2022-086E,53246,STARLINK-4131,95.44,53.22,541,539,0.0001697,,0.48
2022-086F,53247,STARLINK-4061,95.44,53.22,541,539,0.0001345,,0.59
2022-086G,53248,STARLINK-4135,95.44,53.22,541,539,0.0001421,,0.47
2022-086H,53249,STARLINK-4128,95.44,53.22,541,539,0.0001459,,0.6
2022-086J,53250,STARLINK-4059,95.44,53.22,541,538,0.00019,,0.6
2022-086K,53251,STARLINK-4129,95.44,53.22,541,539,0.0001373,,0.61
2022-086L,53252,STARLINK-4132,95.44,53.22,541,539,0.0001453,,0.61
2022-086M,53253,STARLINK-4133,95.44,53.22,541,539,0.0001557,,0.61
2022-086N,53254,STARLINK-4134,95.44,53.22,541,539,0.000125,,0.67
2022-086P,53255,STARLINK-4142,95.44,53.22,541,539,0.0001426,,0.62
2022-086Q,53256,STARLINK-4147,95.44,53.22,541,539,0.0001467,,0.48
2022-086R,53257,STARLINK-4144,95.44,53.22,541,539,0.0001409,,0.57
2022-086S,53258,STARLINK-4127,95.44,53.22,541,539,0.0001555,,0.62
2022-086T,53259,STARLINK-4140,95.44,53.22,541,539,0.0001605,,0.67
2022-086U,53260,STARLINK-4136,95.44,53.22,541,539,0.0001285,,0.63
2022-086V,53261,STARLINK-4062,95.44,53.22,541,539,0.0001414,,0.58
2022-086W,53262,STARLINK-4085,95.44,53.22,541,539,0.000148,,0.5
2022-086X,53263,STARLINK-4130,95.44,53.22,541,539,0.0001405,,0.58
2022-086Y,53264,STARLINK-3950,95.44,53.22,541,539,0.0001433,,0.51
2022-086Z,53265,STARLINK-4097,95.44,53.22,541,539,0.0001393,,0.52
2022-086AA,53266,STARLINK-4058,95.44,53.22,541,539,0.000137,,0.58
2022-086AB,53267,STARLINK-4060,95.44,53.22,541,539,0.0001361,,0.66
2022-086AC,53268,STARLINK-4109,95.44,53.22,541,539,0.0001594,,0.66
2022-086AD,53269,STARLINK-4057,95.44,53.22,541,539,0.0001481,,0.54
2022-086AG,53272,STARLINK-4122,95.44,53.22,541,539,0.0001341,,0.6
2022-086AH,53273,STARLINK-4051,95.44,53.22,541,539,0.000136,,0.62
2022-086AJ,53274,STARLINK-4050,95.44,53.22,540,539,0.000107,,0.61
2022-086AK,53275,STARLINK-4179,95.44,53.22,541,539,0.0001357,,0.49
2022-086AL,53276,STARLINK-4174,95.44,53.22,541,539,0.0001358,,0.61
2022-086AM,53277,STARLINK-4178,95.44,53.22,541,539,0.0001452,,0.63
2022-086AN,53278,STARLINK-4180,95.44,53.22,541,539,0.0001448,,0.69
2022-086AQ,53280,STARLINK-4169,95.44,53.22,541,539,0.000135,,0.64
2022-086AS,53282,STARLINK-4164,95.44,53.22,541,539,0.0001523,,0.63
2022-086AT,53283,STARLINK-4175,95.44,53.22,541,539,0.0001355,,0.64
2022-086AV,53285,STARLINK-4173,95.44,53.22,541,539,0.0001446,,0.65
2022-086AW,53286,STARLINK-4165,95.44,53.22,541,539,0.0001317,,0.54
2022-086AX,53287,STARLINK-4107,95.44,53.22,541,539,0.0001401,,0.59
2022-086AY,53288,STARLINK-4162,95.44,53.22,541,539,0.0001404,,0.65
2022-086AZ,53289,STARLINK-4176,95.44,53.22,541,539,0.0001336,,0.55
2022-086BA,53290,STARLINK-4149,95.44,53.22,541,539,0.0000971,,0.52
2022-086BB,53291,STARLINK-4166,95.44,53.22,541,539,0.0001441,,0.65
2022-086BC,53292,STARLINK-4159,95.44,53.22,541,539,0.0001308,,0.65
2022-086BD,53293,STARLINK-4148,95.44,53.22,541,539,0.0001371,,0.63
2022-086BE,53294,STARLINK-4146,95.44,53.22,540,539,0.0000505,,0.54
2022-087A,53299,2022-087A,90.74,97.3,312,309,0.0002239,,0.25
2022-087B,53300,LZWN (JINAN 1),91.83,97.3,368,361,0.0005028,,0.22
2022-087E,53303,2022-087E,92.03,97.32,376,372,0.0003189,,0.24
2022-088A,53316,YAOGAN-35 03A,93.45,35,482,405,0.0056806,,0.75
2022-088C,53318,YAOGAN-35 03B,94.54,34.99,498,495,0.0002069,,0.62
2022-088E,53320,YAOGAN-35 03C,94.54,34.99,501,491,0.0007191,,0.62
2022-089A,53323,COSMOS 2558,93.87,97.24,467,460,0.0005386,,0.57
2022-090A,53346,TECMS,94.66,97.37,507,497,0.0006635,,0.26
2022-092A,53355,SBIRS GEO-6 (USA 336),1436.1,4.2,35797,35777,0.0002348,*G,0.21
2022-096A,53370,KHAYYAM,94.4,97.38,491,488,0.0002195,,0.26
2022-097A,53388,STARLINK-4522,95.44,53.22,541,539,0.000125,,0.65
2022-097B,53389,STARLINK-4523,95.44,53.22,541,539,0.0001272,,0.79
2022-097C,53390,STARLINK-4517,95.44,53.22,541,539,0.0001334,,0.79
2022-097D,53391,STARLINK-4521,95.44,53.22,541,539,0.0001388,,0.8
2022-097E,53392,STARLINK-4535,95.44,53.22,541,539,0.0001363,,0.67
2022-097F,53393,STARLINK-4530,95.44,53.22,541,539,0.0001364,,0.67
2022-097G,53394,STARLINK-4544,95.44,53.22,541,539,0.0001261,,0.72
2022-097H,53395,STARLINK-4534,95.44,53.22,541,539,0.0001297,,0.68
2022-097J,53396,STARLINK-4524,95.44,53.22,541,539,0.0001365,,0.82
2022-097K,53397,STARLINK-4515,95.44,53.22,541,539,0.000149,,0.68
2022-097L,53398,STARLINK-4512,95.44,53.22,541,539,0.000125,,0.77
2022-097M,53399,STARLINK-4528,95.44,53.22,541,539,0.000146,,0.82
2022-097N,53400,STARLINK-4520,95.44,53.22,540,539,0.0000992,,0.71
2022-097P,53401,STARLINK-4525,95.44,53.22,541,539,0.0001291,,0.7
2022-097Q,53402,STARLINK-4499,95.44,53.22,541,539,0.0001313,,0.78
2022-097R,53403,STARLINK-4507,95.44,53.22,541,539,0.0001438,,0.67
2022-097S,53404,STARLINK-4509,95.44,53.22,541,539,0.0001407,,0.73
2022-097T,53405,STARLINK-4510,95.44,53.22,541,539,0.0001325,,0.65
2022-097U,53406,STARLINK-4533,95.43,53.22,541,538,0.0001971,,0.68
2022-097V,53407,STARLINK-4537,95.44,53.22,541,539,0.0001407,,0.73
2022-097W,53408,STARLINK-4491,95.44,53.22,541,539,0.000111,,0.73
2022-097X,53409,STARLINK-4490,95.44,53.22,541,539,0.0001552,,0.74
2022-097Y,53410,STARLINK-4492,95.44,53.22,541,539,0.00014,,0.8
2022-097Z,53411,STARLINK-4497,95.44,53.22,541,539,0.0001298,,0.73
2022-097AA,53412,STARLINK-4496,95.44,53.22,541,539,0.0001315,,0.81
2022-097AB,53413,STARLINK-4500,95.44,53.22,541,539,0.0001301,,0.67
2022-097AC,53414,STARLINK-4304,95.44,53.22,541,539,0.000143,,0.82
2022-097AD,53415,STARLINK-4479,95.44,53.22,541,539,0.0001337,,0.89
2022-097AE,53416,STARLINK-4480,95.44,53.22,541,539,0.0001476,,0.7
2022-097AF,53417,STARLINK-4484,95.44,53.22,541,539,0.0001197,,0.82
2022-097AG,53418,STARLINK-4481,95.44,53.22,541,539,0.0001367,,0.73
2022-097AH,53419,STARLINK-4476,95.44,53.22,541,539,0.0001413,,0.83
2022-097AJ,53420,STARLINK-4552,95.44,53.22,540,539,0.0000892,,0.84
2022-097AK,53421,STARLINK-4545,95.44,53.22,541,539,0.0001563,,0.7
2022-097AL,53422,STARLINK-4546,95.44,53.22,541,539,0.0001267,,0.85
2022-097AM,53423,STARLINK-4539,95.44,53.22,541,539,0.0001195,,0.83
2022-097AN,53424,STARLINK-4532,95.44,53.22,541,539,0.0001322,,0.72
2022-097AP,53425,STARLINK-4531,95.44,53.22,541,539,0.0001399,,0.84
2022-097AQ,53426,STARLINK-4558,95.44,53.22,541,539,0.0001455,,0.74
2022-097AR,53427,STARLINK-4541,92.85,53.22,416,412,0.0002533,,0.72
2022-097AT,53429,STARLINK-4543,95.44,53.22,541,539,0.0001224,,0.74
2022-097AU,53430,STARLINK-4538,95.44,53.22,541,539,0.0001221,,0.88
2022-097AV,53431,STARLINK-4548,95.44,53.22,541,539,0.0001225,,0.86
2022-097AW,53432,STARLINK-4557,95.44,53.22,541,539,0.0001271,,0.84
2022-097AX,53433,STARLINK-4549,95.44,53.22,541,539,0.0001498,,0.76
2022-097AY,53434,STARLINK-4498,95.44,53.22,541,539,0.000119,,0.85
2022-097AZ,53435,STARLINK-4542,95.44,53.22,541,539,0.0001376,,0.84
2022-097BA,53436,STARLINK-4527,95.44,53.22,541,539,0.0001285,,0.72
2022-097BC,53438,STARLINK-4526,95.44,53.22,541,539,0.0001269,,0.72
2022-097BD,53439,STARLINK-4519,95.44,53.22,541,539,0.0001344,,0.84
2022-098A,53444,DONGPO 07,94.22,97.53,488,474,0.0010023,,0.27
2022-098B,53445,JILIN-1 GAOFEN 03D09,94.28,97.53,489,479,0.0007358,,0.23
2022-098C,53446,2022-098C,94.27,97.53,487,479,0.0005416,,0.23
2022-098D,53447,DONGPO 06,93.99,97.52,475,464,0.0007587,,0.23
2022-098E,53448,JILIN-1 GAOFEN 03D43,94.24,97.53,487,477,0.0006832,,0.25
2022-098F,53449,DONGPO 05,94.16,97.52,482,474,0.0005743,,0.26
2022-098G,53450,DONGPO 03,94.08,97.53,477,471,0.0004442,,0.24
2022-098H,53451,DONGPO 04,94,97.54,474,467,0.0005007,,0.23
2022-098J,53452,DONGPO 02,94.19,97.52,483,475,0.0005667,,0.24
2022-098K,53453,DONGPO 01,94.21,97.53,482,479,0.0001735,,0.27
2022-099A,53465,STARLINK-4415,95.92,97.66,564,562,0.0001344,,0.61
2022-099B,53466,STARLINK-4398,95.92,97.66,564,562,0.0001096,,0.61
2022-099C,53467,STARLINK-4394,95.92,97.65,564,562,0.0001354,,0.62
2022-099D,53468,STARLINK-4400,95.92,97.66,564,562,0.0001454,,0.62
2022-099E,53469,STARLINK-4399,95.92,97.65,564,562,0.0001456,,0.62
2022-099F,53470,STARLINK-4393,95.92,97.65,564,562,0.0001703,,0.62
2022-099G,53471,STARLINK-4316,95.92,97.66,564,562,0.0001537,,0.63
2022-099H,53472,STARLINK-4447,95.92,97.65,564,562,0.0001689,,0.62
2022-099J,53473,STARLINK-4383,95.92,97.65,564,562,0.0001657,,0.56
2022-099K,53474,STARLINK-4445,95.92,97.65,564,562,0.0001404,,0.64
2022-099L,53475,STARLINK-4389,95.92,97.65,564,562,0.00016,,0.56
2022-099M,53476,STARLINK-4378,95.92,97.65,564,562,0.0001255,,0.23
2022-099N,53477,STARLINK-4412,95.92,97.66,564,562,0.0001726,,0.56
2022-099P,53478,STARLINK-4433,95.92,97.65,564,562,0.0001461,,0.57
2022-099Q,53479,STARLINK-4436,95.92,97.65,564,562,0.0001451,,0.64
2022-099R,53480,STARLINK-4442,95.92,97.65,564,562,0.0001497,,0.57
2022-099S,53481,STARLINK-4302,95.92,97.65,564,562,0.0001346,,0.57
2022-099T,53482,STARLINK-4360,95.92,97.65,563,563,0.0000661,,0.58
2022-099U,53483,STARLINK-4401,95.92,97.65,563,563,0.0000302,,0.59
2022-099V,53484,STARLINK-4426,95.92,97.65,564,562,0.00009,,0.64
2022-099W,53485,STARLINK-4430,95.92,97.65,563,563,0.0000212,,0.65
2022-099X,53486,STARLINK-4431,95.92,97.65,564,562,0.00013,,0.58
2022-099Y,53487,STARLINK-4432,95.92,97.65,564,562,0.0001134,,0.64
2022-099Z,53488,STARLINK-4421,95.92,97.65,564,562,0.000111,,0.58
2022-099AA,53489,STARLINK-4392,95.92,97.65,564,562,0.0001072,,0.58
2022-099AB,53490,STARLINK-4387,95.9,97.65,562,561,0.0000827,,0.58
2022-099AC,53491,STARLINK-4450,95.92,97.65,565,561,0.0003332,,0.59
2022-099AD,53492,STARLINK-4451,95.92,97.65,564,562,0.000122,,0.59
2022-099AE,53493,STARLINK-4361,95.92,97.65,564,562,0.0001611,,0.66
2022-099AF,53494,STARLINK-4340,95.92,97.65,564,562,0.0001143,,0.58
2022-099AG,53495,STARLINK-4429,95.92,97.65,566,560,0.0003804,,0.59
2022-099AH,53496,STARLINK-4465,95.92,97.65,565,561,0.0002392,,0.59
2022-099AJ,53497,STARLINK-4453,95.92,97.65,564,562,0.0001932,,0.6
2022-099AK,53498,STARLINK-4439,95.92,97.66,564,562,0.0001621,,0.6
2022-099AL,53499,STARLINK-4454,95.92,97.65,565,561,0.0002467,,0.59
2022-099AM,53500,STARLINK-4455,95.92,97.65,565,561,0.0003174,,0.6
2022-099AN,53501,STARLINK-4434,95.92,97.66,564,562,0.0001111,,0.61
2022-099AP,53502,STARLINK-4435,95.92,97.66,565,561,0.0002512,,0.6
2022-099AQ,53503,STARLINK-4461,95.92,97.66,565,562,0.0002182,,0.4
2022-099AR,53504,STARLINK-4448,95.92,97.66,564,562,0.0001692,,0.4
2022-099AS,53505,STARLINK-4446,95.92,97.66,564,562,0.0001076,,0.61
2022-099AT,53506,STARLINK-4437,95.92,97.66,563,563,0.0000628,,0.6
2022-099AU,53507,STARLINK-4444,95.92,97.66,563,563,0.0000213,,0.61
2022-099AV,53508,STARLINK-4443,95.92,97.66,564,562,0.0000741,,0.61
2022-099AW,53509,STARLINK-4402,95.92,97.66,564,562,0.000152,,0.61
2022-099AX,53510,STARLINK-4441,95.92,97.66,564,562,0.0001523,,0.62
2022-100A,53522,YAOGAN-35 04A,94.56,35.01,513,481,0.0023605,,1.07
2022-100C,53524,YAOGAN-35 04B,94.55,35,498,496,0.0001108,,1.01
2022-100E,53526,YAOGAN-35 04C,94.56,35,500,494,0.0003962,,0.28
2022-101A,53527,STARLINK-4511,95.14,53.21,526,524,0.0001115,,0.84
2022-101B,53528,STARLINK-4503,95.44,53.22,541,539,0.0001422,,0.93
2022-101C,53529,STARLINK-4478,95.44,53.22,541,539,0.0001663,,0.8
2022-101D,53530,STARLINK-4482,95.44,53.22,541,539,0.0001319,,0.92
2022-101E,53531,STARLINK-4487,95.44,53.22,541,539,0.0001439,,0.94
2022-101F,53532,STARLINK-4483,95.44,53.22,541,539,0.0001414,,0.25
2022-101G,53533,STARLINK-4493,95.44,53.22,541,539,0.0001391,,0.85
2022-101J,53535,STARLINK-4138,95.44,53.22,541,539,0.000128,,0.92
2022-101K,53536,STARLINK-4053,95.44,53.22,541,539,0.0001563,,0.54
2022-101L,53537,STARLINK-4120,95.44,53.22,541,539,0.000174,,0.78
2022-101M,53538,STARLINK-4118,95.44,53.22,541,539,0.0001339,,0.27
2022-101N,53539,STARLINK-4123,95.44,53.22,541,539,0.000139,,0.92
2022-101P,53540,STARLINK-4486,95.44,53.22,541,539,0.0001365,,0.24
2022-101Q,53541,STARLINK-4485,95.44,53.22,541,539,0.0001627,,0.93
2022-101R,53542,STARLINK-4489,95.44,53.22,541,539,0.0001248,,0.95
2022-101S,53543,STARLINK-4297,95.44,53.22,541,539,0.0001475,,0.27
2022-101T,53544,STARLINK-4303,95.44,53.22,541,539,0.0001453,,0.29
2022-101U,53545,STARLINK-4475,95.44,53.22,541,539,0.0001204,,0.55
2022-101V,53546,STARLINK-4477,95.44,53.22,541,539,0.0001531,,1.01
2022-101W,53547,STARLINK-4474,95.44,53.22,541,539,0.0001519,,0.29
2022-101X,53548,STARLINK-4513,95.44,53.22,541,539,0.0001501,,0.24
2022-101Z,53550,STARLINK-4518,95.44,53.22,541,539,0.0001614,,0.97
2022-101AA,53551,STARLINK-4514,95.44,53.22,541,539,0.0001284,,0.96
2022-101AB,53552,STARLINK-4495,95.44,53.22,541,539,0.0001188,,0.98
2022-101AC,53553,STARLINK-4501,95.44,53.22,541,539,0.000165,,0.98
2022-101AD,53554,STARLINK-4506,95.44,53.22,541,539,0.0001443,,0.25
2022-101AE,53555,STARLINK-4504,95.44,53.22,541,539,0.0001575,,0.24
2022-101AF,53556,STARLINK-4505,95.44,53.22,541,539,0.0001702,,0.26
2022-101AG,53557,STARLINK-4502,95.44,53.22,541,539,0.0001264,,0.98
2022-101AH,53558,STARLINK-4494,95.44,53.22,541,539,0.0001464,,0.99
2022-101AJ,53559,STARLINK-4508,95.44,53.22,541,539,0.000136,,0.92
2022-101AK,53560,STARLINK-4564,95.44,53.22,541,539,0.0001402,,0.95
2022-101AL,53561,STARLINK-4563,95.44,53.22,541,539,0.0001604,,0.93
2022-101AM,53562,STARLINK-4565,95.44,53.22,541,539,0.0001812,,0.95
2022-101AN,53563,STARLINK-4561,95.44,53.22,540,539,0.0000895,,0.55
2022-101AP,53564,STARLINK-4577,95.44,53.22,541,539,0.0001569,,0.3
2022-101AQ,53565,STARLINK-4575,95.44,53.22,541,539,0.0001622,,0.29
2022-101AR,53566,STARLINK-4576,95.44,53.22,541,539,0.0001496,,0.3
2022-101AS,53567,STARLINK-4585,95.44,53.22,541,539,0.0001589,,0.56
2022-101AT,53568,STARLINK-4583,95.44,53.22,541,539,0.000151,,0.98
2022-101AU,53569,STARLINK-4582,95.44,53.22,541,539,0.0001498,,0.56
2022-101AV,53570,STARLINK-4550,95.44,53.22,541,539,0.0001303,,0.97
2022-101AW,53571,STARLINK-4584,95.44,53.22,541,539,0.0001482,,0.97
2022-101AX,53572,STARLINK-4555,95.44,53.22,541,539,0.0001511,,0.99
2022-101AY,53573,STARLINK-4547,95.44,53.22,541,539,0.0001277,,0.32
2022-101AZ,53574,STARLINK-4559,95.44,53.22,541,539,0.0001506,,0.99
2022-101BA,53575,STARLINK-4551,95.44,53.22,541,539,0.0001288,,0.98
2022-101BB,53576,STARLINK-4581,95.44,53.22,541,539,0.0001134,,0.98
2022-101BC,53577,STARLINK-4553,95.44,53.22,541,539,0.0001559,,0.99
2022-101BD,53578,STARLINK-4556,95.44,53.22,541,539,0.0001772,,0.27
2022-101BE,53579,STARLINK-4580,95.44,53.22,541,539,0.0001541,,1
2022-102A,53586,CHUANGXIN 16A (CX-16A),95.81,29,561,554,0.0005015,,0.93
2022-103A,53587,BEIJING-3B,96.84,97.85,623,591,0.0022473,,0.27
2022-104A,53588,STARLINK-4691,95.44,53.22,541,539,0.0001659,,0.34
2022-104B,53589,STARLINK-4673,95.44,53.22,541,538,0.0002,,0.36
2022-104C,53590,STARLINK-4689,95.44,53.22,541,539,0.000165,,0.61
2022-104D,53591,STARLINK-4674,95.44,53.22,541,539,0.0001407,,0.61
2022-104E,53592,STARLINK-4672,95.44,53.22,541,539,0.0001194,,1.01
2022-104F,53593,STARLINK-4671,93.78,53.2,462,457,0.0004172,,0.61
2022-104G,53594,STARLINK-4681,95.44,53.22,541,539,0.0001634,,0.57
2022-104H,53595,STARLINK-4684,95.44,53.22,542,538,0.0002868,,0.56
2022-104J,53596,STARLINK-4668,93.36,53.21,442,435,0.000512,,0.47
2022-104L,53598,STARLINK-4676,95.44,53.22,541,539,0.0001377,,0.59
2022-104N,53600,STARLINK-4677,95.44,53.22,541,539,0.000139,,0.59
2022-104P,53601,STARLINK-4675,95.44,53.22,541,539,0.0001713,,0.38
2022-104Q,53602,STARLINK-4648,95.44,53.22,541,539,0.0001651,,0.51
2022-104R,53603,STARLINK-4692,95.44,53.22,541,538,0.0002078,,0.62
2022-104S,53604,STARLINK-4690,95.44,53.22,541,538,0.0001936,,0.38
2022-104T,53605,STARLINK-4693,95.44,53.22,541,539,0.0001612,,0.58
2022-104U,53606,STARLINK-4590,95.43,53.22,541,538,0.0001941,,0.62
2022-104V,53607,STARLINK-4591,95.44,53.22,541,538,0.0001863,,0.56
2022-104W,53608,STARLINK-4647,95.44,53.22,541,538,0.0001722,,0.61
2022-104X,53609,STARLINK-4660,95.44,53.22,541,538,0.0001989,,0.59
2022-104Y,53610,STARLINK-4610,95.44,53.22,541,539,0.0001594,,0.35
2022-104Z,53611,STARLINK-4650,93.7,53.19,457,454,0.0002116,,0.6
2022-104AA,53612,STARLINK-4658,95.44,53.22,541,539,0.0001576,,0.56
2022-104AB,53613,STARLINK-4655,95.44,53.22,541,539,0.0001261,,0.62
2022-104AE,53616,STARLINK-4605,95.44,53.22,541,539,0.0001515,,0.56
2022-104AG,53618,STARLINK-4604,95.44,53.22,541,539,0.0001546,,0.57
2022-104AH,53619,STARLINK-4609,95.44,53.22,541,539,0.0001604,,0.37
2022-104AJ,53620,STARLINK-4615,95.44,53.22,541,539,0.0001595,,0.58
2022-104AK,53621,STARLINK-4608,95.44,53.22,541,539,0.0001481,,0.37
2022-104AL,53622,STARLINK-4568,95.44,53.22,541,539,0.0001602,,0.6
2022-104AM,53623,STARLINK-4573,95.44,53.22,541,539,0.0001727,,0.38
2022-104AN,53624,STARLINK-4596,95.44,53.22,541,539,0.0001423,,0.59
2022-104AQ,53626,STARLINK-4554,95.44,53.22,541,539,0.0001833,,0.6
2022-104AR,53627,STARLINK-4595,95.44,53.22,541,538,0.0002031,,0.59
2022-104AS,53628,STARLINK-4600,95.44,53.22,541,539,0.0001482,,0.61
2022-104AT,53629,STARLINK-4602,95.44,53.22,541,539,0.0001658,,0.6
2022-104AU,53630,STARLINK-4598,95.44,53.22,541,539,0.0001712,,0.56
2022-104AV,53631,STARLINK-4599,95.44,53.22,541,539,0.000133,,0.61
2022-104AW,53632,STARLINK-4606,95.44,53.22,541,539,0.0001698,,0.57
2022-104AX,53633,STARLINK-4593,95.44,53.22,541,539,0.0001728,,0.56
2022-104AY,53634,STARLINK-4592,95.44,53.22,541,539,0.0001528,,0.58
2022-104AZ,53635,STARLINK-4587,95.44,53.22,541,539,0.0001212,,0.37
2022-104BA,53636,STARLINK-4586,95.43,53.22,541,539,0.0001347,,0.38
2022-104BB,53637,STARLINK-4396,95.44,53.22,541,539,0.0001632,,0.62
2022-104BC,53638,STARLINK-4594,95.44,53.22,541,539,0.0001318,,0.6
2022-104BD,53639,STARLINK-4422,95.44,53.22,541,539,0.0001485,,0.59
2022-104BE,53640,STARLINK-4597,95.44,53.22,541,539,0.0001379,,0.59
2022-104BF,53641,STARLINK-4588,95.44,53.22,541,539,0.0001548,,0.58
2022-105A,53648,STARLINK-4622,95.92,97.65,566,560,0.0004373,,0.83
2022-105B,53649,STARLINK-4386,95.92,97.65,566,560,0.0003917,,0.83
2022-105C,53650,STARLINK-4380,95.92,97.66,565,561,0.0003214,,0.37
2022-105D,53651,STARLINK-4388,95.92,97.65,565,561,0.0002578,,0.84
2022-105E,53652,STARLINK-4374,95.92,97.65,564,562,0.0001426,,0.84
2022-105F,53653,STARLINK-4390,95.92,97.66,566,561,0.0003629,,0.35
2022-105G,53654,STARLINK-4420,95.92,97.65,564,562,0.0001704,,0.38
2022-105H,53655,STARLINK-4470,95.92,97.66,564,562,0.0001615,,0.84
2022-105J,53656,STARLINK-4466,95.92,97.66,564,562,0.0001335,,0.38
2022-105K,53657,STARLINK-4469,95.92,97.66,564,562,0.000156,,0.84
2022-105L,53658,STARLINK-4452,95.92,97.66,564,562,0.0001361,,0.85
2022-105M,53659,STARLINK-4463,95.92,97.65,564,562,0.0001799,,0.85
2022-105N,53660,STARLINK-4473,95.92,97.66,564,562,0.0001287,,0.85
2022-105P,53661,STARLINK-4472,95.92,97.65,564,562,0.0001249,,0.85
2022-105Q,53662,STARLINK-4357,95.92,97.66,564,562,0.0000756,,0.86
2022-105R,53663,STARLINK-4457,95.92,97.65,564,562,0.0001059,,0.92
2022-105S,53664,STARLINK-4471,95.92,97.66,564,562,0.0000967,,0.86
2022-105T,53665,STARLINK-4334,95.92,97.65,565,562,0.0002215,,0.59
2022-105U,53666,STARLINK-4449,95.92,97.66,564,562,0.0000928,,0.86
2022-105V,53667,STARLINK-4406,95.92,97.65,564,562,0.0001154,,0.85
2022-105W,53668,STARLINK-4458,95.92,97.66,564,562,0.0001379,,0.86
2022-105X,53669,STARLINK-4464,95.92,97.66,564,562,0.0000866,,0.59
2022-105Y,53670,STARLINK-4459,95.92,97.66,564,562,0.0001551,,0.87
2022-105Z,53671,STARLINK-4440,95.92,97.66,564,562,0.0001705,,0.87
2022-105AA,53672,STARLINK-4428,95.92,97.66,565,561,0.0003084,,0.81
2022-105AB,53673,STARLINK-4456,95.92,97.66,564,562,0.0001227,,0.84
2022-105AC,53674,STARLINK-4620,95.92,97.66,564,562,0.000179,,0.87
2022-105AD,53675,STARLINK-4617,95.92,97.66,565,561,0.00029,,0.54
2022-105AE,53676,STARLINK-4621,95.92,97.66,565,562,0.0002199,,0.88
2022-105AF,53677,STARLINK-4579,95.92,97.66,564,562,0.0001807,,0.8
2022-105AG,53678,STARLINK-4418,95.92,97.66,564,562,0.0001211,,0.6
2022-105AH,53679,STARLINK-4632,95.92,97.66,564,562,0.0002045,,0.87
2022-105AJ,53680,STARLINK-4630,95.92,97.66,565,561,0.00024,,0.55
2022-105AK,53681,STARLINK-4424,95.92,97.66,566,560,0.0004194,,0.82
2022-105AL,53682,STARLINK-4438,95.92,97.65,566,560,0.000415,,0.83
2022-105AM,53683,STARLINK-4625,95.92,97.66,565,562,0.0002138,,0.81
2022-105AN,53684,STARLINK-4624,95.92,97.66,564,562,0.0000947,,0.59
2022-105AP,53685,STARLINK-4626,95.92,97.66,565,561,0.0003415,,0.82
2022-105AQ,53686,STARLINK-4467,95.92,97.65,564,562,0.0001543,,0.38
2022-105AR,53687,STARLINK-4569,95.92,97.66,565,561,0.0002907,,0.35
2022-105AS,53688,STARLINK-4571,95.92,97.66,566,560,0.0003962,,0.36
2022-105AT,53689,STARLINK-4562,95.92,97.65,565,561,0.0002342,,0.84
2022-105AU,53690,STARLINK-4570,95.92,97.66,564,562,0.0001626,,0.87
2022-105AV,53691,STARLINK-4560,95.92,97.66,566,560,0.0004136,,0.82
2022-105AW,53692,STARLINK-4572,95.92,97.65,567,559,0.000531,,0.36
2022-105AX,53693,STARLINK-4566,95.92,97.65,566,560,0.0004451,,0.83
2022-106A,53698,YAOGAN-33 02,98.71,98.19,699,695,0.0003241,,0.22
2022-107A,53700,STARLINK-4725,95.44,53.22,541,539,0.0001532,,0.26
2022-107B,53701,STARLINK-4711,95.44,53.22,541,539,0.0001572,,0.6
2022-107C,53702,STARLINK-4724,95.44,53.22,541,539,0.0001483,,0.57
2022-107D,53703,STARLINK-4731,95.44,53.22,541,539,0.0001664,,0.38
2022-107E,53704,STARLINK-4714,95.44,53.22,541,539,0.0001543,,0.6
2022-107F,53705,STARLINK-4717,95.44,53.22,541,539,0.0001408,,0.34
2022-107G,53706,STARLINK-4716,95.44,53.22,541,539,0.0001568,,1.02
2022-107H,53707,STARLINK-4667,95.44,53.22,541,539,0.0001375,,0.36
2022-107J,53708,STARLINK-4694,95.44,53.22,541,539,0.0001462,,0.57
2022-107K,53709,STARLINK-4685,95.44,53.22,541,539,0.0001637,,0.59
2022-107M,53711,STARLINK-4627,95.44,53.22,541,539,0.0001357,,0.58
2022-107N,53712,STARLINK-4683,95.44,53.22,541,538,0.0001877,,0.6
2022-107P,53713,STARLINK-4698,93.97,53.21,471,467,0.0002824,,0.61
2022-107R,53715,STARLINK-4686,95.44,53.22,541,539,0.0001434,,0.58
2022-107S,53716,STARLINK-4699,95.44,53.22,541,539,0.0001793,,0.59
2022-107U,53718,STARLINK-4695,95.44,53.22,541,538,0.0001796,,0.99
2022-107V,53719,STARLINK-4644,95.44,53.22,541,539,0.0001403,,0.53
2022-107W,53720,STARLINK-4642,95.44,53.22,541,539,0.0001487,,0.58
2022-107X,53721,STARLINK-4707,95.44,53.22,541,539,0.0001738,,0.31
2022-107Y,53722,STARLINK-4700,95.44,53.22,541,539,0.0001545,,0.56
2022-107Z,53723,STARLINK-4705,95.44,53.22,541,538,0.0001836,,0.59
2022-107AA,53724,STARLINK-4663,95.44,53.22,541,539,0.0001428,,0.57
2022-107AC,53726,STARLINK-4697,95.44,53.22,541,539,0.0001605,,0.57
2022-107AD,53727,STARLINK-4701,95.44,53.22,541,539,0.0001436,,0.56
2022-107AE,53728,STARLINK-4640,95.44,53.22,541,539,0.0001868,,0.56
2022-107AF,53729,STARLINK-4651,95.44,53.22,541,539,0.000134,,0.35
2022-107AG,53730,STARLINK-4641,95.44,53.22,541,539,0.0001705,,0.35
2022-107AH,53731,STARLINK-4636,95.44,53.22,541,539,0.0001133,,0.34
2022-107AJ,53732,STARLINK-4661,95.44,53.22,541,538,0.000224,,0.35
2022-107AK,53733,STARLINK-4574,95.44,53.22,541,539,0.0001687,,0.73
2022-107AL,53734,STARLINK-4616,95.44,53.22,541,539,0.0001306,,0.35
2022-107AM,53735,STARLINK-4618,95.44,53.22,541,539,0.00013,,0.31
2022-107AN,53736,STARLINK-4652,95.44,53.22,541,539,0.0001655,,1.33
2022-107AP,53737,STARLINK-4646,95.44,53.22,541,539,0.0001454,,0.7
2022-107AQ,53738,STARLINK-4662,95.44,53.22,541,538,0.0002016,,0.71
2022-107AS,53740,STARLINK-4607,95.44,53.22,541,539,0.0001483,,0.7
2022-107AT,53741,STARLINK-4614,95.44,53.22,541,539,0.0001758,,0.59
2022-107AU,53742,STARLINK-4637,95.44,53.22,541,538,0.0001878,,0.56
2022-107AV,53743,STARLINK-4645,95.44,53.22,541,539,0.0001682,,0.68
2022-107AW,53744,STARLINK-4670,95.44,53.22,541,539,0.0001291,,0.33
2022-107AX,53745,STARLINK-4656,95.44,53.22,541,539,0.0001368,,0.28
2022-107AY,53746,STARLINK-4589,95.44,53.22,541,539,0.000121,,0.68
2022-107BA,53748,STARLINK-4669,90.13,53.21,282,279,0.0002408,*D,0.33
2022-107BB,53749,STARLINK-4680,93,53.21,425,418,0.0004901,,0.6
2022-107BC,53750,STARLINK-4612,95.44,53.22,540,539,0.0000947,,1
2022-107BG,53754,SHERPA-LTC2,98.51,53.24,986,388,0.0423061,,0.57
2022-108A,53757,CENTISPACE-1 S3,98.62,53.53,700,685,0.0011105,,0.26
2022-108B,53758,CENTISPACE-1 S4,98.59,53.53,698,684,0.0010452,,0.28
2022-109A,53760,YAOGAN-35 05A,94.56,35.01,510,484,0.0019468,,0.67
2022-109B,53761,YAOGAN-35 05B,94.55,34.99,506,488,0.0012632,,0.28
2022-109D,53763,YAOGAN-35 05C,94.55,34.99,498,496,0.0001578,,0.28
2022-110A,53765,EUTELSAT KONNECT VHTS,1436.08,0.05,35797,35775,0.0002617,*G,0.74
2022-111A,53773,STARLINK-4718,95.44,53.22,541,539,0.0001427,,0.64
2022-111B,53774,STARLINK-4719,95.44,53.22,541,539,0.0001486,,0.65
2022-111C,53775,STARLINK-4722,95.44,53.22,541,539,0.0001412,,0.29
2022-111D,53776,STARLINK-4708,95.44,53.22,541,539,0.000138,,0.29
2022-111E,53777,STARLINK-4664,95.44,53.22,541,539,0.0001363,,0.29
2022-111F,53778,STARLINK-4709,95.44,53.22,541,539,0.0001508,,0.27
2022-111G,53779,STARLINK-4706,95.44,53.22,541,539,0.0001657,,0.3
2022-111H,53780,STARLINK-4678,95.44,53.22,541,539,0.0001637,,0.69
2022-111J,53781,STARLINK-4462,95.44,53.22,541,539,0.0001795,,0.64
2022-111K,53782,STARLINK-4679,95.44,53.22,541,539,0.0001652,,0.3
2022-111L,53783,STARLINK-4536,95.44,53.22,541,539,0.0001326,,0.65
2022-111M,53784,STARLINK-4687,95.44,53.22,541,538,0.0001898,,0.64
2022-111P,53786,STARLINK-4631,95.44,53.22,541,539,0.0001798,,0.28
2022-111Q,53787,STARLINK-4743,95.44,53.22,541,539,0.0001442,,0.65
2022-111S,53789,STARLINK-4666,95.44,53.22,541,539,0.000168,,0.27
2022-111T,53790,STARLINK-4734,95.44,53.22,541,539,0.0001373,,0.25
2022-111V,53792,STARLINK-4739,95.44,53.22,541,539,0.0001564,,0.27
2022-111W,53793,STARLINK-4728,95.44,53.22,541,539,0.0001424,,0.26
2022-111X,53794,STARLINK-4730,95.44,53.22,541,539,0.0001681,,0.26
2022-111Y,53795,STARLINK-4742,95.44,53.22,541,539,0.0001546,,0.93
2022-111Z,53796,STARLINK-4721,93.91,53.19,469,463,0.0004372,,0.58
2022-111AA,53797,STARLINK-4723,95.44,53.22,541,539,0.0001778,,0.28
2022-111AB,53798,STARLINK-4712,95.44,53.22,541,539,0.0001687,,0.68
2022-111AC,53799,STARLINK-4710,95.44,53.22,541,539,0.0001612,,0.7
2022-111AD,53800,STARLINK-4720,95.44,53.22,541,539,0.0001332,,0.31
2022-111AE,53801,STARLINK-4715,95.44,53.22,542,538,0.0002949,,0.33
2022-111AF,53802,STARLINK-4726,95.44,53.22,542,538,0.0002532,,0.32
2022-111AG,53803,STARLINK-4727,95.44,53.22,541,539,0.0001687,,0.57
2022-111AH,53804,STARLINK-4729,95.44,53.22,541,539,0.0001406,,0.99
2022-111AJ,53805,STARLINK-4763,95.44,53.22,541,539,0.0001556,,0.37
2022-111AK,53806,STARLINK-4768,95.44,53.22,541,539,0.0001523,,0.59
2022-111AL,53807,BLUEWALKER-3,94,53.23,476,464,0.0008795,,0.57
2022-112A,53813,ZHONGXING-1E,1436.11,0.03,35806,35768,0.0004535,*G,0.61
2022-113A,53815,STRIX-1,94.83,97.53,514,507,0.0005246,,0.27
2022-114A,53818,STARLINK-4749,92.09,53.2,384,370,0.0010806,,0.5
2022-114B,53819,STARLINK-4738,95.44,53.22,540,539,0.0000827,,0.62
2022-114C,53820,STARLINK-4758,95.44,53.22,541,539,0.0001288,,0.59
2022-114D,53821,STARLINK-4752,95.44,53.22,541,539,0.0001425,,0.37
2022-114F,53823,STARLINK-4748,95.44,53.22,541,539,0.0001314,,1.28
2022-114G,53824,STARLINK-4757,95.44,53.22,541,539,0.0001553,,0.6
2022-114H,53825,STARLINK-4751,95.44,53.22,541,539,0.0001707,,0.59
2022-114J,53826,STARLINK-4756,95.44,53.22,541,539,0.0001543,,0.88
2022-114K,53827,STARLINK-4764,95.44,53.22,541,539,0.0001227,,0.6
2022-114L,53828,STARLINK-4760,95.44,53.22,541,539,0.0001496,,0.88
2022-114M,53829,STARLINK-4759,95.44,53.22,541,539,0.000163,,0.61
2022-114N,53830,STARLINK-4761,95.44,53.22,541,539,0.0001363,,0.56
2022-114P,53831,STARLINK-4649,95.44,53.22,541,539,0.000161,,0.87
2022-114Q,53832,STARLINK-4747,95.44,53.22,541,539,0.0001617,,0.56
2022-114R,53833,STARLINK-4771,95.44,53.22,541,539,0.0001568,,1.28
2022-114S,53834,STARLINK-4737,95.44,53.22,541,539,0.0001514,,0.57
2022-114T,53835,STARLINK-4783,95.44,53.22,541,539,0.0001183,,0.56
2022-114U,53836,STARLINK-4778,95.44,53.22,541,539,0.0001416,,0.59
2022-114V,53837,STARLINK-4776,95.44,53.22,541,539,0.0001538,,0.57
2022-114W,53838,STARLINK-4773,95.44,53.22,541,539,0.000131,,0.59
2022-114X,53839,STARLINK-4784,95.44,53.22,541,539,0.0001388,,0.59
2022-114Y,53840,STARLINK-4766,95.44,53.22,541,539,0.0001523,,0.6
2022-114Z,53841,STARLINK-4750,95.44,53.22,541,539,0.0001378,,1.19
2022-114AA,53842,STARLINK-4754,95.44,53.22,541,539,0.0001396,,1.34
2022-114AB,53843,STARLINK-4769,95.44,53.22,541,539,0.0001359,,1.33
2022-114AC,53844,STARLINK-4745,95.44,53.22,541,539,0.0001266,,0.22
2022-114AD,53845,STARLINK-4753,95.44,53.22,541,539,0.000119,,0.87
2022-114AE,53846,STARLINK-4746,95.44,53.22,541,539,0.0001511,,0.63
2022-114AF,53847,STARLINK-4777,95.44,53.22,541,539,0.0001619,,0.62
2022-114AG,53848,STARLINK-4780,95.44,53.22,541,539,0.0001301,,0.9
2022-114AH,53849,STARLINK-4770,95.44,53.22,541,539,0.0001573,,0.62
2022-114AJ,53850,STARLINK-4767,95.44,53.22,541,538,0.0001667,,0.91
2022-114AK,53851,STARLINK-4755,95.44,53.22,541,539,0.0001693,,0.89
2022-114AL,53852,STARLINK-4797,95.44,53.22,541,539,0.0001358,,0.62
2022-114AM,53853,STARLINK-4794,95.44,53.22,541,539,0.0001538,,0.64
2022-114AN,53854,STARLINK-4800,95.44,53.22,541,539,0.0001603,,0.65
2022-114AP,53855,STARLINK-4703,95.44,53.22,541,539,0.0001572,,0.63
2022-114AQ,53856,STARLINK-4795,95.44,53.22,541,538,0.0001673,,0.27
2022-114AR,53857,STARLINK-4809,95.44,53.22,541,539,0.0001396,,0.58
2022-114AS,53858,STARLINK-4798,95.44,53.22,541,539,0.0001463,,0.26
2022-114AT,53859,STARLINK-4790,95.44,53.22,541,539,0.0001599,,0.64
2022-114AU,53860,STARLINK-4799,95.44,53.22,541,539,0.0001577,,0.27
2022-114AV,53861,STARLINK-4781,95.44,53.22,541,539,0.0001271,,0.26
2022-114AX,53863,STARLINK-4788,95.44,53.22,541,539,0.0001367,,0.61
2022-114AY,53864,STARLINK-4779,95.44,53.22,541,539,0.0001552,,0.25
2022-114BA,53866,STARLINK-4762,95.44,53.22,541,539,0.0001688,,0.33
2022-114BB,53867,STARLINK-4793,95.44,53.22,541,539,0.000173,,0.27
2022-114BC,53868,STARLINK-4789,95.44,53.22,541,539,0.0001476,,0.56
2022-114BD,53869,STARLINK-4810,95.44,53.22,541,538,0.0001939,,0.64
2022-114BE,53870,STARLINK-4732,95.44,53.22,541,539,0.0001569,,0.55
2022-114BF,53871,STARLINK-4740,95.44,53.22,541,539,0.0001424,,0.98
2022-102B,53876,CHUANGXIN 16B (CX-16B),95.17,28.99,529,524,0.0003965,,1.02
2022-115A,53877,YUNHAI-1 03,100.47,98.53,783,780,0.0002154,,0.21
2022-118A,53884,SHIYAN 14 (SY-14),92.27,97.46,391,380,0.0008125,,0.29
2022-119A,53886,STARLINK-5028,95.44,53.22,541,539,0.0001691,,0.54
2022-119B,53887,STARLINK-5029,95.44,53.22,541,539,0.0001769,,0.55
2022-119C,53888,STARLINK-5034,95.44,53.22,541,539,0.0001494,,0.54
2022-119D,53889,STARLINK-5031,95.44,53.22,541,539,0.0001495,,1.08
2022-119E,53890,STARLINK-5050,95.44,53.22,541,539,0.0001507,,0.26
2022-119F,53891,STARLINK-5041,95.44,53.22,541,539,0.0001482,,1.28
2022-119G,53892,STARLINK-5046,95.44,53.22,541,539,0.0001505,,1.1
2022-119H,53893,STARLINK-5052,95.44,53.22,541,539,0.0001354,,0.5
2022-119J,53894,STARLINK-5043,95.44,53.22,541,539,0.000169,,0.56
2022-119K,53895,STARLINK-5032,95.44,53.22,541,539,0.0001553,,0.5
2022-119L,53896,STARLINK-5037,95.44,53.22,541,539,0.0001449,,1.11
2022-119M,53897,STARLINK-5035,95.44,53.22,541,539,0.0001504,,0.56
2022-119N,53898,STARLINK-5044,95.44,53.22,541,539,0.0001398,,0.52
2022-119P,53899,STARLINK-5042,95.44,53.22,541,539,0.0001501,,1.11
2022-119Q,53900,STARLINK-5045,95.44,53.22,541,539,0.000141,,0.79
2022-119R,53901,STARLINK-5024,95.44,53.22,541,538,0.00019,,0.52
2022-119S,53902,STARLINK-5021,95.44,53.22,541,538,0.0001852,,0.26
2022-119T,53903,STARLINK-5022,95.44,53.22,541,539,0.0001581,,1.11
2022-119U,53904,STARLINK-4787,95.44,53.22,541,539,0.0001524,,0.8
2022-119V,53905,STARLINK-5003,95.44,53.22,541,539,0.000169,,0.54
2022-119W,53906,STARLINK-5054,95.44,53.22,541,539,0.0001507,,1.25
2022-119X,53907,STARLINK-5063,92.33,53.21,389,388,0.0001042,,0.5
2022-119Y,53908,STARLINK-5057,95.44,53.22,541,539,0.0001515,,0.55
2022-119Z,53909,STARLINK-4796,95.44,53.22,541,539,0.0001463,,0.54
2022-119AA,53910,STARLINK-5056,94.01,53.21,474,467,0.0004819,,1.27
2022-119AB,53911,STARLINK-5048,95.44,53.22,541,539,0.0001471,,1.28
2022-119AC,53912,STARLINK-5059,95.44,53.22,541,539,0.0001434,,0.86
2022-119AD,53913,STARLINK-5053,95.44,53.22,541,539,0.0001189,,0.57
2022-119AE,53914,STARLINK-5040,95.44,53.22,541,539,0.0001372,,0.57
2022-119AF,53915,STARLINK-5017,95.44,53.22,541,539,0.0001497,,1.28
2022-119AG,53916,STARLINK-5051,95.43,53.22,540,539,0.0001173,,0.6
2022-119AH,53917,STARLINK-5036,95.44,53.22,541,539,0.0001434,,0.56
2022-119AJ,53918,STARLINK-5012,95.44,53.22,541,539,0.0001351,,1.24
2022-119AK,53919,STARLINK-5023,95.44,53.22,542,537,0.0003295,,0.58
2022-119AL,53920,STARLINK-5025,95.44,53.22,541,539,0.000136,,0.56
2022-119AN,53922,STARLINK-5002,95.44,53.22,541,539,0.0001367,,0.52
2022-119AP,53923,STARLINK-5004,95.44,53.22,541,538,0.0001882,,0.58
2022-119AQ,53924,STARLINK-5001,95.44,53.22,541,539,0.000133,,0.57
2022-119AR,53925,STARLINK-5011,95.44,53.22,541,539,0.0001575,,1.13
2022-119AS,53926,STARLINK-5014,95.44,53.22,541,539,0.0001757,,0.59
2022-119AT,53927,STARLINK-5008,94.23,53.2,485,478,0.0004734,,0.59
2022-119AU,53928,STARLINK-5009,95.44,53.22,541,539,0.0001499,,0.58
2022-119AV,53929,STARLINK-5018,95.44,53.22,541,539,0.000143,,0.53
2022-119AW,53930,STARLINK-5010,95.44,53.22,541,539,0.000146,,0.86
2022-119AX,53931,STARLINK-5015,95.44,53.22,541,539,0.0001333,,0.6
2022-119AY,53932,STARLINK-4772,95.44,53.22,541,539,0.0001564,,0.89
2022-119AZ,53933,STARLINK-4782,95.44,53.22,541,539,0.0001509,,1.31
2022-119BA,53934,STARLINK-4775,95.44,53.22,541,539,0.000148,,0.56
2022-119BB,53935,STARLINK-5000,95.44,53.22,541,539,0.0001626,,0.91
2022-119BC,53936,STARLINK-4791,95.44,53.22,541,539,0.0001509,,1.32
2022-120A,53943,YAOGAN-36 01A,94.56,34.99,504,491,0.000953,,0.43
2022-120E,53947,YAOGAN-36 01C,94.56,34.99,498,496,0.0001734,,0.43
2022-121A,53948,SHIYAN 16A,91.33,97.36,343,336,0.0005637,,0.27
2022-123A,53960,SES-20,1436.14,0.02,35793,35782,0.0001299,*G,0.26
2022-123B,53961,SES-21,1436.13,0.02,35792,35783,0.0001042,*G,0.88
2022-125A,53964,STARLINK-4633,95.44,53.22,541,539,0.0001549,,0.6
2022-125B,53965,STARLINK-4578,95.44,53.22,541,538,0.0001884,,0.6
2022-125C,53966,STARLINK-4635,95.44,53.22,541,538,0.0002037,,0.61
2022-125D,53967,STARLINK-4634,95.44,53.22,541,539,0.0001391,,0.61
2022-125E,53968,STARLINK-4629,95.44,53.22,541,539,0.0001525,,0.55
2022-125F,53969,STARLINK-4468,95.44,53.22,541,539,0.0001625,,0.61
2022-125G,53970,STARLINK-4567,95.44,53.22,541,539,0.0001529,,0.54
2022-125H,53971,STARLINK-4639,95.44,53.22,541,539,0.000174,,0.62
2022-125K,53973,STARLINK-5156,95.44,53.22,541,539,0.0001533,,0.56
2022-125L,53974,STARLINK-5159,95.44,53.22,541,539,0.0001649,,0.59
2022-125M,53975,STARLINK-5137,95.44,53.22,541,539,0.0001077,,0.59
2022-125N,53976,STARLINK-5134,95.44,53.22,541,539,0.0001598,,0.61
2022-125P,53977,STARLINK-5094,95.44,53.22,541,539,0.0001714,,0.67
2022-125Q,53978,STARLINK-5148,95.44,53.22,541,539,0.0001517,,0.62
2022-125R,53979,STARLINK-5123,95.44,53.22,541,539,0.0001454,,0.55
2022-125S,53980,STARLINK-5133,95.44,53.22,541,539,0.0001482,,0.57
2022-125T,53981,STARLINK-5149,95.44,53.22,541,539,0.0001486,,0.57
2022-125U,53982,STARLINK-5120,95.44,53.22,541,539,0.0001476,,0.55
2022-125V,53983,STARLINK-5103,95.44,53.22,541,539,0.0001418,,0.57
2022-125W,53984,STARLINK-5142,95.44,53.22,541,539,0.0001352,,0.6
2022-125X,53985,STARLINK-5147,95.44,53.22,541,539,0.0001472,,0.59
2022-125Y,53986,STARLINK-5119,95.44,53.22,541,539,0.0001254,,0.65
2022-125Z,53987,STARLINK-5112,92.1,53.22,378,377,0.0000788,,0.33
2022-125AA,53988,STARLINK-5113,95.44,53.22,541,539,0.0001494,,0.6
2022-125AD,53991,STARLINK-5118,95.44,53.22,541,539,0.0001433,,0.62
2022-125AE,53992,STARLINK-5108,95.44,53.22,541,539,0.0001539,,0.55
2022-125AF,53993,STARLINK-5121,95.44,53.22,541,539,0.0001708,,0.57
2022-125AG,53994,STARLINK-5125,95.44,53.22,541,539,0.0001509,,0.56
2022-125AH,53995,STARLINK-5097,95.44,53.22,541,539,0.0001525,,0.55
2022-125AJ,53996,STARLINK-5131,95.44,53.22,541,539,0.0001308,,0.56
2022-125AK,53997,STARLINK-5130,95.44,53.22,541,539,0.000135,,0.33
2022-125AL,53998,STARLINK-5128,95.44,53.22,541,539,0.0001417,,0.57
2022-125AM,53999,STARLINK-5079,95.44,53.22,541,539,0.0001414,,0.62
2022-125AN,54000,STARLINK-5088,95.44,53.22,541,539,0.0001519,,0.6
2022-125AQ,54002,STARLINK-5109,95.44,53.22,541,539,0.0001386,,0.58
2022-125AR,54003,STARLINK-5114,95.44,53.22,541,539,0.000142,,0.57
2022-125AS,54004,STARLINK-5129,95.44,53.22,541,539,0.0001394,,0.58
2022-125AT,54005,STARLINK-5135,95.44,53.22,540,539,0.0000791,,0.57
2022-125AU,54006,STARLINK-5096,95.44,53.22,541,539,0.0001371,,0.59
2022-125AV,54007,STARLINK-5132,95.44,53.22,541,539,0.0001376,,0.58
2022-125AW,54008,STARLINK-5145,95.44,53.22,541,539,0.0001252,,0.58
2022-125AX,54009,STARLINK-5099,95.44,53.22,541,538,0.000189,,0.32
2022-125AY,54010,STARLINK-5127,95.44,53.22,541,539,0.0001389,,0.59
2022-125AZ,54011,STARLINK-5124,95.44,53.22,541,539,0.0001283,,0.6
2022-125BA,54012,STARLINK-5126,95.44,53.22,541,539,0.0001332,,0.56
2022-125BB,54013,STARLINK-5098,95.44,53.22,541,539,0.0001533,,0.49
2022-125BD,54015,STARLINK-5055,95.44,53.22,541,539,0.0001264,,0.56
2022-126A,54020,CENTISPACE-1 S5,98.54,55,698,680,0.0013051,,0.25
2022-126B,54021,CENTISPACE-1 S6,98.57,55,701,680,0.0014877,,0.31
2022-127A,54023,OTB-3-GAZELLE,99.83,98.36,759,742,0.0012134,,0.56
2022-128A,54026,GALAXY 33 (G-33),1436.07,0.01,35794,35779,0.0001762,*G,0.88
2022-128B,54027,GALAXY 34 (G-34),1436.07,0.01,35792,35780,0.0001489,*G,0.26
2022-129A,54029,ASO-S,99.19,98.27,730,710,0.0013495,,0.32
2022-130A,54031,COSMOS 2559 [GLONASS-K],675.73,64.55,19147,19112,0.0006876,,1.41
2022-131A,54033,ANGOSAT 2,1436.08,0.02,35788,35785,0.0000296,*G,1.17
2022-132A,54035,HJ-2E,94.36,97.38,496,479,0.0012786,,0.26
2022-133A,54042,YAOGAN-36 02A,94.56,35,529,465,0.0046325,,0.22
2022-133B,54043,YAOGAN-36 02B,94.54,34.99,503,489,0.0010447,,0.81
2022-133D,54045,YAOGAN-36 02C,94.61,34.99,512,487,0.0018346,,0.23
2022-134A,54048,EUTELSAT HOTBIRD 13F,1436.09,0.07,35796,35777,0.0002179,*G,0.53
2022-136A,54051,STARLINK-5195,95.44,53.22,541,539,0.0001357,,1.07
2022-136B,54052,STARLINK-5189,95.44,53.22,543,537,0.000448,,0.58
2022-136C,54053,STARLINK-5176,95.44,53.22,541,539,0.000149,,1.2
2022-136D,54054,STARLINK-5163,95.44,53.22,541,539,0.0001478,,1.14
2022-136E,54055,STARLINK-5158,95.44,53.22,541,539,0.0001293,,1.14
2022-136F,54056,STARLINK-5226,95.44,53.22,541,539,0.0001547,,0.47
2022-136H,54058,STARLINK-5167,95.44,53.22,541,539,0.0001682,,1.15
2022-136J,54059,STARLINK-5173,95.44,53.22,541,539,0.0001467,,1.15
2022-136K,54060,STARLINK-5169,95.44,53.22,541,539,0.000117,,0.53
2022-136L,54061,STARLINK-5209,95.49,53.22,543,541,0.0001465,,0.87
2022-136M,54062,STARLINK-5170,95.44,53.22,541,539,0.0001754,,1.16
2022-136N,54063,STARLINK-5225,95.44,53.22,541,539,0.0001481,,1.23
2022-136P,54064,STARLINK-5172,95.44,53.22,541,539,0.0001424,,0.88
2022-136Q,54065,STARLINK-5187,95.44,53.22,541,539,0.0001487,,1.17
2022-136R,54066,STARLINK-5151,95.44,53.22,541,539,0.0001317,,1.1
2022-136S,54067,STARLINK-5174,95.44,53.22,541,539,0.0001679,,0.45
2022-136T,54068,STARLINK-5222,95.44,53.22,541,539,0.0001682,,0.51
2022-136V,54070,STARLINK-5181,95.44,53.22,541,539,0.0001393,,1.18
2022-136W,54071,STARLINK-5168,95.44,53.22,541,539,0.0001501,,1.19
2022-136Y,54073,STARLINK-5146,95.44,53.22,541,539,0.0001623,,1.19
2022-136Z,54074,STARLINK-5192,95.44,53.22,541,539,0.0001441,,1.06
2022-136AA,54075,STARLINK-5212,95.44,53.22,541,539,0.0001456,,1.06
2022-136AB,54076,STARLINK-5201,95.44,53.22,541,539,0.0001453,,1.2
2022-136AC,54077,STARLINK-5171,95.44,53.22,541,539,0.0001549,,0.58
2022-136AD,54078,STARLINK-5138,95.44,53.22,541,539,0.0001418,,0.5
2022-136AE,54079,STARLINK-5175,95.44,53.22,541,539,0.0001398,,0.54
2022-136AF,54080,STARLINK-5160,95.44,53.22,541,539,0.0001354,,1.21
2022-136AG,54081,STARLINK-5165,95.44,53.22,541,539,0.0001619,,1.23
2022-136AH,54082,STARLINK-5210,95.44,53.22,541,539,0.0001533,,1.2
2022-136AJ,54083,STARLINK-5178,95.44,53.22,541,539,0.0001464,,1.22
2022-136AK,54084,STARLINK-5183,95.44,53.22,541,539,0.0001395,,1.21
2022-136AL,54085,STARLINK-5166,95.44,53.22,541,539,0.0001488,,1.22
2022-136AM,54086,STARLINK-5211,95.44,53.22,541,538,0.0001802,,0.55
2022-136AN,54087,STARLINK-5184,95.44,53.22,541,539,0.0001581,,0.79
2022-136AP,54088,STARLINK-5153,95.44,53.22,541,539,0.0001539,,0.48
2022-136AQ,54089,STARLINK-5143,95.44,53.22,541,539,0.0001706,,1.1
2022-136AR,54090,STARLINK-5177,95.44,53.22,541,539,0.0001368,,1.23
2022-136AS,54091,STARLINK-5221,95.44,53.22,541,539,0.0001795,,1.13
2022-136AT,54092,STARLINK-5190,93.75,53.19,462,454,0.0006412,,0.62
2022-136AU,54093,STARLINK-5213,95.44,53.22,541,539,0.0001645,,1.11
2022-136AV,54094,STARLINK-5219,95.44,53.22,541,539,0.0001436,,0.77
2022-136AW,54095,STARLINK-5193,95.44,53.22,541,538,0.0001813,,0.52
2022-136AX,54096,STARLINK-5188,95.44,53.22,541,539,0.0001521,,0.51
2022-136AY,54097,STARLINK-5197,95.44,53.22,541,539,0.0001387,,0.57
2022-136AZ,54098,STARLINK-5217,95.44,53.22,541,539,0.0001606,,1.12
2022-136BA,54099,STARLINK-5198,95.44,53.22,541,539,0.0001592,,0.47
2022-136BB,54100,STARLINK-5185,95.44,53.22,541,539,0.0001545,,0.78
2022-136BC,54101,STARLINK-5204,95.44,53.22,541,539,0.0001499,,0.52
2022-136BD,54102,STARLINK-5179,95.44,53.22,541,539,0.0001517,,1.09
2022-136BE,54103,STARLINK-5200,95.44,53.22,541,539,0.0001383,,0.85
2022-136BF,54104,STARLINK-5203,95.44,53.22,541,539,0.0001479,,0.61
2022-137A,54109,COSMOS 2561,93.67,96.99,464,444,0.0014517,,0.52
2022-138A,54113,ONEWEB-0490,109.11,87.91,1187,1184,0.0001748,,0.9
2022-138B,54114,ONEWEB-0492,109.11,87.91,1187,1184,0.0001936,,0.87
2022-138C,54115,ONEWEB-0495,109.11,87.91,1187,1185,0.0001631,,0.9
2022-138D,54116,ONEWEB-0497,109.11,87.91,1187,1184,0.000177,,0.88
2022-138E,54117,ONEWEB-0499,109.11,87.91,1187,1185,0.0001335,,0.9
2022-138F,54118,ONEWEB-0500,109.11,87.91,1187,1184,0.0001898,,0.9
2022-138G,54119,ONEWEB-0501,109.11,87.91,1187,1185,0.000153,,0.87
2022-138H,54120,ONEWEB-0502,109.11,87.91,1187,1185,0.0001493,,0.88
2022-138J,54121,ONEWEB-0503,109.11,87.91,1187,1185,0.0001584,,0.89
2022-138K,54122,ONEWEB-0504,109.11,87.91,1187,1185,0.0001416,,0.91
2022-138L,54123,ONEWEB-0505,109.11,87.91,1187,1185,0.0001385,,0.91
2022-138M,54124,ONEWEB-0506,109.11,87.91,1187,1184,0.0001692,,0.93
2022-138N,54125,ONEWEB-0507,109.11,87.92,1187,1184,0.0001725,,0.91
2022-138P,54126,ONEWEB-0508,109.11,87.91,1187,1184,0.0001791,,0.92
2022-138Q,54127,ONEWEB-0509,109.11,87.91,1187,1184,0.0001694,,0.94
2022-138R,54128,ONEWEB-0510,109.03,87.93,1183,1180,0.0002098,,0.57
2022-138S,54129,ONEWEB-0511,109.11,87.91,1187,1185,0.00015,,0.87
2022-138T,54130,ONEWEB-0512,109.11,87.91,1187,1185,0.0001458,,0.5
2022-138U,54131,ONEWEB-0513,109.11,87.91,1187,1185,0.0001225,,0.91
2022-138V,54132,ONEWEB-0514,109.11,87.91,1187,1184,0.0001781,,0.94
2022-138W,54133,ONEWEB-0515,109.03,87.93,1184,1180,0.0002762,,0.59
2022-138X,54134,ONEWEB-0516,109.11,87.92,1187,1184,0.0001827,,0.89
2022-138Y,54135,ONEWEB-0517,109.11,87.91,1187,1185,0.0001513,,0.91
2022-138Z,54136,ONEWEB-0518,109.11,87.92,1187,1184,0.0001707,,0.89
2022-138AA,54137,ONEWEB-0519,109.11,87.91,1187,1185,0.0001592,,0.94
2022-138AB,54138,ONEWEB-0520,109.11,87.91,1187,1185,0.0001643,,0.9
2022-138AC,54139,ONEWEB-0521,109.11,87.91,1187,1184,0.0001807,,0.87
2022-138AD,54140,ONEWEB-0522,109.11,87.91,1187,1184,0.000182,,0.89
2022-138AE,54141,ONEWEB-0523,109.03,87.93,1184,1180,0.0002553,,0.52
2022-138AF,54142,ONEWEB-0524,109.03,87.93,1184,1180,0.0002772,,0.61
2022-138AG,54143,ONEWEB-0525,109.11,87.91,1187,1185,0.0001581,,0.87
2022-138AH,54144,ONEWEB-0526,109.11,87.91,1187,1184,0.0001787,,0.91
2022-138AJ,54145,ONEWEB-0529,109.11,87.92,1187,1184,0.0001676,,0.91
2022-138AK,54146,ONEWEB-0531,109.03,87.93,1184,1180,0.000273,,0.62
2022-138AL,54147,ONEWEB-0535,109.11,87.91,1187,1184,0.0002007,,0.5
2022-138AM,54148,ONEWEB-0536,109.03,87.93,1184,1180,0.0002789,,0.56
2022-139A,54150,GONETS-M 23,115.86,82.51,1510,1478,0.0020263,,0.32
2022-139B,54151,GONETS-M 24,115.86,82.5,1507,1482,0.0015427,,0.26
2022-139C,54152,GONETS-M 25,115.86,82.51,1510,1479,0.0019181,,0.28
2022-139D,54153,SKIF-D,287.75,89.98,8071,8049,0.0007706,,0.88
2022-141A,54157,STARLINK-5290,95.44,53.22,541,539,0.0001523,,0.65
2022-141B,54158,STARLINK-5297,95.44,53.22,541,539,0.0001363,,1.1
2022-141C,54159,STARLINK-5294,95.44,53.22,541,539,0.0001521,,0.97
2022-141D,54160,STARLINK-5233,95.44,53.22,541,539,0.0002015,,0.79
2022-141E,54161,STARLINK-5269,95.44,53.22,541,539,0.0001656,,0.97
2022-141F,54162,STARLINK-5273,95.44,53.22,541,539,0.000149,,0.98
2022-141G,54163,STARLINK-5161,95.44,53.22,541,539,0.0001656,,1.1
2022-141H,54164,STARLINK-5278,95.44,53.22,541,539,0.0001449,,1.09
2022-141J,54165,STARLINK-5279,95.44,53.22,541,539,0.0001519,,0.98
2022-141K,54166,STARLINK-5280,95.44,53.22,541,539,0.0001405,,1.1
2022-141L,54167,STARLINK-5243,95.44,53.22,541,539,0.0001563,,1
2022-141M,54168,STARLINK-5245,95.44,53.22,541,539,0.0001424,,1.1
2022-141N,54169,STARLINK-5282,95.44,53.22,541,538,0.0001872,,1.09
2022-141P,54170,STARLINK-5155,95.44,53.22,541,539,0.0001479,,0.58
2022-141Q,54171,STARLINK-5229,95.44,53.22,541,539,0.0001753,,1.12
2022-141R,54172,STARLINK-5117,95.44,53.22,541,539,0.0001547,,0.45
2022-141S,54173,STARLINK-5242,95.44,53.22,541,539,0.0001699,,1.15
2022-141T,54174,STARLINK-5248,95.44,53.22,541,539,0.0001486,,1.28
2022-141U,54175,STARLINK-5256,95.44,53.22,541,539,0.0001369,,0.98
2022-141V,54176,STARLINK-5154,95.44,53.22,541,539,0.0001379,,0.46
2022-141W,54177,STARLINK-5186,95.44,53.22,541,539,0.0001557,,1.12
2022-141X,54178,STARLINK-5164,95.44,53.22,541,538,0.0001813,,1.14
2022-141Y,54179,STARLINK-5122,95.44,53.22,541,539,0.0001673,,0.99
2022-141Z,54180,STARLINK-5228,95.44,53.22,541,539,0.0001503,,1.14
2022-141AA,54181,STARLINK-5227,95.44,53.22,541,539,0.0001725,,1
2022-141AB,54182,STARLINK-5231,95.44,53.22,541,539,0.0001575,,1.22
2022-141AC,54183,STARLINK-5239,95.44,53.22,541,538,0.000192,,1.15
2022-141AD,54184,STARLINK-5162,95.44,53.22,541,539,0.000136,,1.14
2022-141AE,54185,STARLINK-5235,95.44,53.22,541,539,0.0001556,,1
2022-141AF,54186,STARLINK-5194,95.44,53.22,541,539,0.0001485,,1.16
2022-141AG,54187,STARLINK-5240,95.44,53.22,541,539,0.0001566,,1.2
2022-141AH,54188,STARLINK-5238,95.44,53.22,541,539,0.0001641,,1.17
2022-141AK,54190,STARLINK-5281,95.44,53.22,541,539,0.0001412,,1.17
2022-141AL,54191,STARLINK-4619,95.44,53.22,541,539,0.0001262,,1.16
2022-141AM,54192,STARLINK-5268,95.44,53.22,541,539,0.0001526,,1.21
2022-141AN,54193,STARLINK-5263,95.44,53.22,541,539,0.0001504,,1.18
2022-141AP,54194,STARLINK-5271,95.44,53.22,541,539,0.0001471,,1.18
2022-141AQ,54195,STARLINK-5258,95.44,53.22,541,539,0.0001602,,1.17
2022-141AR,54196,STARLINK-5237,95.44,53.22,541,538,0.0002061,,0.46
2022-141AT,54198,STARLINK-5246,95.44,53.22,541,539,0.0001552,,1.06
2022-141AU,54199,STARLINK-5244,95.44,53.22,541,539,0.0001335,,1.12
2022-141AV,54200,STARLINK-5250,95.44,53.22,541,539,0.0001584,,0.47
2022-141AW,54201,STARLINK-5199,95.44,53.22,541,538,0.0002115,,0.45
2022-141AX,54202,STARLINK-5205,95.44,53.22,541,539,0.0001662,,0.48
2022-141AY,54203,STARLINK-5247,95.44,53.22,541,539,0.0001522,,1.07
2022-141AZ,54204,STARLINK-5241,95.44,53.22,541,539,0.0001356,,1.22
2022-141BA,54205,STARLINK-5249,95.44,53.22,541,539,0.0001442,,1.15
2022-141BB,54206,STARLINK-5264,95.44,53.22,541,539,0.0001343,,0.54
2022-141BC,54207,STARLINK-5262,95.44,53.22,541,539,0.0001474,,1.15
2022-141BD,54208,STARLINK-5255,95.44,53.22,541,539,0.0001513,,0.52
2022-141BE,54209,STARLINK-5259,95.44,53.22,541,539,0.000163,,1.08
2022-142A,54214,SHIYAN 20C (SY-20C),100.76,59.99,802,787,0.0010215,,0.22
2022-143A,54216,CSS (MENGTIAN),92.41,41.46,395,390,0.0003466,CSS,0.65
2022-144A,54219,LDPE-2,1441.51,4.34,35897,35888,0.0001039,*G,0.3
2022-145A,54223,COSMOS 2563,717.94,63.76,39272,1090,0.7188062,,0.26
2022-146A,54225,EUTELSAT HOTBIRD 13G,1436.09,0.06,35794,35779,0.0001866,*G,0.43
2022-147A,54227,MATS,95.97,97.67,578,553,0.0017863,,0.57
2022-148A,54230,ZHONGXING-19,1436.09,0.04,35822,35751,0.0008461,*G,0.78
2022-150A,54234,NOAA 21 (JPSS-2),101.44,98.71,827,826,0.0000829,,0.27
2022-151A,54235,YUNHAI-3 01,101.88,98.82,849,846,0.00019,,0.25
2022-153A,54243,GALAXY 31 (G-31),1436.08,0,35792,35780,0.000139,*G,0.83
2022-153B,54244,GALAXY 32 (G-32),1436.1,0.01,35798,35776,0.0002617,*G,1.91
2022-154A,54249,YAOGAN-34 03,107.03,63.41,1142,1037,0.0070675,,0.25
2022-155A,54251,JILIN-1 GAOFEN 03D08,94.24,97.57,487,477,0.000778,,0.21
2022-155B,54252,JILIN-1 GAOFEN 03D51,94.28,97.57,490,478,0.0008778,,0.2
2022-155C,54253,JILIN-1 GAOFEN 03D53,94.41,97.57,497,484,0.0009617,,0.25
2022-155D,54254,JILIN-1 GAOFEN 03D54,94.07,97.57,480,468,0.0008793,,0.21
2022-155E,54255,JILIN-1 GAOFEN 03D52,94.3,97.57,491,478,0.0009914,,0.22
2022-157A,54259,EUTELSAT 10B,1436.15,0.05,35791,35784,0.0000767,*G,0.38
2022-158A,54361,EOS-6 (OCEANSAT-3),99.52,98.35,737,734,0.000179,,0.28
2022-158G,54367,ASTROCAST-0304,93.03,97.44,428,418,0.0007484,,0.26
2022-158J,54369,ASTROCAST-0302,93.03,97.44,427,419,0.0005946,,0.22
2022-158K,54370,ASTROCAST-0301,93.03,97.45,426,420,0.0004747,,0.24
2022-160A,54372,YAOGAN-36 03A,94.56,35,498,497,0.0001084,,0.26
2022-160C,54374,YAOGAN-36 03B,94.55,35,499,494,0.0003623,,0.26
2022-160E,54376,YAOGAN-36 03C,94.54,35.01,512,481,0.0022642,,1.3
2022-161A,54377,COSMOS 2564 [GLONASS-M],675.73,64.74,19150,19110,0.0007899,,0.75
2022-163A,54381,COSMOS 2565,103.1,67.15,909,901,0.0005456,,0.28
2022-163C,54383,COSMOS 2566,103.03,67.14,905,899,0.0003717,,0.56
2022-164A,54588,JIAOTONG VDES,99.62,98.28,748,732,0.0011025,,0.27
2022-165A,54640,GAOFEN-5 01A,98.79,98.19,702,700,0.0001245,,0.28
2022-166A,54642,ONEWEB-0527,108.94,87.93,1179,1176,0.0001865,,0.58
2022-166B,54643,ONEWEB-0528,108.94,87.93,1179,1176,0.0001768,,0.57
2022-166C,54644,ONEWEB-0539,108.94,87.93,1179,1177,0.0001606,,0.61
2022-166D,54645,ONEWEB-0540,109.07,87.93,1185,1183,0.0001612,,0.61
2022-166E,54646,ONEWEB-0542,108.94,87.93,1179,1177,0.0001623,,0.6
2022-166F,54647,ONEWEB-0545,108.94,87.93,1179,1177,0.0001318,,0.56
2022-166G,54648,ONEWEB-0580,108.94,87.93,1179,1176,0.0001706,,0.59
2022-166H,54649,ONEWEB-0582,108.94,87.93,1179,1176,0.0001686,,0.62
2022-166J,54650,ONEWEB-0583,108.94,87.93,1179,1176,0.0001674,,0.61
2022-166K,54651,ONEWEB-0584,108.94,87.93,1179,1176,0.0001821,,0.59
2022-166L,54652,ONEWEB-0585,108.94,87.93,1179,1176,0.0001858,,0.56
2022-166M,54653,ONEWEB-0586,108.94,87.93,1179,1176,0.0001648,,0.63
2022-166N,54654,ONEWEB-0587,108.94,87.93,1179,1176,0.0001961,,0.5
2022-166P,54655,ONEWEB-0589,108.94,87.93,1179,1176,0.0001677,,0.55
2022-166Q,54656,ONEWEB-0590,108.94,87.93,1179,1176,0.0001942,,0.61
2022-166R,54657,ONEWEB-0591,108.94,87.93,1179,1176,0.0001811,,0.59
2022-166S,54658,ONEWEB-0592,108.94,87.93,1179,1176,0.0001834,,0.59
2022-166T,54659,ONEWEB-0593,108.94,87.93,1179,1176,0.0001739,,0.57
2022-166U,54660,ONEWEB-0594,108.94,87.93,1179,1176,0.0001737,,0.62
2022-166V,54661,ONEWEB-0595,108.94,87.93,1179,1176,0.0001916,,0.57
2022-166W,54662,ONEWEB-0596,108.94,87.93,1179,1176,0.0001912,,0.6
2022-166X,54663,ONEWEB-0597,108.94,87.93,1179,1176,0.0001656,,0.62
2022-166Y,54664,ONEWEB-0600,108.94,87.93,1179,1177,0.0001653,,0.56
2022-166Z,54665,ONEWEB-0601,108.94,87.93,1179,1176,0.000176,,0.57
2022-166AA,54666,ONEWEB-0602,108.94,87.93,1179,1177,0.0001575,,0.6
2022-166AB,54667,ONEWEB-0603,108.94,87.93,1179,1177,0.0001638,,0.6
2022-166AC,54668,ONEWEB-0604,108.94,87.93,1179,1177,0.0001592,,0.61
2022-166AD,54669,ONEWEB-0605,108.94,87.93,1179,1176,0.000209,,0.61
2022-166AE,54670,ONEWEB-0606,108.94,87.93,1179,1176,0.0001909,,0.59
2022-166AF,54671,ONEWEB-0607,108.94,87.93,1179,1176,0.0001691,,0.63
2022-166AG,54672,ONEWEB-0608,108.94,87.93,1179,1176,0.0001778,,0.62
2022-166AH,54673,ONEWEB-0610,108.94,87.93,1179,1176,0.0001806,,0.64
2022-166AJ,54674,ONEWEB-0611,108.94,87.93,1179,1176,0.0001801,,0.57
2022-166AK,54675,ONEWEB-0612,108.94,87.93,1179,1176,0.0001744,,0.56
2022-166AL,54676,ONEWEB-0615,108.94,87.93,1179,1177,0.0001574,,0.57
2022-166AM,54677,ONEWEB-0655,108.94,87.93,1179,1177,0.0001417,,0.6
2022-166AN,54678,ONEWEB-0659,108.94,87.93,1179,1176,0.0001971,,0.58
2022-166AP,54679,ONEWEB-0685,108.94,87.93,1179,1177,0.0001562,,0.58
2022-166AQ,54680,ONEWEB-0712,109.37,87.91,1199,1197,0.0001183,,0.59
2022-166AR,54681,ONEWEB-0714,108.94,87.93,1179,1177,0.0001627,,0.58
2022-167C,54684,CAS-5A (FO-118),91.69,97.61,360,356,0.000312,,0.26
2022-167D,54685,DONGPO 09,94.61,97.64,502,498,0.000269,,0.21
2022-167E,54686,DONGPO 08,94.71,97.63,512,497,0.0010445,,0.26
2022-167F,54687,2022-167F,93.92,97.6,470,462,0.0005384,,0.27
2022-167H,54689,DONGPO 10,94.68,97.64,509,497,0.0008629,,0.23
2022-167J,54690,JILIN-1 GAOFEN 03D50,94.71,97.63,510,499,0.0008302,,0.27
2022-167K,54691,JIAOTONG 5 (HEAD-2H),94,97.61,476,465,0.0007878,,0.26
2022-167L,54692,JILIN-1 GAOFEN 03D47,94.72,97.64,513,498,0.0011084,,0.23
2022-167N,54694,JILIN-1 GAOFEN 03D49,94.59,97.63,505,493,0.0008944,,0.24
2022-167P,54695,JILIN-1 GAOFEN 03D48,94.68,97.63,510,496,0.0009777,,0.27
2022-169A,54699,SHIYAN 20A (SY-20A),100.76,60,806,783,0.0015538,,0.23
2022-169B,54700,SHIYAN 20B (SY-20B),100.75,60,809,780,0.0019842,,0.23
2022-170A,54741,GALAXY 35 (G-35),1436.1,0.01,35795,35779,0.0001877,*G,0.9
2022-170B,54742,GALAXY 36 (G-36),1436.1,0.02,35793,35780,0.0001554,*G,1.05
2022-170C,54743,METEOSAT-12 (MTG-I1),1436.13,0.59,35795,35780,0.0001767,*G,0.25
2022-171A,54746,YAOGAN-36 04A,94.54,34.99,501,492,0.0006832,,0.64
2022-171C,54748,YAOGAN-36 04B,94.55,35,511,482,0.0020845,,0.64
2022-171E,54750,YAOGAN-36 04C,94.54,34.99,502,492,0.0007265,,0.64
2022-167Q,54751,JILIN-1 PINGTAI 01A01,92.81,97.61,417,408,0.0006545,,0.25
2022-172A,54752,SHIYAN 21 (SY-21),94.24,35.95,493,470,0.0016602,,0.22
2022-173A,54754,SWOT,102.84,77.61,894,893,0.0000624,,0.55
2022-174A,54755,O3B MPOWER F1,287.93,0.04,8074,8058,0.0005761,,1.18
2022-174B,54756,O3B MPOWER F2,287.93,0.04,8075,8057,0.0005942,,1.14
2022-175A,54758,STARLINK-5464,95.44,53.22,541,539,0.0001617,,0.31
2022-175B,54759,STARLINK-5215,95.44,53.22,541,539,0.0001505,,1.04
2022-175C,54760,STARLINK-5220,95.44,53.22,541,539,0.0001284,,0.31
2022-175D,54761,STARLINK-5202,95.44,53.22,541,539,0.0001571,,0.31
2022-175E,54762,STARLINK-5214,95.44,53.22,541,539,0.0001316,,0.98
2022-175F,54763,STARLINK-5191,95.44,53.22,541,539,0.0001513,,0.58
2022-175G,54764,STARLINK-5458,95.44,53.22,541,539,0.0001597,,0.6
2022-175J,54766,STARLINK-5471,95.44,53.22,541,539,0.0001608,,0.59
2022-175K,54767,STARLINK-5472,95.44,53.22,541,539,0.0001593,,0.33
2022-175L,54768,STARLINK-5444,95.44,53.22,541,539,0.0001539,,1.02
2022-175N,54770,STARLINK-5448,95.44,53.22,541,539,0.00013,,0.64
2022-175P,54771,STARLINK-5451,95.44,53.22,541,538,0.0002007,,0.88
2022-175Q,54772,STARLINK-5452,95.44,53.22,541,539,0.0001296,,0.65
2022-175R,54773,STARLINK-5453,95.44,53.22,541,539,0.0001304,,1
2022-175S,54774,STARLINK-5454,95.44,53.22,541,539,0.000148,,1.02
2022-175T,54775,STARLINK-5465,95.44,53.22,541,539,0.0001469,,0.61
2022-175U,54776,STARLINK-5470,95.44,53.22,541,539,0.0001638,,1.03
2022-175V,54777,STARLINK-5468,95.44,53.22,541,539,0.0001578,,0.35
2022-175W,54778,STARLINK-5450,95.44,53.22,541,539,0.0001212,,0.32
2022-175X,54779,STARLINK-5447,95.44,53.22,541,539,0.0001442,,1.05
2022-175Y,54780,STARLINK-5449,95.44,53.22,541,539,0.0001503,,1.07
2022-175Z,54781,STARLINK-5443,95.44,53.22,541,539,0.0001476,,0.92
2022-175AB,54783,STARLINK-5439,95.44,53.22,541,539,0.0001444,,1.06
2022-175AC,54784,STARLINK-5442,95.44,53.22,541,539,0.0001345,,0.88
2022-175AD,54785,STARLINK-5440,95.44,53.22,541,539,0.0001486,,1.08
2022-175AF,54787,STARLINK-5441,95.44,53.22,541,539,0.0001586,,0.29
2022-175AG,54788,STARLINK-5399,95.44,53.22,541,539,0.0001519,,0.34
2022-175AH,54789,STARLINK-5446,95.44,53.22,541,539,0.0001523,,1.01
2022-175AJ,54790,STARLINK-5445,95.44,53.22,541,539,0.000146,,0.35
2022-175AK,54791,STARLINK-5425,95.44,53.22,541,539,0.0001639,,1.06
2022-175AL,54792,STARLINK-5431,95.44,53.22,541,539,0.0001554,,0.89
2022-175AM,54793,STARLINK-5433,95.44,53.22,541,539,0.0001589,,1
2022-175AN,54794,STARLINK-5392,93.1,53.2,432,420,0.0008504,,0.5
2022-175AP,54795,STARLINK-5436,95.44,53.22,541,539,0.000168,,1.07
2022-175AQ,54796,STARLINK-5415,95.44,53.22,541,539,0.000133,,0.35
2022-175AR,54797,STARLINK-5435,95.44,53.22,541,538,0.0001856,,0.61
2022-175AS,54798,STARLINK-5420,95.44,53.22,541,539,0.0001503,,1.08
2022-175AT,54799,STARLINK-5421,95.44,53.22,541,539,0.0001296,,1.07
2022-175AU,54800,STARLINK-5428,95.44,53.22,541,539,0.0001598,,1.01
2022-175AV,54801,STARLINK-5429,95.44,53.22,541,539,0.0001487,,1.03
2022-175AW,54802,STARLINK-5426,95.44,53.22,541,539,0.0001438,,1.17
2022-175AX,54803,STARLINK-5430,95.44,53.22,541,539,0.0001573,,1.02
2022-175AY,54804,STARLINK-5422,95.44,53.22,541,539,0.0001322,,1.04
2022-175AZ,54805,STARLINK-5417,95.44,53.22,541,539,0.0001412,,1.02
2022-175BA,54806,STARLINK-5412,95.44,53.22,541,539,0.00015,,0.63
2022-175BB,54807,STARLINK-5410,95.44,53.22,541,539,0.0001606,,0.96
2022-175BC,54808,STARLINK-5413,95.44,53.22,541,539,0.0001305,,1.12
2022-175BD,54809,STARLINK-5414,95.44,53.22,541,539,0.0001569,,0.97
2022-175BE,54810,STARLINK-5408,95.44,53.22,541,539,0.0001526,,0.35
2022-175BF,54811,STARLINK-5424,95.44,53.22,541,539,0.0001365,,1.05
2022-176A,54818,GAOFEN-11 04,94.5,97.35,502,487,0.0011167,,0.29
2022-177A,54820,STARLINK-5382,95.84,43,560,558,0.0001298,,0.56
2022-177B,54821,STARLINK-5385,95.84,43,560,558,0.0001072,,0.57
2022-177C,54822,STARLINK-5101,95.84,43,560,558,0.0001315,,0.58
2022-177D,54823,STARLINK-5106,95.84,43,560,558,0.00011,,0.9
2022-177E,54824,STARLINK-4643,95.84,43,560,558,0.0001088,,0.57
2022-177F,54825,STARLINK-4801,95.84,43,560,558,0.0001692,,0.57
2022-177G,54826,STARLINK-5107,95.84,43,560,558,0.0001387,,0.58
2022-177H,54827,STARLINK-5383,95.84,43,560,558,0.0001171,,0.58
2022-177J,54828,STARLINK-5381,95.84,43,560,558,0.0001415,,0.59
2022-177L,54830,STARLINK-5394,95.84,43,560,558,0.0001069,,0.53
2022-177M,54831,STARLINK-5395,95.84,43,560,558,0.0001014,,0.58
2022-177N,54832,STARLINK-5393,95.84,43,560,558,0.0001301,,0.62
2022-177P,54833,STARLINK-5391,95.84,43,560,558,0.0001179,,0.59
2022-177Q,54834,STARLINK-5386,95.84,43,560,558,0.0001374,,0.59
2022-177R,54835,STARLINK-5389,95.84,43,560,558,0.0000957,,0.59
2022-177S,54836,STARLINK-5384,95.84,43,560,558,0.0001435,,0.6
2022-177T,54837,STARLINK-5369,95.84,43,560,559,0.0000737,,0.73
2022-177U,54838,STARLINK-5372,95.84,43,560,558,0.000105,,0.6
2022-177W,54840,STARLINK-5368,95.84,43,560,558,0.0001066,,0.55
2022-177X,54841,STARLINK-4659,95.84,43,560,558,0.0001717,,0.93
2022-177Y,54842,STARLINK-5387,95.84,43,560,558,0.0001303,,0.62
2022-177Z,54843,STARLINK-5304,95.84,43,560,558,0.0001059,,0.61
2022-177AA,54844,STARLINK-5388,95.84,43,560,558,0.000138,,0.62
2022-177AB,54845,STARLINK-5082,95.84,43,560,558,0.0001575,,0.55
2022-177AC,54846,STARLINK-5360,95.84,43,560,558,0.0001458,,0.62
2022-177AD,54847,STARLINK-5061,95.84,43,560,558,0.0001371,,0.66
2022-177AE,54848,STARLINK-5432,95.84,43,560,558,0.0001308,,0.62
2022-177AF,54849,STARLINK-5434,95.84,43,560,558,0.0001141,,0.49
2022-177AG,54850,STARLINK-5087,95.84,43,560,558,0.0000958,,0.56
2022-177AH,54851,STARLINK-5084,95.84,43,560,558,0.0001222,,0.62
2022-177AJ,54852,STARLINK-5418,95.84,43,560,558,0.0001206,,0.57
2022-177AK,54853,STARLINK-5427,95.84,43,560,558,0.0001295,,0.56
2022-177AL,54854,STARLINK-5419,95.84,43,560,558,0.0001158,,0.57
2022-177AM,54855,STARLINK-5416,95.84,43,560,558,0.0001184,,0.64
2022-177AN,54856,STARLINK-5086,95.84,43,560,558,0.0001406,,0.52
2022-177AP,54857,STARLINK-5078,95.84,43,560,558,0.0001507,,0.65
2022-177AQ,54858,STARLINK-5407,95.84,43,560,558,0.0001238,,0.64
2022-177AR,54859,STARLINK-5409,95.84,43,560,558,0.000135,,0.65
2022-177AS,54860,STARLINK-5406,95.84,43,560,558,0.000127,,0.59
2022-177AT,54861,STARLINK-5400,95.84,43,560,558,0.0001073,,0.58
2022-177AU,54862,STARLINK-5403,95.84,43,560,558,0.0001359,,0.55
2022-177AV,54863,STARLINK-5405,95.84,43,560,558,0.0001138,,0.58
2022-177AW,54864,STARLINK-5359,95.84,43,560,558,0.0001482,,0.6
2022-177AX,54865,STARLINK-5411,95.84,43,560,558,0.0001544,,0.58
2022-177AY,54866,STARLINK-5398,95.84,43,560,558,0.0001342,,0.67
2022-177AZ,54867,STARLINK-5396,95.84,43,560,558,0.0001314,,0.53
2022-177BA,54868,STARLINK-5379,95.84,43,560,558,0.0001159,,0.61
2022-177BB,54869,STARLINK-5402,95.84,43,560,558,0.0001393,,0.6
2022-177BC,54870,STARLINK-5401,95.84,43,560,558,0.0001306,,0.61
2022-177BD,54871,STARLINK-5397,95.84,43,560,558,0.0001481,,0.53
2022-177BE,54872,STARLINK-5390,95.84,43,560,558,0.000136,,0.62
2022-177BF,54873,STARLINK-5091,95.84,43,560,558,0.000113,,0.61
2022-178A,54878,SHIYAN 10-02 (SY-10 02),717.68,63.91,38761,1589,0.6999596,,0.28
2022-179A,54880,EROS C3,95.16,139.34,530,523,0.0004987,,0.29
2023-001A,55009,STAR VIBE,94.29,97.39,490,478,0.0008674,,0.27
2023-001B,55010,MENUT,94.33,97.4,492,480,0.0008995,,0.31
2023-001C,55011,BRO-8,94.45,97.4,499,485,0.0010223,,0.28
2023-001D,55012,CONNECTA T1.2,94.13,97.4,484,469,0.0010328,,0.78
2023-001G,55015,BIRKELAND,94.2,97.4,486,473,0.000956,,0.25
2023-001K,55018,KSF3-C,90.47,97.37,299,296,0.0002567,*D,0.33
2023-001L,55019,KSF3-B,93.46,97.4,449,438,0.0008216,,0.28
2023-001M,55020,FLOCK 4Y-24,93.21,97.39,437,427,0.0006953,,0.77
2023-001N,55021,FLOCK 4Y-32,93.1,97.39,431,422,0.000696,,0.75
2023-001P,55022,FLOCK 4Y-22,93.23,97.39,438,428,0.0007456,,0.33
2023-001Q,55023,FLOCK 4Y-18,93.23,97.4,437,428,0.0006968,,0.76
2023-001R,55024,FLOCK 4Y-14,93.21,97.39,436,427,0.000727,,0.79
2023-001S,55025,FLOCK 4Y-30,93.14,97.4,433,423,0.0007107,,0.77
2023-001U,55027,FLOCK 4Y-25,93.22,97.39,437,427,0.0007406,,0.76
2023-001V,55028,FLOCK 4Y-5,93.21,97.39,437,427,0.0007503,,0.75
2023-001W,55029,FLOCK 4Y-10,93.22,97.39,437,427,0.0007266,,0.76
2023-001X,55030,FLOCK 4Y-29,92.84,97.39,419,409,0.0007402,,0.74
2023-001Y,55031,FLOCK 4Y-17,93.21,97.39,437,427,0.0007151,,0.74
2023-001Z,55032,FLOCK 4Y-7,93.4,97.39,447,435,0.0008635,,0.72
2023-001AB,55034,LYNK TOWER 4,94.54,97.4,504,488,0.0011477,,0.77
2023-001AD,55036,UMBRA-05,94.49,97.4,498,490,0.0005565,,0.82
2023-001AH,55040,FLOCK 4Y-16,93.09,97.4,431,421,0.0007174,,0.77
2023-001AK,55042,FLOCK 4Y-33,93.24,97.39,438,428,0.0006982,,0.75
2023-001AL,55043,FLOCK 4Y-11,93.42,97.4,448,436,0.000853,,0.8
2023-001AN,55045,NUSAT-34 (AMELIA EARHART),94.18,97.38,485,472,0.0009827,,0.25
2023-001AP,55046,LYNK TOWER 3,94.5,97.4,502,486,0.0011592,,0.76
2023-001AQ,55047,NUSAT-33 (ALBANIA-2),94.2,97.36,486,473,0.0009671,,0.29
2023-001AR,55048,NUSAT-35 (WILLIAMINA),94.11,97.27,478,473,0.0003165,,0.3
2023-001AS,55049,ICEYE-X21,93.93,97.4,481,452,0.0020495,,0.28
2023-001AU,55051,ION SCV-008,94.75,97.59,519,494,0.0018206,,0.73
2023-001AV,55052,SKYKRAFT-1D,92.67,97.39,410,401,0.0006285,,0.8
2023-001AW,55053,EOSSAT-1,94.46,97.4,501,484,0.0012606,,0.81
2023-001AX,55054,SKYKRAFT-1A,94.58,97.4,507,490,0.0012376,,0.76
2023-001AZ,55056,VIGORIDE-5,94.16,97.39,485,471,0.0010694,,0.58
2023-001BA,55057,FLOCK 4Y-35,93.07,97.39,431,419,0.0008376,,0.76
2023-001BB,55058,SKYKRAFT-1B,93.47,97.39,450,438,0.0008942,,0.33
2023-001BD,55060,ION SCV-007,97.51,97.97,648,631,0.0012455,,0.51
2023-001BE,55061,SKYKRAFT-1C,94.72,97.4,514,496,0.0012599,,0.77
2023-001BF,55062,ICEYE-X27,93.68,97.4,458,452,0.000446,,0.34
2023-001BG,55063,FLOCK 4Y-20,93.24,97.4,439,427,0.0008965,,0.77
2023-001BH,55064,NUSAT-32 (ALBANIA-1),93.34,97.26,444,432,0.0009075,,0.27
2023-001BJ,55065,FLOCK 4Y-12,93.23,97.39,439,427,0.0008654,,0.83
2023-001BK,55066,FLOCK 4Y-6,93.11,97.4,433,421,0.0009284,,0.34
2023-001BM,55068,FLOCK 4Y-15,93.2,97.39,438,425,0.000951,,0.76
2023-001BN,55069,FLOCK 4Y-9,93.23,97.39,439,426,0.0009187,,0.34
2023-001BP,55070,FLOCK 4Y-26,93.16,97.4,435,423,0.0008836,,0.34
2023-001BQ,55071,FLOCK 4Y-8,92.83,97.39,418,408,0.0007175,,0.74
2023-001BR,55072,SPHERE-1 EYE,91.66,97.39,359,354,0.0003829,,0.37
2023-001BS,55073,TAUSAT-2,91.97,97.39,374,368,0.0004889,,0.58
2023-001BT,55074,FLOCK 4Y-2,93.22,97.39,439,426,0.0010008,,0.73
2023-001BV,55076,YAM-5,94.38,97.4,497,480,0.0012748,,0.87
2023-001BW,55077,FLOCK 4Y-21,93.21,97.39,438,426,0.0009267,,0.34
2023-001BX,55078,FLOCK 4Y-36,93.06,97.39,430,418,0.0008649,,0.75
2023-001BY,55079,FLOCK 4Y-13,93.17,97.39,436,423,0.0009457,,0.75
2023-001BZ,55080,FLOCK 4Y-23,93.1,97.39,433,419,0.0010352,,0.36
2023-001CB,55082,FLOCK 4Y-34,93.17,97.39,437,423,0.0010211,,0.75
2023-001CC,55083,FLOCK 4Y-27,92.99,97.4,427,415,0.0009206,,0.82
2023-001CD,55084,GAMA-ALPHA,93.56,97.39,456,441,0.0010731,,0.79
2023-001CE,55085,KSF3-D,93.42,97.39,449,435,0.0010205,,0.29
2023-001CF,55086,KSF3-A,93.46,97.4,452,436,0.0011313,,0.28
2023-001CN,55093,HUYGENS,94.2,97.4,489,470,0.0013563,,0.25
2023-001CT,55098,BDSAT-2,90.94,97.38,322,320,0.0001669,,0.5
2023-001CY,55103,KUWAITSAT-1,94.14,97.4,486,467,0.001381,,0.8
2023-001CZ,55104,SHARJAHSAT-1,94.14,97.39,484,470,0.0009697,,0.26
2023-001DC,55107,AAC-AIS-SAT1,96.97,97.98,622,606,0.0011137,,0.3
2023-001DE,55109,ASTROCAST-0402,94.87,97.59,516,509,0.0005123,,0.23
2023-001DF,55110,ASTROCAST-0401,94.88,97.59,520,506,0.0010457,,0.74
2023-001DG,55111,ASTROCAST-0403,94.87,97.59,516,508,0.0005686,,0.32
2023-001DH,55112,ASTROCAST-0404,94.87,97.59,518,507,0.00079,,0.77
2023-002A,55131,SHIJIAN-23 (SJ-23),1433.79,2.4,35750,35732,0.0002123,*G,0.74
2023-003C,55135,2023-003C,93.84,97.21,465,460,0.000407,,0.27
2023-003E,55137,2023-003E,93.84,97.21,466,459,0.0005116,,0.24
2023-004A,55140,ONEWEB-0532,109.29,87.91,1195,1192,0.0002006,,0.74
2023-004B,55141,ONEWEB-0533,109.72,87.89,1215,1212,0.0001691,,0.74
2023-004C,55142,ONEWEB-0541,109.8,87.89,1219,1216,0.0001711,,0.66
2023-004D,55143,ONEWEB-0543,109.2,87.91,1191,1189,0.0001627,,0.82
2023-004E,55144,ONEWEB-0544,109.2,87.91,1191,1188,0.000198,,0.82
2023-004F,55145,ONEWEB-0560,109.2,87.91,1191,1188,0.0002039,,0.83
2023-004G,55146,ONEWEB-0565,109.2,87.91,1192,1188,0.000246,,0.84
2023-004H,55147,ONEWEB-0567,109.2,87.91,1191,1188,0.000228,,0.84
2023-004J,55148,ONEWEB-0569,109.63,87.89,1212,1208,0.0002602,,0.87
2023-004K,55149,ONEWEB-0570,109.2,87.91,1192,1188,0.0002376,,0.85
2023-004L,55150,ONEWEB-0571,109.2,87.91,1192,1187,0.0003026,,0.79
2023-004M,55151,ONEWEB-0572,109.29,87.91,1195,1192,0.0002031,,0.71
2023-004N,55152,ONEWEB-0573,109.2,87.91,1192,1188,0.0002808,,0.79
2023-004P,55153,ONEWEB-0588,109.2,87.91,1191,1188,0.0002264,,0.8
2023-004Q,55154,ONEWEB-0598,109.81,87.89,1219,1216,0.0002352,,0.68
2023-004R,55155,ONEWEB-0599,109.29,87.91,1195,1192,0.0001874,,0.3
2023-004S,55156,ONEWEB-0614,109.8,87.89,1219,1216,0.0001585,,0.68
2023-004T,55157,ONEWEB-0616,109.29,87.91,1195,1192,0.000163,,0.33
2023-004U,55158,ONEWEB-0617,109.8,87.89,1219,1216,0.0001892,,0.7
2023-004V,55159,ONEWEB-0618,100.87,86.91,808,792,0.0011159,,0.57
2023-004W,55160,ONEWEB-0619,109.29,87.91,1195,1193,0.0001284,,0.75
2023-004X,55161,ONEWEB-0620,109.8,87.89,1219,1216,0.0002119,,0.7
2023-004Y,55162,ONEWEB-0621,109.81,87.89,1219,1217,0.0001473,,0.67
2023-004Z,55163,ONEWEB-0622,109.81,87.89,1219,1216,0.0001974,,0.67
2023-004AA,55164,ONEWEB-0623,109.29,87.91,1195,1192,0.0001782,,0.3
2023-004AB,55165,ONEWEB-0624,109.72,87.89,1215,1212,0.0001769,,0.78
2023-004AC,55166,ONEWEB-0625,109.29,87.91,1195,1192,0.0001695,,0.77
2023-004AD,55167,ONEWEB-0626,109.29,87.91,1196,1192,0.0002386,,0.7
2023-004AE,55168,ONEWEB-0627,109.29,87.91,1195,1192,0.0001917,,0.71
2023-004AF,55169,ONEWEB-0628,109.72,87.89,1215,1212,0.0001684,,0.8
2023-004AG,55170,ONEWEB-0629,109.29,87.91,1195,1193,0.0001369,,0.28
2023-004AH,55171,ONEWEB-0631,109.2,87.91,1192,1188,0.0002421,,0.8
2023-004AJ,55172,ONEWEB-0709,109.8,87.89,1220,1216,0.0002668,,0.71
2023-004AK,55173,ONEWEB-0710,109.29,87.91,1195,1192,0.0001765,,0.72
2023-004AL,55174,ONEWEB-0711,109.8,87.89,1219,1216,0.0001768,,0.74
2023-004AM,55175,ONEWEB-0713,109.8,87.89,1219,1216,0.0001639,,0.72
2023-004AN,55176,ONEWEB-0715,109.8,87.89,1219,1216,0.0002086,,0.73
2023-004AP,55177,ONEWEB-0716,109.29,87.91,1195,1193,0.0001585,,0.73
2023-004AQ,55178,ONEWEB-0717,109.29,87.91,1195,1192,0.0002146,,0.75
2023-004AR,55179,ONEWEB-0719,109.29,87.91,1195,1193,0.0001494,,0.74
2023-005A,55239,APSTAR-6E,1436.14,0.05,35797,35777,0.000238,*G,0.88
2023-006B,55243,SHIYAN 22B (SY-22B),93.04,43.19,436,411,0.0018784,,0.23
2023-006C,55244,YAOGAN-37,94.99,43.2,532,504,0.002,,0.23
2022-144G,55246,LINUSS1,1453.71,4.12,36172,36089,0.0009769,*G,1.04
2022-144H,55247,LINUSS2,1453.76,4.12,36167,36097,0.0008216,*G,1.4
2023-007F,55253,2023-007F,91.14,97.28,333,328,0.0003254,,0.24
2023-008A,55263,USA 342,1436.13,0.02,35788,35786,0.0000198,*G,2.24
2023-008B,55264,LDPE-3A,1433.79,0.9,35750,35733,0.0002118,*G,0.79
2023-009A,55268,NAVSTAR 82 (USA 343),718.03,55.09,20188,20179,0.0001821,,1.57
2023-010A,55269,STARLINK-5277,96.11,70,574,570,0.0002997,,1.12
2023-010B,55270,STARLINK-5301,92.51,70,400,396,0.0003334,,0.5
2023-010C,55271,STARLINK-5306,96.11,70,574,570,0.0002898,,1.11
2023-010D,55272,STARLINK-5310,96.11,70,574,570,0.0003239,,0.57
2023-010E,55273,STARLINK-5291,96.11,70,574,570,0.0002859,,0.56
2023-010F,55274,STARLINK-5236,96.11,70,574,570,0.0002736,,0.59
2023-010G,55275,STARLINK-5260,96.11,70,574,570,0.0002668,,0.6
2023-010H,55276,STARLINK-5261,96.11,70,574,570,0.000284,,0.6
2023-010J,55277,STARLINK-5299,96.11,70,574,570,0.0002853,,1.13
2023-010K,55278,STARLINK-5289,96.11,70,574,570,0.0002812,,1.14
2023-010L,55279,STARLINK-5323,96.11,70,574,570,0.0002929,,1.13
2023-010M,55280,STARLINK-5331,96.11,70,575,570,0.0003542,,1.15
2023-010N,55281,STARLINK-5298,96.11,70,574,570,0.0002943,,1.14
2023-010P,55282,STARLINK-5330,96.11,70,574,570,0.0002871,,0.56
2023-010Q,55283,STARLINK-5317,96.11,70,574,570,0.000273,,1.14
2023-010R,55284,STARLINK-5337,96.11,70,574,570,0.0002834,,0.56
2023-010S,55285,STARLINK-5332,96.11,70,574,570,0.0002893,,0.59
2023-010T,55286,STARLINK-5338,96.11,70,574,570,0.0002813,,0.61
2023-010U,55287,STARLINK-5341,96.11,70,574,570,0.0002988,,0.6
2023-010V,55288,STARLINK-5311,96.11,70,574,570,0.0002787,,0.56
2023-010W,55289,STARLINK-5320,96.11,70,573,571,0.0001895,,0.61
2023-010X,55290,STARLINK-5266,96.11,70,574,570,0.0002804,,0.61
2023-010Y,55291,STARLINK-5327,96.11,70,574,570,0.0002857,,0.6
2023-010Z,55292,STARLINK-5325,96.11,70,574,570,0.0002381,,0.56
2023-010AA,55293,STARLINK-5287,96.11,70,573,571,0.0002037,,0.56
2023-010AB,55294,STARLINK-5286,96.11,70,574,570,0.0002528,,1.15
2023-010AC,55295,STARLINK-5293,96.11,70,574,570,0.0002817,,0.58
2023-010AD,55296,STARLINK-5285,96.11,70,574,570,0.0002706,,0.57
2023-010AE,55297,STARLINK-5284,96.11,70,574,570,0.0003007,,0.56
2023-010AG,55299,STARLINK-5270,96.11,70,574,570,0.0002726,,0.58
2023-010AH,55300,STARLINK-5308,96.11,70,574,570,0.0002835,,0.58
2023-010AK,55302,STARLINK-5321,96.11,70,574,570,0.0002752,,0.57
2023-010AL,55303,STARLINK-5322,96.11,70,574,570,0.0002823,,0.56
2023-010AM,55304,STARLINK-5318,96.11,70,574,570,0.0002809,,0.59
2023-010AN,55305,STARLINK-5316,96.11,70,573,571,0.0001998,,0.59
2023-010AP,55306,STARLINK-5295,96.11,70,574,570,0.0002688,,0.55
2023-010AQ,55307,STARLINK-5288,96.11,70,574,570,0.000285,,0.61
2023-010AR,55308,STARLINK-5292,96.11,70,574,570,0.0003115,,0.57
2023-010AS,55309,STARLINK-5315,96.1,70,574,570,0.0002961,,0.55
2023-010AT,55310,STARLINK-5309,96.11,70,574,570,0.0002573,,0.56
2023-010AU,55311,STARLINK-5312,96.11,70,574,570,0.0002298,,0.56
2023-010AV,55312,STARLINK-5296,96.11,70,574,570,0.0002741,,0.59
2023-010AW,55313,STARLINK-5313,96.11,70,574,570,0.0002741,,0.57
2023-010AX,55314,STARLINK-5305,96.11,70,574,570,0.0002784,,0.56
2023-010AY,55315,STARLINK-4623,96.11,70,574,570,0.0002647,,0.55
2023-010AZ,55316,STARLINK-5257,96.11,70,574,570,0.0002768,,0.26
2023-010BA,55317,STARLINK-5265,96.11,70,574,570,0.0002763,,0.57
2023-010BB,55318,STARLINK-5180,96.11,70,574,570,0.0002771,,0.58
2023-010BC,55319,STARLINK-5196,96.11,70,574,570,0.0002741,,0.58
2023-011A,55324,HAWK-6B,95,40.52,520,517,0.0001746,,1.07
2023-011C,55326,HAWK-6C,95,40.48,521,517,0.0002778,,0.35
2023-011D,55327,HAWK-6A,95,40.5,521,517,0.0002976,,0.28
2023-013A,55331,STARLINK-5492,95.84,43.01,560,558,0.0001291,,0.45
2023-013B,55332,STARLINK-5491,95.84,43,560,558,0.000125,,0.46
2023-013C,55333,STARLINK-5493,95.84,43.01,560,558,0.0001722,,0.45
2023-013D,55334,STARLINK-5652,95.84,43.01,560,558,0.0001299,,0.45
2023-013E,55335,STARLINK-5660,95.84,43,559,559,0.0000471,,0.52
2023-013F,55336,STARLINK-5655,95.84,43.01,561,557,0.0002531,,0.52
2023-013G,55337,STARLINK-5667,95.84,43,560,558,0.0001301,,0.54
2023-013H,55338,STARLINK-5658,95.84,43.01,561,558,0.0002055,,1.12
2023-013J,55339,STARLINK-5671,95.84,43.01,559,559,0.0000478,,0.46
2023-013K,55340,STARLINK-5675,95.84,43.01,560,558,0.0001632,,0.47
2023-013L,55341,STARLINK-5670,95.84,43.01,560,558,0.0001792,,0.53
2023-013M,55342,STARLINK-5657,95.84,43,560,558,0.0001288,,1.13
2023-013N,55343,STARLINK-5661,95.84,43,560,558,0.0001494,,0.47
2023-013Q,55345,STARLINK-5653,95.84,43,560,558,0.0001085,,0.54
2023-013R,55346,STARLINK-5631,95.84,43,560,559,0.0000809,,0.47
2023-013S,55347,STARLINK-5663,95.84,43,560,558,0.0001777,,0.49
2023-013T,55348,STARLINK-5609,95.84,43.01,559,559,0.0000472,,0.48
2023-013U,55349,STARLINK-5666,95.84,43.01,560,558,0.0001204,,0.48
2023-013V,55350,STARLINK-5668,95.84,43,560,558,0.0001109,,1.48
2023-013W,55351,STARLINK-5659,95.84,43,560,558,0.0000871,,1.03
2023-013X,55352,STARLINK-5547,95.84,43,560,558,0.0001002,,0.49
2023-013Y,55353,STARLINK-5608,95.84,43,560,558,0.0001306,,1.11
2023-013Z,55354,STARLINK-5649,95.84,43,560,558,0.0001187,,1.16
2023-013AA,55355,STARLINK-5647,95.84,43,560,559,0.0000648,,0.5
2023-013AC,55357,STARLINK-5651,95.84,43,560,558,0.0001078,,1.23
2023-013AD,55358,STARLINK-5622,95.84,43,560,559,0.0000674,,0.5
2023-013AE,55359,STARLINK-5641,95.84,43.01,560,558,0.0001251,,0.5
2023-013AF,55360,STARLINK-5664,95.84,43.01,560,558,0.0001559,,0.45
2023-013AG,55361,STARLINK-5665,95.79,43,557,556,0.0001271,,0.35
2023-013AH,55362,STARLINK-5574,95.84,43,560,558,0.0001543,,1.15
2023-013AJ,55363,STARLINK-5648,95.84,43.01,560,558,0.0001202,,0.47
2023-013AK,55364,STARLINK-5627,95.84,43,560,558,0.0001271,,0.51
2023-013AL,55365,STARLINK-5639,95.84,43,560,558,0.0001037,,1.01
2023-013AM,55366,STARLINK-5654,95.84,43,560,558,0.0000945,,0.54
2023-013AN,55367,STARLINK-5635,95.84,43.01,560,558,0.0001298,,0.53
2023-013AP,55368,STARLINK-5625,95.82,43,559,557,0.0001221,,0.29
2023-013AQ,55369,STARLINK-5644,95.84,43.01,560,558,0.000178,,0.48
2023-013AR,55370,STARLINK-5027,95.84,43,560,558,0.0001334,,0.48
2023-013AS,55371,STARLINK-5590,95.84,43,560,558,0.0001227,,1.42
2023-013AT,55372,STARLINK-5568,95.84,43,560,558,0.0001026,,0.35
2023-013AU,55373,STARLINK-5581,95.84,43.01,560,558,0.0001125,,1.06
2023-013AV,55374,STARLINK-5578,95.84,43,560,559,0.0000797,,0.42
2023-013AW,55375,STARLINK-5588,95.84,43,560,559,0.0000667,,0.37
2023-013AX,55376,STARLINK-5586,95.84,43,560,559,0.0000656,,0.52
2023-013AY,55377,STARLINK-5567,95.84,43.01,560,558,0.000146,,1.44
2023-013AZ,55378,STARLINK-5572,95.84,43,560,558,0.0001469,,0.43
2023-013BA,55379,STARLINK-5569,95.84,43,560,558,0.0001314,,0.5
2023-013BB,55380,STARLINK-5571,95.84,43,560,558,0.0000937,,0.49
2023-013BC,55381,STARLINK-5575,95.84,43,559,559,0.0000505,,1.44
2023-013BD,55382,STARLINK-5576,95.84,43,560,558,0.0001268,,0.5
2023-013BE,55383,STARLINK-5531,95.84,43.01,560,558,0.0001341,,1.23
2023-013BF,55384,STARLINK-5537,95.84,43,560,558,0.0001415,,1.43
2023-013BG,55385,STARLINK-5556,95.84,43.01,560,558,0.0001761,,0.45
2023-013BH,55386,STARLINK-5555,95.84,43,560,558,0.0001529,,0.45
2023-014A,55391,STARLINK-5077,95.88,70,564,558,0.0004419,,0.54
2023-014B,55392,STARLINK-5085,96.11,70,574,570,0.0002841,,0.57
2023-014C,55393,STARLINK-4786,96.11,70,574,570,0.0003072,,0.48
2023-014E,55395,STARLINK-5274,96.11,70,574,570,0.0003099,,1.09
2023-014F,55396,STARLINK-5283,96.11,70,574,570,0.000293,,1.09
2023-014G,55397,STARLINK-5224,96.11,70,574,570,0.0003021,,0.59
2023-014H,55398,STARLINK-5275,96.11,70,574,570,0.0002851,,0.53
2023-014J,55399,STARLINK-5276,96.11,70,574,570,0.0003025,,1.08
2023-014K,55400,STARLINK-5632,96.11,70,574,570,0.000279,,0.53
2023-014L,55401,STARLINK-5076,96.11,70,574,570,0.0002877,,0.54
2023-014M,55402,STARLINK-5071,96.11,70,574,570,0.0002719,,0.52
2023-014N,55403,STARLINK-5597,96.11,70,574,570,0.0002984,,1.06
2023-014P,55404,STARLINK-5607,96.11,70,574,570,0.0002897,,1.11
2023-014Q,55405,STARLINK-5623,96.11,70,574,570,0.000265,,0.52
2023-014R,55406,STARLINK-5630,96.11,70,574,570,0.0002879,,1.11
2023-014S,55407,STARLINK-5019,96.11,70,574,570,0.0002864,,0.51
2023-014T,55408,STARLINK-5092,96.11,70,574,570,0.0003008,,0.5
2023-014U,55409,STARLINK-5047,96.11,70,574,570,0.0002944,,1.11
2023-014V,55410,STARLINK-5633,96.11,70,574,570,0.0002873,,1.07
2023-014W,55411,STARLINK-5605,96.11,70,574,570,0.0002895,,1.1
2023-014X,55412,STARLINK-5033,95.28,70,534,530,0.0003126,,0.46
2023-014Y,55413,STARLINK-5060,96.11,70,574,570,0.0002883,,1.01
2023-014Z,55414,STARLINK-5620,96.11,70,574,570,0.0002939,,1.06
2023-014AA,55415,STARLINK-5618,94.51,70,497,493,0.0003235,,0.33
2023-014AB,55416,STARLINK-5624,96.11,70,574,570,0.0003004,,1.05
2023-014AC,55417,STARLINK-5616,96.11,70,574,570,0.0003333,,0.99
2023-014AD,55418,STARLINK-5030,96.11,70,574,570,0.0003403,,1.04
2023-014AE,55419,STARLINK-5629,96.11,70,574,570,0.0002938,,1.05
2023-014AF,55420,STARLINK-5604,96.11,70,574,570,0.0002804,,0.55
2023-014AG,55421,STARLINK-5598,96.11,70,574,570,0.0002634,,1.04
2023-014AH,55422,STARLINK-5006,96.11,70,575,570,0.0003531,,1.06
2023-014AJ,55423,STARLINK-5068,96.11,70,574,570,0.000292,,0.36
2023-014AL,55425,STARLINK-5615,96.1,70,574,570,0.0003421,,1.04
2023-014AM,55426,STARLINK-5638,96.11,70,574,570,0.0002923,,0.48
2023-014AN,55427,STARLINK-5073,96.11,70,574,570,0.000292,,1.03
2023-014AP,55428,STARLINK-5064,96.11,70,574,570,0.0003321,,1.01
2023-014AQ,55429,STARLINK-5645,96.11,70,574,570,0.0003047,,1.02
2023-014AR,55430,STARLINK-5642,96.11,70,574,570,0.0002925,,0.96
2023-014AS,55431,STARLINK-5643,96.11,70,574,570,0.0002842,,0.48
2023-014AT,55432,STARLINK-5637,96.11,70,574,570,0.0002952,,0.96
2023-014AU,55433,STARLINK-5570,96.11,70,574,570,0.0003061,,0.97
2023-014AV,55434,STARLINK-5621,96.11,70,574,570,0.000283,,1.01
2023-014AW,55435,STARLINK-5626,96.11,70,574,570,0.0003063,,0.35
2023-014AX,55436,STARLINK-5640,96.11,70,574,570,0.0002939,,1.01
2023-014AZ,55438,STARLINK-5074,96.11,70,574,570,0.0002962,,0.56
2023-014BA,55439,STARLINK-5634,96.11,70,574,570,0.0002855,,0.94
2023-005C,55447,APSTAR-6E SPS,189.34,28.65,7038,2051,0.2282883,,1.42
2023-015A,55449,STARLINK-5699,95.84,43,560,559,0.000079,,0.47
2023-015B,55450,STARLINK-5686,95.84,43,560,558,0.0001431,,1
2023-015C,55451,STARLINK-5656,95.84,43.01,560,558,0.0001907,,0.48
2023-015D,55452,STARLINK-5683,95.84,43,560,558,0.0000942,,0.95
2023-015E,55453,STARLINK-5684,95.84,43.01,560,558,0.0001781,,1.08
2023-015F,55454,STARLINK-5636,95.84,43.01,560,559,0.0000659,,0.43
2023-015G,55455,STARLINK-5680,95.84,43,560,558,0.0001061,,0.48
2023-015H,55456,STARLINK-5058,95.84,43.01,560,558,0.0001865,,1.09
2023-015J,55457,STARLINK-5682,95.84,43,560,558,0.0000846,,0.95
2023-015K,55458,STARLINK-5020,95.84,43,561,557,0.0002433,,0.97
2023-015L,55459,STARLINK-5669,95.84,43.01,560,558,0.0001438,,1.1
2023-015M,55460,STARLINK-5678,95.84,43,560,558,0.0001605,,0.97
2023-015N,55461,STARLINK-5646,95.84,43.01,560,558,0.000146,,1.09
2023-015P,55462,STARLINK-5673,95.84,43,560,558,0.0001033,,1.04
2023-015Q,55463,STARLINK-5677,95.84,43,560,558,0.0001008,,1.37
2023-015R,55464,STARLINK-5676,95.84,43,560,558,0.0001365,,0.45
2023-015S,55465,STARLINK-5674,95.84,43,560,558,0.0001086,,1.38
2023-015T,55466,STARLINK-5628,95.84,43.01,560,558,0.0001701,,1
2023-015U,55467,STARLINK-5679,95.84,43,560,558,0.0001067,,1.37
2023-015V,55468,STARLINK-5672,95.84,43.01,560,558,0.0001451,,0.32
2023-015W,55469,STARLINK-5681,95.84,43,560,559,0.0000841,,1.38
2023-015X,55470,STARLINK-5708,95.84,43,560,558,0.0001405,,1.06
2023-015Y,55471,STARLINK-5711,95.84,43.01,560,558,0.0001353,,1.06
2023-015Z,55472,STARLINK-5705,95.84,43,560,558,0.000164,,0.46
2023-015AA,55473,STARLINK-5687,94.16,43,494,462,0.0023341,,0.54
2023-015AB,55474,STARLINK-5689,95.84,43,560,558,0.0001747,,0.36
2023-015AC,55475,STARLINK-5650,95.84,43,560,558,0.0001719,,0.4
2023-015AE,55477,STARLINK-5685,95.84,43,560,559,0.000075,,0.47
2023-015AF,55478,STARLINK-5691,95.84,43.01,560,558,0.0001969,,1
2023-015AG,55479,STARLINK-5688,95.84,43.01,560,558,0.0001368,,0.99
2023-015AH,55480,STARLINK-5690,95.84,43,560,558,0.0001278,,1.1
2023-015AJ,55481,STARLINK-5694,95.84,43,560,558,0.0001321,,1.09
2023-015AK,55482,STARLINK-5693,89.6,43,255,254,0.0000593,*D,1.4
2023-015AL,55483,STARLINK-5692,95.84,43,560,558,0.000145,,0.97
2023-015AM,55484,STARLINK-5696,95.84,43,560,558,0.0001172,,0.38
2023-015AN,55485,STARLINK-5695,95.84,43,560,558,0.000098,,0.43
2023-015AP,55486,STARLINK-5704,95.84,43,560,558,0.000183,,0.91
2023-015AQ,55487,STARLINK-5701,95.84,43,560,558,0.0001288,,0.36
2023-015AR,55488,STARLINK-5706,95.84,43,560,558,0.0001377,,0.92
2023-015AS,55489,STARLINK-5371,95.84,43.01,560,558,0.0001703,,0.44
2023-015AT,55490,STARLINK-5373,95.84,43,560,558,0.0001184,,0.91
2023-015AU,55491,STARLINK-5364,95.84,43,560,559,0.0000721,,0.79
2023-015AV,55492,STARLINK-5013,95.84,43,560,558,0.0001182,,0.85
2023-015AW,55493,STARLINK-5362,95.84,43,559,559,0.0000272,,0.91
2023-015AX,55494,STARLINK-5344,95.84,43,560,558,0.0001232,,1
2023-015AY,55495,STARLINK-5100,95.84,43,560,558,0.0001299,,1
2023-015BA,55497,STARLINK-5363,95.84,43.01,561,558,0.0002155,,1
2023-015BB,55498,STARLINK-5365,95.84,43,560,558,0.0001005,,1.07
2023-015BC,55499,STARLINK-5366,95.84,43,560,558,0.0001112,,0.35
2023-015BD,55500,STARLINK-5141,95.84,43,560,558,0.0001167,,1
2023-015BE,55501,STARLINK-5367,95.84,43,560,558,0.0000912,,1.34
2023-016A,55506,ELEKTRO-L 4,1436.12,0.05,35791,35783,0.0001002,*G,1.29
2023-017A,55508,AMAZONAS NEXUS,1436.13,0.04,35802,35772,0.0003614,*G,0.61
2023-020A,55569,STARLINK-5749,95.84,43,560,558,0.0001447,,0.98
2023-020B,55570,STARLINK-5737,95.84,43,560,558,0.0001228,,0.31
2023-020C,55571,STARLINK-5739,95.84,43,560,558,0.000089,,0.32
2023-020D,55572,STARLINK-5732,95.84,43,559,559,0.0000079,,0.32
2023-020E,55573,STARLINK-5738,95.84,43,560,558,0.000097,,0.85
2023-020F,55574,STARLINK-5747,95.84,43.01,560,558,0.0000896,,1.06
2023-020G,55575,STARLINK-5745,95.84,43,560,559,0.0000786,,0.33
2023-020H,55576,STARLINK-5751,95.84,43,560,558,0.0001166,,0.35
2023-020J,55577,STARLINK-5752,95.84,43,560,558,0.0001133,,0.86
2023-020K,55578,STARLINK-5713,95.84,43,560,558,0.0001676,,0.89
2023-020L,55579,STARLINK-5754,95.84,43,560,558,0.0001087,,0.28
2023-020M,55580,STARLINK-5757,95.84,43,560,558,0.0001246,,1.09
2023-020N,55581,STARLINK-5753,95.84,43,560,558,0.0000877,,0.93
2023-020P,55582,STARLINK-5741,95.89,43.01,562,561,0.0001248,,1.09
2023-020Q,55583,STARLINK-5742,95.84,43,560,559,0.0000809,,0.28
2023-020R,55584,STARLINK-5736,95.84,43,560,559,0.0000601,,0.28
2023-020S,55585,STARLINK-5769,95.84,43,560,558,0.000139,,0.31
2023-020T,55586,STARLINK-5767,95.84,43,560,558,0.0001356,,0.62
2023-020U,55587,STARLINK-5727,95.84,43,559,559,0.0000564,,0.35
2023-020V,55588,STARLINK-5728,95.84,43.01,560,558,0.0001211,,1.02
2023-020W,55589,STARLINK-5697,95.84,43,560,558,0.0001245,,0.35
2023-020X,55590,STARLINK-5762,95.84,43,560,558,0.0001193,,0.63
2023-020Y,55591,STARLINK-5760,95.84,43,559,559,0.0000594,,1.02
2023-020Z,55592,STARLINK-5759,95.84,43,560,559,0.000073,,0.83
2023-020AA,55593,STARLINK-5703,95.84,43,560,559,0.0000769,,0.83
2023-020AB,55594,STARLINK-5750,95.84,43,560,558,0.0001349,,0.31
2023-020AC,55595,STARLINK-5740,95.84,43,560,558,0.0001087,,0.63
2023-020AD,55596,STARLINK-5729,95.84,43,560,558,0.0000905,,0.84
2023-020AE,55597,STARLINK-5743,95.84,43,560,558,0.000111,,0.25
2023-020AF,55598,STARLINK-5756,95.84,43,560,558,0.0001401,,0.31
2023-020AG,55599,STARLINK-5761,95.84,43,560,559,0.0000725,,0.97
2023-020AH,55600,STARLINK-5755,95.84,43,560,558,0.000102,,1.05
2023-020AJ,55601,STARLINK-5744,95.84,43,560,558,0.0001254,,0.31
2023-020AK,55602,STARLINK-5764,95.84,43,560,558,0.0000976,,1.31
2023-020AL,55603,STARLINK-5735,95.84,43,560,558,0.0001155,,0.38
2023-020AM,55604,STARLINK-5748,95.84,43,560,559,0.0000644,,0.95
2023-020AN,55605,STARLINK-5725,95.84,43,560,559,0.0000742,,0.39
2023-020AQ,55607,STARLINK-5700,95.84,43.01,561,557,0.0002426,,0.33
2023-020AR,55608,STARLINK-5726,95.84,43,560,558,0.0001477,,1
2023-020AS,55609,STARLINK-5719,95.84,43,560,558,0.0001349,,0.33
2023-020AT,55610,STARLINK-5722,95.84,43,560,558,0.000116,,0.34
2023-020AU,55611,STARLINK-5730,95.84,43,560,559,0.0000647,,0.34
2023-020AV,55612,STARLINK-5734,95.83,43,560,558,0.0001489,,0.34
2023-020AW,55613,STARLINK-5715,95.84,43,560,558,0.0001245,,0.87
2023-020AX,55614,STARLINK-5714,95.84,43.01,560,558,0.0001364,,0.94
2023-020AY,55615,STARLINK-5712,95.84,43,560,558,0.0001334,,0.35
2023-020AZ,55616,STARLINK-5710,95.84,43,560,559,0.0000826,,0.89
2023-020BA,55617,STARLINK-5721,95.84,43,560,558,0.0000938,,0.88
2023-020BB,55618,STARLINK-5717,95.84,43,560,558,0.0001263,,0.36
2023-020BC,55619,STARLINK-5720,95.84,43,560,558,0.000093,,1.09
2023-020BD,55620,STARLINK-5718,95.84,43,560,558,0.0001188,,0.36
2023-020BE,55621,STARLINK-5709,95.84,43,560,558,0.000133,,0.35
2023-020BF,55622,STARLINK-5702,95.84,43,560,558,0.0001031,,0.3
2023-020BG,55623,STARLINK-5698,95.84,43.01,560,558,0.000115,,0.97
2023-021A,55628,STARLINK-5484,96.11,70,574,570,0.0002885,,0.67
2023-021B,55629,STARLINK-5497,96.11,70,574,570,0.0003163,,0.73
2023-021C,55630,STARLINK-5303,96.11,70,574,570,0.0002992,,0.67
2023-021D,55631,STARLINK-5558,96.11,70,574,570,0.0003123,,0.7
2023-021E,55632,STARLINK-5546,96.11,70,574,570,0.0003155,,0.68
2023-021F,55633,STARLINK-5498,96.11,70,574,570,0.000302,,0.68
2023-021G,55634,STARLINK-5500,96.11,70,574,570,0.0003069,,0.68
2023-021H,55635,STARLINK-5495,96.11,70,574,570,0.000299,,0.77
2023-021J,55636,STARLINK-5218,96.11,70,574,570,0.0003117,,0.69
2023-021K,55637,STARLINK-5062,96.11,70,574,570,0.0002947,,0.75
2023-021L,55638,STARLINK-5507,96.11,70,574,570,0.0003257,,0.69
2023-021M,55639,STARLINK-5508,96.11,70,574,570,0.0002843,,0.77
2023-021N,55640,STARLINK-5069,96.11,70,574,570,0.0002899,,0.78
2023-021P,55641,STARLINK-5065,96.11,70,574,570,0.0003329,,0.75
2023-021R,55643,STARLINK-5483,96.11,70,574,570,0.0003003,,0.74
2023-021S,55644,STARLINK-5502,96.11,70,574,570,0.000282,,0.76
2023-021U,55646,STARLINK-5104,96.11,70,574,570,0.0003476,,0.75
2023-021V,55647,STARLINK-5510,96.11,70,574,570,0.0002927,,0.73
2023-021W,55648,STARLINK-5501,96.11,70,574,570,0.0002788,,0.76
2023-021X,55649,STARLINK-5469,96.11,70,575,569,0.000416,,0.78
2023-021Y,55650,STARLINK-5494,96.11,70,574,570,0.0003182,,0.77
2023-021Z,55651,STARLINK-5506,96.11,70,574,570,0.000292,,0.75
2023-021AA,55652,STARLINK-5487,96.11,70,574,570,0.0002953,,0.71
2023-021AB,55653,STARLINK-5067,96.11,70,574,570,0.0003018,,0.73
2023-021AC,55654,STARLINK-5070,96.11,70,574,570,0.0002921,,0.74
2023-021AD,55655,STARLINK-5267,96.11,70,574,570,0.000284,,0.84
2023-021AE,55656,STARLINK-5326,96.11,70,574,570,0.0002934,,0.73
2023-021AF,55657,STARLINK-5328,96.11,70,574,570,0.0002764,,0.83
2023-021AG,55658,STARLINK-5307,96.11,70,574,570,0.000347,,0.72
2023-021AH,55659,STARLINK-5477,96.11,70,574,570,0.0002665,,0.23
2023-021AJ,55660,STARLINK-5467,96.11,70,574,570,0.0003176,,0.82
2023-021AK,55661,STARLINK-5475,96.11,70,574,570,0.0003015,,0.78
2023-021AL,55662,STARLINK-5479,96.11,70,574,570,0.0002824,,0.83
2023-021AM,55663,STARLINK-5473,96.11,70,575,570,0.0003174,,0.26
2023-021AN,55664,STARLINK-5480,96.11,70,574,570,0.0003304,,0.24
2023-021AP,55665,STARLINK-5474,96.11,70,574,570,0.000298,,0.26
2023-021AR,55667,STARLINK-5456,96.11,70,574,570,0.0002976,,0.27
2023-021AS,55668,STARLINK-5455,96.11,70,575,570,0.0003605,,0.25
2023-021AT,55669,STARLINK-5459,96.11,70,574,570,0.0003154,,0.25
2023-021AU,55670,STARLINK-5423,96.11,70,574,570,0.0003117,,0.8
2023-021AV,55671,STARLINK-5460,96.11,70,574,570,0.0003064,,0.82
2023-021AX,55673,STARLINK-5463,96.11,70,574,570,0.0003029,,0.8
2023-021AY,55674,STARLINK-5462,96.11,70,574,570,0.0003018,,0.28
2023-021AZ,55675,STARLINK-5232,96.11,70,574,570,0.000319,,0.82
2023-021BA,55676,STARLINK-5300,96.11,70,574,570,0.0003311,,0.34
2023-021BB,55677,STARLINK-5324,96.11,70,574,570,0.0003278,,0.28
2023-021BC,55678,STARLINK-5314,96.07,70,572,568,0.0003187,,0.28
2023-023A,55686,ZHONGXING-26,1436.11,0.07,35799,35775,0.0002904,*G,0.4
2023-025A,55690,HORUS 1,94.51,97.4,497,493,0.0002764,,0.24
2023-028A,55741,STARLINK-5592,96.11,70,574,570,0.0002917,,0.61
2023-028B,55742,STARLINK-5594,96.11,70,574,570,0.0003055,,0.6
2023-028C,55743,STARLINK-5602,96.11,70,574,570,0.0002999,,0.6
2023-028D,55744,STARLINK-5601,96.1,70,574,570,0.0002654,,0.6
2023-028E,55745,STARLINK-5565,93.02,70,424,420,0.0003191,,0.33
2023-028F,55746,STARLINK-5579,96.11,70,574,570,0.0003078,,0.57
2023-028G,55747,STARLINK-5539,96.11,70,574,570,0.0002854,,0.55
2023-028H,55748,STARLINK-5580,96.11,70,574,570,0.0002787,,0.62
2023-028J,55749,STARLINK-5560,96.11,70,574,570,0.0002861,,0.56
2023-028K,55750,STARLINK-5573,96.11,70,574,570,0.0002934,,0.56
2023-028L,55751,STARLINK-5577,96.11,70,574,570,0.0002925,,0.54
2023-028M,55752,STARLINK-5613,96.11,70,574,570,0.0002982,,0.58
2023-028N,55753,STARLINK-5617,96.11,70,574,570,0.0002734,,0.57
2023-028P,55754,STARLINK-5612,96.11,70,574,570,0.0002891,,0.57
2023-028Q,55755,STARLINK-5619,96.11,70,574,570,0.0002779,,0.59
2023-028R,55756,STARLINK-5614,96.11,70,574,570,0.0002645,,0.59
2023-028S,55757,STARLINK-5544,96.11,70,574,570,0.0002786,,0.57
2023-028T,55758,STARLINK-5072,96.11,70,574,570,0.00028,,0.58
2023-028U,55759,STARLINK-5081,94.97,70,519,515,0.0003136,,0.5
2023-028V,55760,STARLINK-5532,96.11,70,574,570,0.0003055,,0.6
2023-028W,55761,STARLINK-5611,96.11,70,574,570,0.0002994,,0.68
2023-028X,55762,STARLINK-5603,96.11,70,574,570,0.0002711,,0.63
2023-028Y,55763,STARLINK-5593,96.11,70,574,570,0.0003023,,0.59
2023-028Z,55764,STARLINK-5499,96.11,70,574,570,0.000319,,0.62
2023-028AA,55765,STARLINK-5595,96.11,70,574,570,0.0003313,,0.62
2023-028AB,55766,STARLINK-5599,96.11,70,574,570,0.0003092,,0.65
2023-028AC,55767,STARLINK-5606,96.11,70,574,570,0.0003107,,0.62
2023-028AD,55768,STARLINK-5583,96.11,70,574,570,0.0003331,,0.63
2023-028AE,55769,STARLINK-5584,96.11,70,574,570,0.0003096,,0.64
2023-028AF,55770,STARLINK-5557,96.11,70,574,570,0.0003123,,0.64
2023-028AG,55771,STARLINK-5591,96.11,70,574,570,0.0003022,,0.65
2023-028AH,55772,STARLINK-5835,96.11,70,574,570,0.0002745,,0.67
2023-028AJ,55773,STARLINK-5833,96.11,70,574,570,0.0002676,,0.65
2023-028AK,55774,STARLINK-5812,96.11,70,574,570,0.0003125,,0.65
2023-028AL,55775,STARLINK-5809,96.11,70,574,570,0.0003045,,0.66
2023-028AM,55776,STARLINK-5810,96.11,70,574,570,0.0002881,,0.68
2023-028AN,55777,STARLINK-5814,96.11,70,574,570,0.0002857,,0.6
2023-028AP,55778,STARLINK-5816,96.11,70,574,570,0.0003036,,0.67
2023-028AQ,55779,STARLINK-5817,96.11,70,574,570,0.0003133,,0.7
2023-028AR,55780,STARLINK-5819,96.11,70,574,570,0.0002956,,0.67
2023-028AS,55781,STARLINK-5820,96.11,70,574,570,0.0003169,,0.66
2023-028AT,55782,STARLINK-5826,96.11,70,574,570,0.0003149,,0.7
2023-028AU,55783,STARLINK-5825,96.11,70,574,570,0.000312,,0.7
2023-028AV,55784,STARLINK-5797,96.11,70,574,570,0.0003011,,0.65
2023-028AW,55785,STARLINK-5818,96.11,70,574,570,0.0002961,,0.71
2023-028AX,55786,STARLINK-5823,96.11,70,574,570,0.000299,,0.72
2023-028AY,55787,STARLINK-5811,96.11,70,574,570,0.0003071,,0.71
2023-028AZ,55788,STARLINK-5804,96.11,70,574,570,0.000314,,0.72
2023-028BA,55789,STARLINK-5815,96.11,70,574,570,0.0002997,,0.67
2023-028BB,55790,STARLINK-5813,96.11,70,574,570,0.0003062,,0.67
2023-028BC,55791,STARLINK-5807,96.11,70,574,570,0.0003137,,0.66
2023-029A,55796,ONEWEB-0530,109.03,87.93,1183,1180,0.0001789,,0.54
2023-029B,55797,ONEWEB-0534,109.03,87.93,1183,1181,0.0001653,,1.01
2023-029C,55798,ONEWEB-0556,109.03,87.93,1183,1181,0.0001092,,0.54
2023-029D,55799,ONEWEB-0562,109.03,87.93,1183,1181,0.0001609,,0.56
2023-029E,55800,ONEWEB-0563,109.03,87.93,1183,1181,0.0001523,,0.56
2023-029F,55801,ONEWEB-0564,109.03,87.93,1183,1180,0.0001759,,0.57
2023-029G,55802,ONEWEB-0638,109.55,87.9,1207,1205,0.0001221,,0.54
2023-029H,55803,ONEWEB-0639,109.11,87.92,1187,1184,0.0002012,,0.93
2023-029J,55804,ONEWEB-0640,109.55,87.9,1207,1205,0.0001023,,0.53
2023-029K,55805,ONEWEB-0641,109.11,87.91,1187,1184,0.0001859,,0.93
2023-029L,55806,ONEWEB-0642,109.11,87.91,1187,1184,0.0002225,,0.94
2023-029M,55807,ONEWEB-0643,109.55,87.9,1208,1204,0.0002429,,0.48
2023-029N,55808,ONEWEB-0644,109.11,87.92,1187,1184,0.0002021,,0.86
2023-029P,55809,ONEWEB-0645,109.11,87.92,1187,1185,0.0001549,,0.87
2023-029Q,55810,ONEWEB-0646,109.11,87.92,1187,1184,0.0001961,,0.91
2023-029R,55811,ONEWEB-0648,109.55,87.9,1207,1204,0.0001763,,0.52
2023-029S,55812,ONEWEB-0649,109.11,87.91,1187,1184,0.0001762,,0.88
2023-029T,55813,ONEWEB-0650,109.11,87.91,1187,1184,0.0001834,,0.88
2023-029U,55814,ONEWEB-0652,109.55,87.9,1207,1204,0.0001829,,0.54
2023-029V,55815,ONEWEB-0653,109.55,87.9,1207,1205,0.0001604,,0.47
2023-029W,55816,ONEWEB-0654,109.55,87.9,1207,1204,0.0001769,,0.48
2023-029X,55817,ONEWEB-0656,109.03,87.93,1183,1180,0.0002144,,0.58
2023-029Y,55818,ONEWEB-0657,109.11,87.91,1188,1184,0.0002578,,0.88
2023-029Z,55819,ONEWEB-0658,109.11,87.91,1187,1184,0.0002013,,0.89
2023-029AA,55820,ONEWEB-0660,109.55,87.9,1207,1205,0.0001476,,0.5
2023-029AB,55821,ONEWEB-0661,109.55,87.9,1207,1205,0.0001368,,0.47
2023-029AC,55822,ONEWEB-0662,109.55,87.9,1207,1205,0.0001547,,0.58
2023-029AD,55823,ONEWEB-0663,109.02,87.93,1183,1180,0.0001566,,0.51
2023-029AE,55824,ONEWEB-0664,109.03,87.93,1183,1181,0.0001405,,0.59
2023-029AF,55825,ONEWEB-0665,109.55,87.9,1207,1205,0.0001601,,0.93
2023-029AG,55826,ONEWEB-0666,109.03,87.93,1183,1180,0.0001964,,0.52
2023-029AH,55827,ONEWEB-0667,109.03,87.93,1183,1181,0.0001571,,0.53
2023-029AJ,55828,ONEWEB-0669,109.03,87.93,1183,1180,0.000185,,0.53
2023-029AK,55829,ONEWEB-0670,109.55,87.9,1207,1205,0.0001279,,0.49
2023-029AL,55830,ONEWEB-0671,109.11,87.91,1187,1185,0.000145,,0.51
2023-029AM,55831,ONEWEB-0672,109.03,87.93,1183,1180,0.0002052,,0.61
2023-029AN,55832,ONEWEB-0673,109.11,87.91,1187,1184,0.0001912,,0.92
2023-029AP,55833,ONEWEB-0674,109.55,87.9,1207,1205,0.0001182,,0.52
2023-029AQ,55834,ONEWEB-0675,109.11,87.92,1187,1184,0.0002148,,0.9
2023-029AR,55835,ONEWEB-0720,109.11,87.92,1187,1184,0.0001719,,0.91
2023-030A,55836,TIANHUI 6A,102.76,99.01,889,889,0.0000549,,0.27
2023-030D,55839,TIANHUI 6B,102.76,99.01,891,888,0.0001978,,0.27
2023-031A,55841,LUCH-5X (OLYMP-K 2),1436.09,0.02,35791,35782,0.000106,*G,1.16
2023-032A,55844,HORUS 2,94.52,97.41,500,491,0.0006428,,0.27
2023-034A,55861,SHIYAN 19 (SY-19),93.65,97.44,460,446,0.0010456,,0.26
2023-035A,55908,ELECTRON KICK STAGE R/B,95.91,44.18,566,559,0.0005102,,0.52
2023-035B,55909,CAPELLA-10-WHITNEY,93.94,43.99,481,454,0.0019734,,0.42
2023-035C,55910,CAPELLA-9-WHITNEY,93.32,43.98,453,421,0.0023347,,0.49
2023-036A,55912,GAOFEN-13 02,1436.09,1.57,35803,35770,0.0003975,*G,0.79
2023-037A,55914,STARLINK-5856,96.11,70,574,570,0.0002833,,0.58
2023-037B,55915,STARLINK-5859,96.11,70,573,571,0.000143,,0.6
2023-037C,55916,STARLINK-5796,96.11,70,574,570,0.0003011,,0.59
2023-037D,55917,STARLINK-5855,94.08,69.99,478,470,0.0006188,,0.58
2023-037E,55918,STARLINK-5867,96.11,70,574,570,0.0002552,,0.59
2023-037F,55919,STARLINK-5871,96.11,70,574,570,0.0002312,,0.6
2023-037G,55920,STARLINK-5862,96.11,70,574,570,0.0002809,,0.59
2023-037H,55921,STARLINK-5861,96.11,70,574,570,0.0002821,,0.62
2023-037J,55922,STARLINK-5863,96.11,70,574,570,0.0002881,,0.61
2023-037K,55923,STARLINK-5854,96.11,70,574,570,0.000283,,0.54
2023-037L,55924,STARLINK-5849,96.11,70,574,570,0.0002972,,0.47
2023-037M,55925,STARLINK-5922,96.11,70,574,570,0.0003201,,0.62
2023-037N,55926,STARLINK-5921,96.11,70,574,570,0.0002912,,0.61
2023-037P,55927,STARLINK-5919,96.11,70,574,570,0.0002883,,0.56
2023-037Q,55928,STARLINK-5930,96.11,70,574,570,0.0002819,,0.57
2023-037R,55929,STARLINK-5898,92.91,70,419,415,0.0003399,,0.5
2023-037S,55930,STARLINK-5896,96.11,70,574,570,0.0002321,,0.57
2023-037T,55931,STARLINK-5897,96.11,70,574,570,0.0002957,,0.57
2023-037U,55932,STARLINK-5848,96.11,70,574,570,0.0002679,,0.54
2023-037V,55933,STARLINK-5852,96.11,70,574,570,0.0002671,,0.61
2023-037W,55934,STARLINK-5927,96.11,70,574,570,0.0002387,,0.57
2023-037X,55935,STARLINK-5920,96.11,70,574,570,0.0002352,,0.62
2023-037Y,55936,STARLINK-5882,96.11,70,574,570,0.0002741,,0.61
2023-037Z,55937,STARLINK-5913,96.11,70,574,570,0.0002718,,0.62
2023-037AA,55938,STARLINK-5909,96.11,70,574,570,0.0003156,,0.62
2023-037AB,55939,STARLINK-5918,96.11,70,574,570,0.0002317,,0.57
2023-037AC,55940,STARLINK-5864,96.11,70,574,570,0.000281,,0.56
2023-037AD,55941,STARLINK-5914,96.11,70,574,570,0.0002808,,0.6
2023-037AE,55942,STARLINK-5917,96.11,70,574,570,0.0002854,,0.59
2023-037AF,55943,STARLINK-5932,96.11,70,574,570,0.0002604,,0.58
2023-037AG,55944,STARLINK-5926,96.11,70,574,570,0.0002333,,0.58
2023-037AH,55945,STARLINK-5925,96.11,70,574,570,0.0002817,,0.57
2023-037AJ,55946,STARLINK-5857,96.11,70,574,570,0.0002913,,0.57
2023-037AK,55947,STARLINK-5851,96.11,70,574,570,0.0002684,,0.59
2023-037AL,55948,STARLINK-5900,96.11,70,574,570,0.0002773,,0.56
2023-037AM,55949,STARLINK-5899,96.11,70,574,570,0.0002771,,0.55
2023-037AN,55950,STARLINK-5911,96.11,70,574,570,0.000295,,0.57
2023-037AP,55951,STARLINK-5908,96.11,70,574,570,0.0002801,,0.59
2023-037AQ,55952,STARLINK-5893,96.11,70,574,570,0.0002679,,0.56
2023-037AR,55953,STARLINK-5889,96.11,70,574,570,0.0002998,,0.55
2023-037AS,55954,STARLINK-5892,96.11,70,574,570,0.0002683,,0.52
2023-037AT,55955,STARLINK-5878,96.11,70,574,571,0.0002339,,0.57
2023-037AU,55956,STARLINK-5883,96.11,70,574,570,0.0002933,,0.6
2023-037AV,55957,STARLINK-5884,96.11,70,574,570,0.0002399,,0.57
2023-037AW,55958,STARLINK-5928,96.11,70,574,570,0.0002189,,0.58
2023-037AX,55959,STARLINK-5929,96.11,70,574,570,0.0002741,,0.58
2023-037AY,55960,STARLINK-5938,96.11,70,574,570,0.0002459,,0.57
2023-037AZ,55961,STARLINK-5933,96.11,70,574,570,0.0002671,,0.59
2023-037BA,55962,STARLINK-5906,96.11,70,574,570,0.0002893,,0.62
2023-037BB,55963,STARLINK-5924,96.11,70,574,570,0.0002469,,0.59
2023-037BC,55964,STARLINK-5895,96.11,70,574,570,0.0002781,,0.5
2023-037BD,55965,STARLINK-5894,96.11,70,574,570,0.0002527,,0.6
2023-038A,55970,SES-18,1436.09,0.06,35798,35775,0.0002749,*G,0.48
2023-038B,55971,SES-19,1436.08,0.02,35793,35780,0.0001527,*G,0.88
2023-039A,55973,TIANMU-1 03,94.1,97.48,478,471,0.0005039,,0.24
2023-039B,55974,TIANMU-1 04,94.09,97.48,478,470,0.0006029,,0.28
2023-039C,55975,TIANMU-1 05,94.1,97.48,478,472,0.0004575,,0.28
2023-039D,55976,TIANMU-1 06,94.08,97.48,477,471,0.0005027,,0.26
2023-040A,55978,COSMOS 2567,94.27,97.59,489,477,0.000929,,0.25
2023-041B,55982,GLOBAL-19,93.57,42.01,451,447,0.000247,,1.31
2023-042A,55986,STARLINK-5905,95.84,43,560,558,0.0001863,,0.72
2023-042B,55987,STARLINK-5915,95.84,43,560,559,0.0000745,,0.74
2023-042C,55988,STARLINK-5916,95.79,43,558,555,0.0001753,,0.8
2023-042D,55989,STARLINK-5947,95.84,43,560,558,0.0001,,0.8
2023-042E,55990,STARLINK-5946,95.84,43,560,559,0.0000763,,0.79
2023-042F,55991,STARLINK-5948,95.84,43,560,558,0.0001337,,0.75
2023-042H,55993,STARLINK-5969,95.84,43,560,558,0.000094,,1.13
2023-042J,55994,STARLINK-5956,95.84,43,560,558,0.0001202,,0.74
2023-042K,55995,STARLINK-5957,95.84,43,560,558,0.0001026,,0.74
2023-042L,55996,STARLINK-5903,95.84,43,560,558,0.0001331,,0.69
2023-042N,55998,STARLINK-5902,95.84,43,560,558,0.0001268,,0.89
2023-042P,55999,STARLINK-5901,95.84,43,560,558,0.0001146,,0.88
2023-042Q,56000,STARLINK-5910,95.84,43,560,558,0.0001014,,0.84
2023-042R,56001,STARLINK-5944,95.84,43.01,560,558,0.0001219,,0.76
2023-042S,56002,STARLINK-5799,95.84,43,560,558,0.0001838,,0.7
2023-042T,56003,STARLINK-5789,95.84,43,560,558,0.0001361,,0.69
2023-042U,56004,STARLINK-5787,95.84,43,560,558,0.0001398,,0.84
2023-042V,56005,STARLINK-5801,95.84,43,560,558,0.0001595,,0.9
2023-042W,56006,STARLINK-5794,95.84,43,560,558,0.0001208,,0.71
2023-042X,56007,STARLINK-5806,95.84,43,560,558,0.000122,,0.84
2023-042Y,56008,STARLINK-5803,95.89,43,562,561,0.000079,,0.71
2023-042Z,56009,STARLINK-5964,95.84,43,560,558,0.0001199,,0.84
2023-042AA,56010,STARLINK-5968,95.84,43,560,558,0.0001272,,0.92
2023-042AB,56011,STARLINK-5936,95.84,43,560,558,0.0001222,,0.92
2023-042AC,56012,STARLINK-5940,95.84,43,560,559,0.0000764,,0.91
2023-042AD,56013,STARLINK-5941,95.84,43,560,558,0.0001298,,0.85
2023-042AE,56014,STARLINK-5942,95.84,43,560,558,0.0001325,,0.85
2023-042AF,56015,STARLINK-5939,95.84,43.01,560,558,0.0001315,,0.25
2023-042AG,56016,STARLINK-5943,95.84,43,560,559,0.0000589,,0.87
2023-042AH,56017,STARLINK-5934,95.84,43,560,558,0.0001254,,0.86
2023-042AJ,56018,STARLINK-5945,95.84,43,560,558,0.0001397,,0.8
2023-042AK,56019,STARLINK-5949,95.84,43,560,558,0.0000938,,0.26
2023-042AL,56020,STARLINK-5912,95.84,43,560,558,0.0001101,,0.73
2023-042AM,56021,STARLINK-5907,95.84,43.01,559,559,0.0000197,,0.26
2023-042AN,56022,STARLINK-5783,95.84,43,560,558,0.0001348,,0.55
2023-042AP,56023,STARLINK-5771,95.83,43.01,562,556,0.0003839,,0.94
2023-042AQ,56024,STARLINK-5772,95.84,43,560,558,0.0001248,,0.82
2023-042AR,56025,STARLINK-5766,95.84,43,560,558,0.0000966,,0.84
2023-042AS,56026,STARLINK-5770,95.84,43,560,558,0.0001308,,0.55
2023-042AT,56027,STARLINK-5777,95.84,43.01,561,557,0.0002646,,0.81
2023-042AU,56028,STARLINK-5779,95.84,43,560,558,0.0001497,,0.76
2023-042AV,56029,STARLINK-5774,95.84,43,560,558,0.0001182,,0.55
2023-042AW,56030,STARLINK-5781,95.84,43.01,560,558,0.0001122,,0.23
2023-042AX,56031,STARLINK-5785,95.84,43,560,558,0.0001218,,0.96
2023-042AY,56032,STARLINK-5786,95.84,43,560,558,0.0001451,,0.24
2023-042BA,56034,STARLINK-5782,95.84,43,560,559,0.0000807,,1.5
2023-042BB,56035,STARLINK-5792,95.84,43,560,558,0.0001025,,0.76
2023-042BC,56036,STARLINK-5790,95.84,43,560,558,0.0000887,,0.24
2023-042BD,56037,STARLINK-5758,95.84,43,560,558,0.0001369,,0.22
2023-042BE,56038,STARLINK-5793,95.84,43,560,558,0.0001617,,0.91
2023-042BF,56039,STARLINK-5795,95.84,43,559,559,0.0000498,,0.55
2023-042BG,56040,STARLINK-5798,95.84,43.01,560,558,0.0001282,,0.22
2023-042BH,56041,STARLINK-5800,95.84,43,560,558,0.0001307,,0.56
2023-043A,56046,ONEWEB-0537,109.37,87.91,1199,1196,0.0002037,,0.61
2023-043B,56047,ONEWEB-0538,109.37,87.91,1199,1196,0.0002003,,0.62
2023-043C,56048,ONEWEB-0546,109.37,87.91,1200,1196,0.0002409,,0.63
2023-043D,56049,ONEWEB-0547,108.94,87.93,1179,1176,0.0001919,,0.58
2023-043E,56050,ONEWEB-0548,109.37,87.91,1199,1197,0.000133,,0.6
2023-043F,56051,ONEWEB-0549,108.94,87.93,1179,1176,0.0001955,,0.59
2023-043G,56052,ONEWEB-0550,108.94,87.93,1179,1176,0.0001706,,0.6
2023-043H,56053,ONEWEB-0551,109.46,87.91,1203,1200,0.0001777,,0.6
2023-043J,56054,ONEWEB-0552,108.94,87.93,1179,1177,0.0001552,,0.6
2023-043K,56055,ONEWEB-0553,109.37,87.91,1199,1196,0.0002066,,0.62
2023-043L,56056,ONEWEB-0554,109.37,87.91,1199,1197,0.0001188,,0.64
2023-043M,56057,ONEWEB-0555,109.37,87.91,1199,1196,0.0002169,,0.6
2023-043N,56058,ONEWEB-0557,109.37,87.91,1199,1196,0.0001994,,0.66
2023-043P,56059,ONEWEB-0558,108.94,87.93,1179,1176,0.0001975,,0.61
2023-043Q,56060,ONEWEB-0559,108.94,87.93,1179,1177,0.0001449,,0.62
2023-043R,56061,ONEWEB-0566,108.94,87.93,1179,1176,0.0001842,,0.55
2023-043S,56062,ONEWEB-0568,109.37,87.91,1199,1196,0.0001968,,0.57
2023-043T,56063,ONEWEB-0574,108.94,87.93,1179,1176,0.0001973,,0.56
2023-043U,56064,ONEWEB-0575,109.37,87.91,1199,1196,0.0001679,,0.57
2023-043V,56065,ONEWEB-0576,109.37,87.91,1199,1196,0.0001832,,0.59
2023-043W,56066,ONEWEB-0577,109.37,87.91,1199,1197,0.0001591,,0.66
2023-043X,56067,ONEWEB-0578,108.94,87.93,1179,1176,0.0001892,,0.57
2023-043Y,56068,ONEWEB-0579,108.94,87.93,1179,1177,0.0001526,,0.58
2023-043Z,56069,ONEWEB-0581,109.37,87.91,1199,1197,0.0001305,,0.65
2023-043AA,56070,ONEWEB-0609,109.46,87.91,1203,1200,0.0001848,,0.57
2023-043AB,56071,ONEWEB-0613,109.46,87.91,1203,1201,0.0001651,,0.58
2023-043AC,56072,ONEWEB-0630,109.46,87.91,1203,1200,0.000174,,0.58
2023-043AD,56073,ONEWEB-0632,109.46,87.91,1203,1201,0.0001493,,0.59
2023-043AE,56074,ONEWEB-0633,109.46,87.91,1203,1200,0.0001946,,0.59
2023-043AF,56075,ONEWEB-0634,109.46,87.91,1203,1200,0.0002155,,0.61
2023-043AG,56076,ONEWEB-0635,109.46,87.91,1203,1201,0.0001443,,0.61
2023-043AH,56077,ONEWEB-0636,109.46,87.91,1203,1201,0.0001512,,0.62
2023-043AJ,56078,ONEWEB-0637,109.46,87.91,1203,1200,0.0001779,,0.62
2023-043AK,56079,ONEWEB-0647,109.46,87.91,1203,1201,0.0001587,,0.55
2023-043AL,56080,ONEWEB-0651,109.46,87.91,1203,1201,0.0001625,,0.56
2023-043AM,56081,ONEWEB-0718,109.46,87.91,1204,1200,0.0002299,,0.56
2023-046B,56094,STARLINK-6109,95.84,43,560,558,0.000126,,0.54
2023-046C,56095,STARLINK-6090,95.84,43,560,558,0.0001368,,0.67
2023-046D,56096,STARLINK-6089,95.84,43,560,558,0.000131,,0.48
2023-046E,56097,STARLINK-6077,95.84,43,560,558,0.0001131,,0.61
2023-046F,56098,STARLINK-6088,95.84,43,560,558,0.0001321,,0.74
2023-046G,56099,STARLINK-6093,95.84,43,559,559,0.0000443,,0.55
2023-046H,56100,STARLINK-6076,95.84,43,560,558,0.0001237,,1.55
2023-046J,56101,STARLINK-6095,95.84,43,560,558,0.0001491,,0.49
2023-046K,56102,STARLINK-6075,95.84,43,560,559,0.0000738,,0.56
2023-046L,56103,STARLINK-6096,95.84,43,560,558,0.0000945,,0.63
2023-046M,56104,STARLINK-6062,95.84,43,560,558,0.0001061,,0.62
2023-046N,56105,STARLINK-6066,95.84,43,560,558,0.000137,,0.77
2023-046Q,56107,STARLINK-6030,95.84,43,560,558,0.0001248,,0.84
2023-046R,56108,STARLINK-6081,95.84,43,560,558,0.0001146,,0.56
2023-046S,56109,STARLINK-6083,95.84,43,560,558,0.0001196,,0.77
2023-046T,56110,STARLINK-6082,95.84,43,560,558,0.0001187,,0.77
2023-046U,56111,STARLINK-6084,95.84,43,560,558,0.0001314,,0.79
2023-046V,56112,STARLINK-6080,95.84,43,560,558,0.0001176,,0.78
2023-046W,56113,STARLINK-6113,95.84,43,560,558,0.0001238,,0.79
2023-046X,56114,STARLINK-6103,87.45,42.99,152,144,0.0006054,*D,0.54
2023-046Y,56115,STARLINK-6101,95.84,43,560,558,0.0001327,,0.53
2023-046Z,56116,STARLINK-6114,95.84,43,560,558,0.0001285,,0.78
2023-046AA,56117,STARLINK-6107,95.84,43,560,558,0.0001103,,0.54
2023-046AB,56118,STARLINK-6105,95.83,43,560,558,0.000131,,0.79
2023-046AC,56119,STARLINK-6091,95.84,43,560,558,0.0001208,,0.53
2023-046AD,56120,STARLINK-6079,95.84,43,560,558,0.0001083,,0.52
2023-046AE,56121,STARLINK-6092,95.84,43,560,558,0.0001311,,0.6
2023-046AF,56122,STARLINK-6094,95.84,43,560,558,0.0001333,,0.52
2023-046AH,56123,STARLINK-6115,95.84,43,560,558,0.0001262,,0.61
2023-046AJ,56124,STARLINK-6126,95.84,43,560,558,0.0001138,,0.73
2023-046AK,56125,STARLINK-6119,95.84,43,560,558,0.0001012,,0.54
2023-046AL,56126,STARLINK-6124,95.84,43,560,558,0.0001028,,0.54
2023-046AM,56127,STARLINK-6104,95.84,43,560,558,0.0000993,,0.55
2023-046AN,56128,STARLINK-6122,95.84,43,560,558,0.0001235,,0.54
2023-046AP,56129,STARLINK-6121,95.84,43,560,558,0.0001233,,0.68
2023-046AQ,56130,STARLINK-6117,95.84,43,560,559,0.0000844,,0.55
2023-046AR,56131,STARLINK-6120,95.84,43,560,558,0.0001202,,0.56
2023-046AS,56132,STARLINK-6071,95.84,43,560,558,0.0001165,,0.55
2023-046AT,56133,STARLINK-5566,95.83,43,560,558,0.0001407,,0.56
2023-046AU,56134,STARLINK-5564,95.84,43,560,558,0.0001291,,0.89
2023-046AW,56136,STARLINK-5489,95.84,43,560,558,0.0001156,,0.56
2023-046AX,56137,STARLINK-5090,95.84,43,560,558,0.0001208,,0.58
2023-046AY,56138,STARLINK-4774,95.84,43,560,558,0.0001283,,1.56
2023-046BA,56140,STARLINK-5375,95.84,43,561,558,0.0002186,,0.57
2023-046BB,56141,STARLINK-5377,95.84,43,560,558,0.0001124,,0.58
2023-046BC,56142,STARLINK-5376,95.84,43,560,558,0.0001127,,0.57
2023-046BD,56143,STARLINK-5016,95.84,43,560,558,0.0001354,,0.59
2023-046BE,56144,STARLINK-5374,95.84,43,560,558,0.0001463,,0.57
2023-046BG,56146,STARLINK-5111,95.84,43,560,558,0.0001443,,0.59
2023-046BH,56147,STARLINK-5140,95.89,43,563,560,0.0001911,,0.6
2023-046BJ,56148,STARLINK-5089,95.89,43,562,561,0.0001181,,0.6
2023-047A,56153,PIESAT A,95.09,97.5,524,522,0.0001819,,0.93
2023-047B,56154,PIESAT B,95.09,97.5,524,522,0.0001566,,0.93
2023-047C,56155,PIESAT C,95.09,97.5,524,522,0.0001782,,0.93
2023-047D,56156,PIESAT D,95.09,97.5,524,522,0.0001522,,0.99
2023-048A,56157,2023-048A,107.03,63.4,1137,1041,0.0064454,,0.26
2023-050A,56162,CHECKMATE 8,103.98,81,951,943,0.000567,,0.63
2023-050B,56163,CHECKMATE 5,103.98,81,951,942,0.0005796,,0.58
2023-050C,56164,CHECKMATE 4,103.99,81,951,943,0.000505,,0.61
2023-050D,56165,CHECKMATE 6,103.98,81,951,942,0.00059,,0.6
2023-050E,56166,CHECKMATE 7,103.98,81,951,942,0.0005902,,0.55
2023-050F,56167,CHECKMATE 2,103.97,81,951,942,0.0006288,,0.58
2023-050G,56168,CHECKMATE 1,103.98,81,955,939,0.0010628,,0.59
2023-050H,56169,CHECKMATE 3,103.97,81,951,941,0.0006361,,0.61
2023-050J,56170,BB 2,104.4,81,973,959,0.0009911,,0.53
2023-050K,56171,BB 1,104.4,81,978,955,0.0015515,,0.6
2023-052A,56174,INTELSAT 40E (IS-40E),1436.13,0.02,35796,35779,0.0001992,*G,1.33
2023-054A,56178,IMECE,98.23,98.16,681,667,0.0009608,,0.28
2023-054B,56179,ORBASTRO-AF 1,93.21,97.34,437,427,0.0007341,,0.28
2023-054C,56180,DEWASAT-2,90.96,97.34,326,317,0.0006617,,0.48
2023-054D,56181,KILICSAT,89.84,97.32,272,262,0.0007359,*D,0.27
2023-054F,56183,SATELIOT_0,92.66,97.33,409,400,0.0006861,,0.31
2023-054H,56185,BRO-9,93.47,97.34,450,439,0.000792,,0.28
2023-054J,56186,GHGSAT-C8,93.67,97.34,460,448,0.0008998,,0.37
2023-054M,56189,IT'S ABOUT TIME,92.69,97.34,412,401,0.0007666,,0.54
2023-054N,56190,NUSAT-36 (ANNIE CANNON),92.04,97.33,379,369,0.0007503,,0.29
2023-054P,56191,HAWK-7A,94.46,97.35,499,486,0.0009449,,0.8
2023-054Q,56192,ION SCV-010,94.74,97.44,517,495,0.0016368,,0.85
2023-054R,56193,HAWK-7B,94.47,97.34,500,486,0.0010191,,0.8
2023-054S,56194,NORSAT-TD,92.38,97.34,397,385,0.0008809,,0.29
2023-054T,56195,GHOST-1,93.36,97.34,445,433,0.0009051,,0.83
2023-054V,56197,GHOST-2,93.04,97.34,430,417,0.0009235,,0.82
2023-054X,56199,TOMORROW-R1,92.12,97.34,383,373,0.0007424,,0.79
2023-054Y,56200,HAWK-7C,94.47,97.34,499,486,0.0009371,,0.8
2023-054Z,56201,NUSAT-39 (TIKVAH ALPER),93.38,97.34,447,433,0.0009667,,0.29
2023-054AA,56202,NUSAT-38 (MARIA AGNESI),93.4,97.34,453,429,0.0017905,,0.36
2023-054AB,56203,NUSAT-37 (JOAN CLARKE),93.42,97.31,448,436,0.00089,,0.3
2023-054AC,56204,GHGSAT-C6,93.68,97.35,463,446,0.0012218,,0.28
2023-054AD,56205,FACSAT-2,92.79,97.35,418,404,0.001019,,0.36
2023-054AG,56208,TAIFA-1,92.12,97.33,385,373,0.0008704,,0.29
2023-054AH,56209,GHGSAT-C7,93.68,97.34,463,446,0.0012004,,0.26
2023-054AJ,56210,CONNECTA T2.1,92.87,97.34,422,408,0.0009945,,0.29
2023-054AP,56215,VCUB1,89.32,97.32,242,240,0.0001846,*D,0.3
2023-054AR,56217,KEPLER-20,93.28,97.35,442,428,0.0010612,,0.78
2023-054AS,56218,KEPLER-21,93.44,97.34,449,437,0.0008466,,0.8
2023-054AW,56222,DISCO-1,89.02,97.32,230,222,0.0006094,*D,0.79
2023-054AZ,56225,AAC-HSI-SAT1,95.42,97.44,548,530,0.0012411,,0.57
2023-084BK,56226,OUTPOST MISSION 1,93.86,97.56,468,459,0.0006401,,0.62
2023-084BM,56228,SKYKRAFT-3C,91.15,97.54,336,325,0.000834,,0.26
2023-055A,56232,FENGYUN 3G,92.63,49.99,422,385,0.0027833,,0.4
2023-056B,56287,STARLINK-30107,95.84,43,560,558,0.0001067,,0.36
2023-056C,56288,STARLINK-30106,95.84,43,560,558,0.0001033,,0.73
2023-056D,56289,STARLINK-30095,95.84,43,560,558,0.0001238,,0.56
2023-056E,56290,STARLINK-30103,95.84,43.01,560,558,0.0001066,,0.66
2023-056F,56291,STARLINK-30113,95.84,43,560,558,0.0001415,,0.72
2023-056G,56292,STARLINK-30098,95.84,43,560,558,0.0001495,,1.07
2023-056H,56293,STARLINK-30090,95.84,43,560,558,0.0001219,,0.34
2023-056J,56294,STARLINK-30049,95.84,43,561,558,0.0002229,,0.74
2023-056K,56295,STARLINK-30083,95.84,43,560,558,0.0001117,,0.48
2023-056L,56296,STARLINK-30089,95.84,43,560,558,0.0001249,,0.48
2023-056M,56297,STARLINK-30086,95.83,43,560,558,0.0001221,,0.36
2023-056N,56298,STARLINK-30109,95.84,43,560,558,0.0000994,,0.36
2023-056P,56299,STARLINK-30108,95.84,43,560,558,0.0001329,,0.72
2023-056Q,56300,STARLINK-30104,95.85,43,560,559,0.0001114,,0.54
2023-056R,56301,STARLINK-30101,95.84,43,564,554,0.000662,,0.37
2023-056S,56302,STARLINK-30111,95.84,43,560,558,0.0001291,,0.38
2023-056U,56304,STARLINK-30099,95.84,43,560,558,0.0001119,,1.05
2023-056V,56305,STARLINK-30094,95.84,43.01,560,558,0.0001043,,0.45
2023-056W,56306,STARLINK-30112,95.84,43,560,558,0.0001135,,0.71
2023-057A,56308,POEM-2,96.49,9.89,606,575,0.002269,,0.25
2023-057B,56309,LUMELITE-4,95.42,9.99,543,535,0.0006057,,0.52
2023-057C,56310,TELEOS-2,96.23,9.99,578,577,0.0000937,,0.49
2023-058A,56317,STARLINK-6038,95.92,97.66,564,562,0.0001297,,0.6
2023-058B,56318,STARLINK-5954,95.92,97.66,563,563,0.0000558,,0.54
2023-058C,56319,STARLINK-6039,95.92,97.66,564,562,0.0001705,,0.54
2023-058D,56320,STARLINK-5988,95.92,97.66,564,562,0.0001548,,0.6
2023-058E,56321,STARLINK-5876,95.92,97.66,564,562,0.0001937,,0.48
2023-058F,56322,STARLINK-6033,95.92,97.66,564,562,0.0000834,,0.53
2023-058G,56323,STARLINK-6035,95.92,97.66,564,562,0.0001771,,0.61
2023-058H,56324,STARLINK-6034,95.92,97.66,564,562,0.0001829,,0.54
2023-058J,56325,STARLINK-5981,95.92,97.66,565,561,0.0002513,,0.62
2023-058K,56326,STARLINK-5980,95.92,97.66,564,562,0.0001796,,0.47
2023-058L,56327,STARLINK-5997,95.92,97.66,566,560,0.0003945,,0.55
2023-058M,56328,STARLINK-5992,95.92,97.66,565,561,0.0002573,,0.55
2023-058N,56329,STARLINK-5984,95.92,97.66,566,561,0.0003608,,0.55
2023-058P,56330,STARLINK-5967,95.78,97.66,559,554,0.0003422,,0.52
2023-058Q,56331,STARLINK-5991,95.92,97.66,566,560,0.0004139,,0.56
2023-058R,56332,STARLINK-5093,95.92,97.66,565,561,0.0002216,,0.48
2023-058S,56333,STARLINK-5553,95.92,97.66,566,560,0.0004446,,0.56
2023-058T,56334,STARLINK-5548,95.92,97.66,566,560,0.0003812,,0.55
2023-058U,56335,STARLINK-5559,95.92,97.66,565,561,0.0003423,,0.56
2023-058V,56336,STARLINK-5562,95.92,97.66,565,561,0.0003337,,0.55
2023-058W,56337,STARLINK-5561,95.92,97.66,566,560,0.0004171,,0.56
2023-058X,56338,STARLINK-5554,95.92,97.66,566,560,0.0004871,,0.56
2023-058Y,56339,STARLINK-5552,95.92,97.66,565,561,0.0003159,,0.5
2023-058Z,56340,STARLINK-5540,95.92,97.66,566,560,0.0004184,,0.56
2023-058AA,56341,STARLINK-5543,95.92,97.66,566,560,0.0004143,,0.5
2023-058AB,56342,STARLINK-5955,95.92,97.66,566,560,0.0004089,,0.5
2023-058AC,56343,STARLINK-5976,95.92,97.66,564,562,0.0002126,,0.51
2023-058AD,56344,STARLINK-5974,95.92,97.65,564,562,0.0002118,,0.57
2023-058AE,56345,STARLINK-5979,95.92,97.66,564,562,0.0001599,,0.57
2023-058AF,56346,STARLINK-5837,95.92,97.66,564,562,0.0001887,,0.57
2023-058AG,56347,STARLINK-5829,95.92,97.66,564,562,0.0001604,,0.51
2023-058AH,56348,STARLINK-5888,95.92,97.65,565,561,0.0002166,,0.57
2023-058AJ,56349,STARLINK-5887,95.92,97.66,563,563,0.0000546,,0.52
2023-058AK,56350,STARLINK-5886,95.92,97.66,564,562,0.000114,,0.51
2023-058AL,56351,STARLINK-5891,95.92,97.66,563,563,0.000043,,0.52
2023-058AM,56352,STARLINK-5885,95.92,97.66,564,562,0.000091,,0.51
2023-058AN,56353,STARLINK-5874,95.92,97.66,564,562,0.0001347,,0.6
2023-058AP,56354,STARLINK-5877,95.92,97.66,564,562,0.0001213,,0.51
2023-058AQ,56355,STARLINK-5533,95.92,97.66,564,562,0.0001683,,0.52
2023-058AR,56356,STARLINK-5535,95.92,97.66,564,562,0.0001405,,0.59
2023-058AS,56357,STARLINK-5538,95.92,97.66,564,562,0.0001471,,0.59
2023-058AT,56358,STARLINK-5482,95.92,97.66,564,562,0.0001721,,0.52
2023-058AU,56359,STARLINK-5551,95.92,97.66,565,561,0.0002473,,0.52
2023-058AV,56360,STARLINK-5549,95.92,97.66,564,562,0.0001424,,0.52
2023-058AW,56361,STARLINK-5550,95.92,97.66,565,561,0.0002262,,0.53
2023-058AX,56362,STARLINK-5972,95.92,97.66,565,562,0.0002174,,0.53
2023-059A,56367,O3B MPOWER F4,287.93,0.05,8073,8058,0.0005108,,1.04
2023-059B,56368,O3B MPOWER F3,287.93,0.06,8075,8057,0.0006433,,1.17
2023-060A,56370,VIASAT-3,1436.09,0.01,35788,35784,0.0000479,*G,0.48
2023-060B,56371,ARCTURUS,1444.58,1.45,35970,35935,0.000415,*G,0.61
2023-060C,56372,GS-1,1436.55,1.4,35814,35777,0.0004331,*G,0.52
2023-061A,56374,STARLINK-6156,95.84,43,560,558,0.0001671,,0.56
2023-061B,56375,STARLINK-6158,95.84,43,560,558,0.0001077,,1.1
2023-061C,56376,STARLINK-6188,95.84,43,560,558,0.0001029,,0.52
2023-061D,56377,STARLINK-6189,95.84,43,560,558,0.0001092,,1.1
2023-061E,56378,STARLINK-6191,95.89,43,562,561,0.000109,,0.37
2023-061F,56379,STARLINK-6157,95.84,43,560,558,0.0001281,,0.38
2023-061G,56380,STARLINK-6161,95.84,43,560,558,0.0001085,,0.38
2023-061H,56381,STARLINK-6159,95.84,43,560,558,0.0000933,,0.38
2023-061J,56382,STARLINK-6160,95.84,43,560,558,0.0001361,,0.52
2023-061K,56383,STARLINK-6166,95.84,43,560,558,0.0000972,,0.52
2023-061L,56384,STARLINK-6153,95.84,43,560,558,0.0001214,,0.46
2023-061M,56385,STARLINK-6173,95.84,43,560,558,0.0001284,,0.39
2023-061N,56386,STARLINK-5836,95.84,43,560,558,0.0001318,,0.47
2023-061P,56387,STARLINK-6178,95.79,43,557,556,0.0001157,,0.47
2023-061Q,56388,STARLINK-6176,95.89,43.01,562,561,0.0000883,,0.54
2023-061R,56389,STARLINK-6145,95.84,43,560,558,0.0001235,,0.4
2023-061S,56390,STARLINK-6300,92.42,43,394,392,0.0001715,,0.5
2023-061T,56391,STARLINK-6298,95.84,43,560,558,0.0001183,,0.41
2023-061U,56392,STARLINK-6301,95.84,43,560,558,0.0001234,,0.54
2023-061V,56393,STARLINK-6303,95.84,43.01,560,558,0.0001261,,0.54
2023-061W,56394,STARLINK-6305,95.84,43,560,558,0.0000904,,0.48
2023-061X,56395,STARLINK-6273,95.84,43,560,558,0.0001259,,0.41
2023-061Y,56396,STARLINK-6302,95.84,43,560,558,0.0001747,,0.49
2023-061Z,56397,STARLINK-6271,95.84,43,560,558,0.0001356,,0.48
2023-061AA,56398,STARLINK-6288,95.84,43.01,560,558,0.0001595,,0.49
2023-061AB,56399,STARLINK-6277,95.84,43,560,558,0.0001802,,0.48
2023-061AC,56400,STARLINK-6267,95.84,43,560,558,0.000113,,0.56
2023-061AD,56401,STARLINK-6256,95.84,43,560,558,0.0001183,,0.49
2023-061AF,56403,STARLINK-6284,95.84,43,560,558,0.0001296,,0.49
2023-061AG,56404,STARLINK-6287,95.84,43,560,558,0.000139,,1.1
2023-061AH,56405,STARLINK-6285,95.84,43,560,558,0.0001028,,0.57
2023-061AJ,56406,STARLINK-6283,95.84,43,560,558,0.0001229,,0.45
2023-061AK,56407,STARLINK-6282,95.84,43,560,558,0.0001111,,0.57
2023-061AL,56408,STARLINK-6289,95.84,43,560,558,0.0001257,,0.79
2023-061AM,56409,STARLINK-6241,95.84,43,560,558,0.0001181,,0.44
2023-061AN,56410,STARLINK-6281,95.85,43,560,559,0.0000774,,0.72
2023-061AP,56411,STARLINK-6279,95.84,43,560,558,0.0001079,,0.44
2023-061AQ,56412,STARLINK-6278,95.84,43,560,558,0.0001091,,1.13
2023-061AR,56413,STARLINK-6258,95.85,42.99,563,557,0.000445,,0.78
2023-061AS,56414,STARLINK-5136,95.84,43,560,558,0.0001023,,0.53
2023-061AT,56415,STARLINK-6268,95.84,43,560,558,0.000104,,0.72
2023-061AU,56416,STARLINK-6260,95.84,43,560,558,0.0001222,,0.55
2023-061AV,56417,STARLINK-6261,95.84,43,560,558,0.0001418,,1.13
2023-061AW,56418,STARLINK-5356,95.84,43,560,558,0.0001014,,0.83
2023-061AX,56419,STARLINK-5350,95.84,43,560,558,0.0000911,,0.73
2023-061AY,56420,STARLINK-6272,95.84,43,560,558,0.0001497,,0.5
2023-061AZ,56421,STARLINK-6270,95.84,43,560,558,0.0001225,,0.48
2023-061BA,56422,STARLINK-6236,95.84,43,560,558,0.0001451,,0.5
2023-061BB,56423,STARLINK-6239,95.84,43,560,558,0.0001081,,0.5
2023-061BC,56424,STARLINK-6242,95.84,43,560,558,0.0001158,,0.51
2023-061BD,56425,STARLINK-6224,95.84,43,560,558,0.0001473,,1.51
2023-061BE,56426,STARLINK-5352,95.84,43,560,558,0.0001404,,0.73
2023-061BF,56427,STARLINK-5724,95.84,43,560,558,0.0001249,,1.47
2023-061BG,56428,STARLINK-6238,95.84,43,560,558,0.0001098,,0.45
2023-061BH,56429,STARLINK-6264,95.83,43,560,558,0.0001363,,0.46
2023-062A,56442,TROPICS-05,93.7,32.73,461,450,0.0008423,,0.92
2023-062C,56444,TROPICS-06,93.46,32.73,450,437,0.0009537,,0.94
2023-064A,56448,STARLINK-5990,96.11,70,574,570,0.0002952,,0.85
2023-064B,56449,STARLINK-5993,96.11,70,574,570,0.0002957,,0.9
2023-064C,56450,STARLINK-5970,96.11,70,574,570,0.0003311,,0.86
2023-064D,56451,STARLINK-5985,96.11,70,574,570,0.0003016,,0.57
2023-064E,56452,STARLINK-5986,96.11,70,574,570,0.0003118,,0.84
2023-064F,56453,STARLINK-5935,96.11,70,574,570,0.0003024,,0.85
2023-064G,56454,STARLINK-5959,96.11,70,574,570,0.0002969,,0.87
2023-064H,56455,STARLINK-5987,96.11,70,574,570,0.0003106,,0.27
2023-064J,56456,STARLINK-5995,96.11,70,574,570,0.0002978,,0.86
2023-064K,56457,STARLINK-5994,96.11,70,574,570,0.0002924,,0.86
2023-064L,56458,STARLINK-6050,96.11,70,574,570,0.0002817,,0.85
2023-064M,56459,STARLINK-6048,96.11,70,574,570,0.0002559,,0.95
2023-064N,56460,STARLINK-6047,96.11,70,574,570,0.0002989,,0.88
2023-064P,56461,STARLINK-6037,96.11,70,574,570,0.0002844,,0.89
2023-064Q,56462,STARLINK-6045,96.11,70,574,570,0.0003117,,1.01
2023-064R,56463,STARLINK-6051,96.11,70,574,570,0.00028,,0.32
2023-064S,56464,STARLINK-6043,96.11,70,574,570,0.0003109,,0.28
2023-064T,56465,STARLINK-6054,96.11,70,574,570,0.0002927,,1
2023-064U,56466,STARLINK-6053,96.11,70,574,570,0.0002806,,0.89
2023-064V,56467,STARLINK-6055,96.11,70,574,570,0.000284,,0.33
2023-064W,56468,STARLINK-5998,96.11,70,574,570,0.000292,,0.9
2023-064X,56469,STARLINK-5518,96.11,70,574,570,0.0002817,,0.92
2023-064Y,56470,STARLINK-5523,96.11,70,574,570,0.0002916,,0.93
2023-064Z,56471,STARLINK-5521,96.11,70,574,570,0.0003043,,0.34
2023-064AA,56472,STARLINK-5038,96.11,70,574,570,0.0002815,,0.35
2023-064AB,56473,STARLINK-5486,96.11,70,574,570,0.0003028,,0.35
2023-064AC,56474,STARLINK-5524,96.11,70,574,570,0.0002786,,0.33
2023-064AD,56475,STARLINK-5541,96.11,70,574,570,0.0002696,,0.35
2023-064AE,56476,STARLINK-5545,96.11,70,574,570,0.0002762,,0.34
2023-064AF,56477,STARLINK-5534,96.11,70,574,570,0.000303,,0.9
2023-064AG,56478,STARLINK-6041,96.11,70,574,570,0.0002848,,0.35
2023-064AH,56479,STARLINK-6044,96.11,70,574,570,0.000296,,0.91
2023-064AJ,56480,STARLINK-6214,95.41,70,541,536,0.0003824,,0.94
2023-064AK,56481,STARLINK-6222,96.11,70,574,570,0.0002935,,0.91
2023-064AL,56482,STARLINK-6220,96.11,70,574,570,0.0003018,,0.36
2023-064AM,56483,STARLINK-5868,96.11,70,574,570,0.0003239,,0.9
2023-064AN,56484,STARLINK-6221,96.11,70,574,570,0.0002941,,0.9
2023-064AP,56485,STARLINK-6210,96.11,70,574,570,0.0002913,,0.92
2023-064AQ,56486,STARLINK-6201,96.11,70,574,570,0.0002889,,0.91
2023-064AR,56487,STARLINK-6196,96.11,70,574,570,0.0002878,,0.93
2023-064AS,56488,STARLINK-6204,96.11,70,574,570,0.0003131,,0.96
2023-064AT,56489,STARLINK-5923,96.11,70,574,570,0.0002788,,0.97
2023-064AU,56490,STARLINK-5873,96.11,70,575,569,0.0004011,,0.95
2023-064AV,56491,STARLINK-5842,96.11,70,574,570,0.0003006,,0.98
2023-064AW,56492,STARLINK-5846,96.11,70,574,570,0.0002955,,0.98
2023-064AX,56493,STARLINK-5841,96.16,70,577,573,0.0002847,,1
2023-064AY,56494,STARLINK-5530,96.11,70,574,570,0.00029,,0.98
2023-064AZ,56495,STARLINK-5529,96.11,70,574,570,0.0002783,,0.99
2023-064BA,56496,STARLINK-5526,96.11,70,574,570,0.0002921,,0.99
2023-064BB,56497,STARLINK-5527,96.11,70,574,570,0.0002879,,1
2023-064BC,56498,STARLINK-5522,96.11,70,574,570,0.0003036,,0.65
2023-065A,56503,STARLINK-5775,95.84,43,560,558,0.0000796,,0.75
2023-065B,56504,STARLINK-5716,95.84,43,560,558,0.0001401,,0.55
2023-065C,56505,STARLINK-5763,95.84,43,560,558,0.0001083,,0.76
2023-065D,56506,STARLINK-5340,95.84,43,560,558,0.0000894,,0.75
2023-065E,56507,STARLINK-5333,95.84,43,560,558,0.0001203,,0.48
2023-065F,56508,STARLINK-5335,95.84,43,560,558,0.0001237,,0.49
2023-065G,56509,STARLINK-5334,95.84,43,560,558,0.0002006,,1.03
2023-065H,56510,STARLINK-5339,95.84,43,560,558,0.0001227,,0.49
2023-065J,56511,STARLINK-5351,95.84,43,560,558,0.0001289,,0.37
2023-065K,56512,STARLINK-5349,95.84,43,560,558,0.0001198,,0.56
2023-065L,56513,STARLINK-5329,95.84,43,560,558,0.0001304,,0.37
2023-065N,56515,STARLINK-5348,95.84,43,560,558,0.0001554,,0.77
2023-065P,56516,STARLINK-5342,95.84,43,560,558,0.000117,,0.37
2023-065Q,56517,STARLINK-5345,95.84,43,560,559,0.0000785,,0.38
2023-065R,56518,STARLINK-5346,95.84,43,560,558,0.0001236,,0.51
2023-065S,56519,STARLINK-6313,95.84,43,560,558,0.0001273,,0.72
2023-065T,56520,STARLINK-6344,95.84,43,560,558,0.0001386,,0.78
2023-065U,56521,STARLINK-6333,95.84,43,560,559,0.0000838,,0.75
2023-065V,56522,STARLINK-6327,95.84,43.01,560,558,0.0001199,,0.39
2023-065W,56523,STARLINK-6328,95.84,43,560,558,0.0000843,,0.34
2023-065X,56524,STARLINK-6323,95.84,43,560,558,0.0001252,,0.33
2023-065Y,56525,STARLINK-6329,95.84,43,560,558,0.0001201,,0.75
2023-065Z,56526,STARLINK-6317,95.84,43,560,558,0.0001213,,0.34
2023-065AA,56527,STARLINK-6335,95.84,43,560,558,0.0001225,,0.35
2023-065AB,56528,STARLINK-6337,95.84,43,560,559,0.0000868,,0.41
2023-065AC,56529,STARLINK-6307,95.84,43,560,558,0.0001191,,1.42
2023-065AD,56530,STARLINK-6318,95.84,43,560,558,0.0001207,,0.57
2023-065AE,56531,STARLINK-6280,95.84,43,560,558,0.0001851,,0.43
2023-065AF,56532,STARLINK-6319,95.84,43,560,558,0.0001102,,0.75
2023-065AG,56533,STARLINK-6310,95.84,43,560,558,0.0001091,,1.1
2023-065AH,56534,STARLINK-6308,95.84,43,560,558,0.0001105,,0.49
2023-065AJ,56535,STARLINK-6309,95.84,43,560,558,0.0001533,,0.7
2023-065AK,56536,STARLINK-6312,95.79,43,557,556,0.0001168,,0.37
2023-065AL,56537,STARLINK-6311,95.84,43,560,558,0.0001027,,0.7
2023-065AM,56538,STARLINK-6314,95.89,43,562,561,0.0001082,,0.53
2023-065AN,56539,STARLINK-6135,95.84,43,560,558,0.0001053,,0.71
2023-065AP,56540,STARLINK-6136,95.78,43,558,555,0.0001819,,0.7
2023-065AQ,56541,STARLINK-6249,95.84,43,560,558,0.0001158,,0.38
2023-065AR,56542,STARLINK-6266,95.84,43,560,558,0.0001228,,0.38
2023-065AS,56543,STARLINK-6228,95.74,43,556,552,0.0002501,,0.34
2023-065AT,56544,STARLINK-6226,95.78,43,557,556,0.000127,,0.52
2023-065AU,56545,STARLINK-6086,95.84,43,560,558,0.0001211,,0.66
2023-065AV,56546,STARLINK-6187,95.84,43.01,560,558,0.0000947,,0.52
2023-065AW,56547,STARLINK-6291,95.79,43,557,556,0.0000971,,0.67
2023-065AX,56548,STARLINK-6244,95.84,43,560,558,0.0001437,,0.52
2023-065AY,56549,STARLINK-6263,95.84,43.01,560,558,0.0001203,,1
2023-065AZ,56550,STARLINK-6255,95.84,43,559,559,0.0000485,,0.66
2023-065BA,56551,STARLINK-6199,95.84,43,560,558,0.0000997,,1.01
2023-065BB,56552,STARLINK-5802,95.84,43,560,558,0.0001298,,1
2023-065BC,56553,STARLINK-6074,95.84,43.01,560,558,0.0001272,,0.35
2023-065BD,56554,STARLINK-6295,95.84,43.01,560,558,0.0001479,,0.34
2023-065BE,56555,STARLINK-6252,95.84,43.01,560,558,0.0001324,,0.69
2023-065BF,56556,STARLINK-5302,95.84,43.01,560,558,0.0001228,,0.35
2023-065BG,56557,STARLINK-6265,95.84,43.01,560,558,0.0001326,,0.36
2023-065BH,56558,STARLINK-6286,95.89,43,562,561,0.0001185,,0.35
2023-066A,56564,BEIDOU-3 G4,1436.07,1.58,35796,35776,0.0002457,*G,0.78
2023-067A,56688,STARLINK-30122,95.84,43,560,558,0.0001309,,0.5
2023-067B,56689,STARLINK-30129,95.84,43,560,558,0.0001253,,0.51
2023-067C,56690,STARLINK-30124,95.84,43.01,560,558,0.0001708,,0.25
2023-067E,56692,STARLINK-30036,95.84,43.01,560,559,0.0000759,,0.59
2023-067F,56693,STARLINK-30067,95.84,43.01,560,558,0.0001637,,0.27
2023-067G,56694,STARLINK-30126,95.84,43,560,558,0.0001725,,0.59
2023-067H,56695,STARLINK-30121,95.84,43,560,559,0.0000629,,0.47
2023-067K,56697,STARLINK-30130,95.84,43,560,559,0.0000546,,0.23
2023-067L,56698,STARLINK-30068,95.84,43.01,560,558,0.0001353,,0.49
2023-067M,56699,STARLINK-30127,95.84,43,560,558,0.0001416,,0.6
2023-067N,56700,STARLINK-30053,95.84,43.01,560,558,0.0001569,,0.48
2023-067P,56701,STARLINK-30125,95.84,43.01,560,558,0.00016,,0.54
2023-067Q,56702,STARLINK-30117,95.84,43,560,558,0.0001356,,0.51
2023-067R,56703,STARLINK-30132,95.84,43,560,558,0.0001466,,0.55
2023-067S,56704,STARLINK-30066,95.84,43,560,558,0.0001328,,0.57
2023-067T,56705,STARLINK-30080,95.84,43,560,558,0.0001199,,0.49
2023-067U,56706,STARLINK-30079,95.84,43.01,560,558,0.0001202,,0.49
2023-067V,56707,STARLINK-30070,95.84,43,560,558,0.0001248,,0.55
2023-067W,56708,STARLINK-30071,95.84,43.01,561,558,0.0002287,,0.5
2023-067X,56709,STARLINK-30085,95.84,43,560,558,0.0001319,,0.49
2023-068A,56710,ONEWEB-0561,109.03,87.92,1183,1181,0.0001198,,0.51
2023-068B,56711,ONEWEB-0668,109.37,87.91,1200,1196,0.0002369,,0.58
2023-068C,56712,ONEWEB-0676,109.37,87.91,1199,1197,0.0001285,,0.6
2023-068D,56713,ONEWEB-0677,109.03,87.92,1183,1180,0.0001732,,0.52
2023-068E,56714,ONEWEB-0678,109.46,87.91,1203,1201,0.0001617,,0.59
2023-068F,56715,ONEWEB-0679,109.37,87.91,1199,1196,0.0001982,,0.63
2023-068G,56716,ONEWEB-0680,108.94,87.93,1180,1176,0.0002471,,0.58
2023-068H,56717,ONEWEB-0681,108.94,87.93,1179,1177,0.0001344,,0.64
2023-068J,56718,ONEWEB-0682,109.46,87.91,1203,1200,0.0002203,,0.57
2023-068K,56719,ONEWEB-0683,109.46,87.91,1203,1200,0.0002059,,0.62
2023-068L,56720,ONEWEB-0684,109.46,87.91,1204,1200,0.0002339,,0.62
2023-068M,56721,ONEWEB-0686,109.37,87.91,1199,1196,0.000209,,0.56
2023-068N,56722,ONEWEB-0694,109.37,87.91,1199,1196,0.0002124,,0.67
2023-068P,56723,ONEWEB-0696,109.46,87.91,1203,1201,0.000168,,0.58
2023-068Q,56724,ONEWEB-0703,109.46,87.91,1202,1201,0.0000901,,0.57
2023-068R,56725,ONEWEB-0721,105.68,86.67,1031,1021,0.0007203,,0.25
2023-068S,56726,IRIDIUM 181,99.77,86.45,749,746,0.0002689,,0.7
2023-068T,56727,IRIDIUM 177,97.28,86.2,630,627,0.0001859,,0.45
2023-068U,56728,IRIDIUM 174,97.28,86.2,630,627,0.0002407,,0.59
2023-068V,56729,IRIDIUM 178,97.28,86.58,631,626,0.000294,,0.79
2023-068W,56730,IRIDIUM 179,97.28,86.68,630,627,0.0002322,,0.73
2023-069A,56731,2023-069A,93.25,41,454,413,0.0029535,,0.23
2023-069B,56732,2023-069B,95.18,41.01,532,522,0.000685,,0.25
2023-069C,56733,2023-069C,91.6,41,375,332,0.0032056,,0.25
2023-072A,56743,NEXTSAT-2,94.85,97.54,517,506,0.0007736,,0.23
2023-072B,56744,SNIPE 4,94.6,97.54,506,492,0.0010209,,0.26
2023-072C,56745,SNIPE 2,94.56,97.56,502,492,0.0007345,,0.29
2023-072D,56746,2023-072D,94.27,97.54,488,479,0.0006274,,0.26
2023-072E,56747,2023-072E,94.45,97.54,497,487,0.0007054,,0.27
2023-072F,56748,2023-072F,94.76,97.53,512,501,0.0008247,,0.29
2023-072G,56749,2023-072G,94.42,97.52,495,485,0.0007626,,0.25
2023-073B,56753,TROPICS-03,93.74,32.73,463,452,0.0007613,,0.6
2023-073C,56754,TROPICS-07,93.47,32.73,451,438,0.0009714,,0.42
2023-074A,56756,KONDOR-FKA NO. 1,94.75,97.44,508,505,0.0001929,,0.29
2023-075A,56757,ARABSAT-7B (BADR-8),1436.08,0.07,35806,35766,0.0004728,*G,0.6
2023-076A,56759,IRNSS-1J (NVS-01),1436.11,3.44,35819,35754,0.0007729,*G,0.79
2023-078A,56767,STARLINK-6197,96.1,70,574,570,0.0002898,,0.26
2023-078B,56768,STARLINK-6198,96.11,70,574,570,0.0002913,,0.61
2023-078C,56769,STARLINK-5978,96.11,70,574,570,0.0002869,,0.27
2023-078D,56770,STARLINK-6342,96.11,70,574,570,0.0002807,,0.27
2023-078E,56771,STARLINK-6339,94.44,70,494,490,0.0002784,,0.25
2023-078F,56772,STARLINK-6275,96.11,70,574,570,0.0002467,,0.28
2023-078G,56773,STARLINK-6296,96.11,70,574,570,0.0002695,,0.57
2023-078H,56774,STARLINK-6190,96.16,70,577,573,0.000279,,0.59
2023-078J,56775,STARLINK-6292,96.11,70,574,570,0.0002879,,0.58
2023-078K,56776,STARLINK-6274,96.11,70,574,570,0.0002737,,0.62
2023-078L,56777,STARLINK-5582,96.11,70,574,570,0.0002883,,0.33
2023-078M,56778,STARLINK-6304,96.11,70,574,570,0.0002792,,0.56
2023-078N,56779,STARLINK-6231,96.11,70,574,570,0.0002757,,0.51
2023-078P,56780,STARLINK-5963,96.11,70,574,570,0.0002574,,0.33
2023-078Q,56781,STARLINK-5989,96.11,70,574,570,0.0002573,,0.61
2023-078R,56782,STARLINK-6352,96.11,70,574,570,0.0002985,,0.56
2023-078S,56783,STARLINK-6357,96.11,70,574,570,0.0002772,,0.64
2023-078T,56784,STARLINK-6354,96.11,70,574,570,0.0002623,,0.36
2023-078U,56785,STARLINK-5931,96.11,70,574,570,0.0002704,,0.61
2023-078V,56786,STARLINK-6341,96.11,70,574,570,0.0002847,,0.37
2023-078W,56787,STARLINK-6326,96.11,70,574,570,0.0002507,,0.6
2023-078X,56788,STARLINK-6336,96.11,70,574,570,0.0003068,,0.38
2023-078Y,56789,STARLINK-6325,96.11,70,574,570,0.000285,,0.6
2023-078Z,56790,STARLINK-6345,96.11,70,574,570,0.0002635,,0.66
2023-078AA,56791,STARLINK-5977,96.11,70,574,570,0.0002625,,0.58
2023-078AB,56792,STARLINK-6046,96.11,70,574,570,0.0003015,,0.6
2023-078AC,56793,STARLINK-6052,96.11,70,574,570,0.0002547,,0.56
2023-078AD,56794,STARLINK-6060,96.11,70,574,570,0.0002765,,0.39
2023-078AE,56795,STARLINK-6061,96.11,70,574,570,0.0002767,,0.61
2023-078AF,56796,STARLINK-6049,96.11,70,574,570,0.0002704,,0.61
2023-078AG,56797,STARLINK-6058,96.1,70,576,567,0.0006365,,0.33
2023-078AH,56798,STARLINK-6068,96.11,70,574,570,0.0002761,,0.59
2023-078AJ,56799,STARLINK-5953,96.11,70,574,570,0.0002973,,0.29
2023-078AK,56800,STARLINK-6036,96.11,70,574,570,0.0002744,,0.29
2023-078AL,56801,STARLINK-6087,96.11,70,574,570,0.0002767,,0.34
2023-078AM,56802,STARLINK-6070,96.11,70,574,570,0.0002941,,0.39
2023-078AN,56803,STARLINK-6029,96.11,70,574,570,0.0003054,,0.3
2023-078AP,56804,STARLINK-6069,96.11,70,574,570,0.0002465,,0.59
2023-078AQ,56805,STARLINK-6064,96.11,70,574,570,0.0002403,,0.59
2023-078AR,56806,STARLINK-6072,96.11,70,574,570,0.0002881,,0.56
2023-078AS,56807,STARLINK-6073,96.11,70,574,570,0.0002691,,0.61
2023-078AT,56808,STARLINK-6042,96.05,70,571,567,0.0002737,,0.52
2023-078AU,56809,STARLINK-6040,96.11,70,574,570,0.0002873,,0.59
2023-078AV,56810,STARLINK-6031,96.11,70,574,570,0.0002826,,0.57
2023-078AW,56811,STARLINK-6063,96.11,70,574,570,0.0002686,,0.62
2023-078AX,56812,STARLINK-6065,96.11,70,574,570,0.0002429,,0.54
2023-078AY,56813,STARLINK-6056,96.11,70,574,570,0.0002752,,0.59
2023-078AZ,56814,STARLINK-6059,96.11,70,574,570,0.0002892,,0.58
2023-078BA,56815,STARLINK-6057,96.09,70,573,569,0.0003349,,0.56
2023-078BB,56816,STARLINK-6067,96.11,70,574,570,0.0002719,,0.61
2023-078BC,56817,STARLINK-5982,96.11,70,574,570,0.0002263,,0.57
2023-078BD,56818,STARLINK-6028,96.11,70,574,570,0.0002687,,0.59
2023-079A,56823,STARLINK-30119,95.84,43,560,558,0.0000894,,0.57
2023-079B,56824,STARLINK-30120,95.84,43,560,558,0.0001308,,0.57
2023-079C,56825,STARLINK-30084,95.84,43,560,558,0.0001088,,0.57
2023-079D,56826,STARLINK-30114,95.84,43,560,558,0.000162,,0.62
2023-079E,56827,STARLINK-30151,95.84,43,560,558,0.0001228,,0.65
2023-079F,56828,STARLINK-30152,95.84,43,561,558,0.0002101,,0.58
2023-079K,56832,STARLINK-30128,95.84,43,560,558,0.0001182,,0.68
2023-079L,56833,STARLINK-30131,95.84,43,560,558,0.0001224,,0.69
2023-079M,56834,STARLINK-30069,95.84,43,560,558,0.0001285,,0.59
2023-079N,56835,STARLINK-30144,95.84,43,560,558,0.0001082,,0.66
2023-079P,56836,STARLINK-30142,95.84,43,560,558,0.0001575,,0.66
2023-079Q,56837,STARLINK-30133,95.84,43,560,558,0.000142,,0.66
2023-079R,56838,STARLINK-30123,95.62,43,551,546,0.0003828,,0.65
2023-079S,56839,STARLINK-30076,95.84,43,560,558,0.0001275,,0.67
2023-079T,56840,STARLINK-30073,94.37,43,489,488,0.0000703,,0.64
2023-079U,56841,STARLINK-30078,95.84,43,560,559,0.0000849,,0.67
2023-079V,56842,STARLINK-30135,95.84,43,560,558,0.0001201,,0.56
2023-079W,56843,STARLINK-30137,95.84,43,560,558,0.0001113,,0.58
2023-079X,56844,STARLINK-30136,95.84,43,560,559,0.0000603,,0.62
2023-081A,56846,2023-081A,94.79,97.41,509,507,0.0001698,,0.32
2023-081B,56847,2023-081B,93.47,97.35,445,444,0.0000402,,0.23
2023-081F,56851,2023-081F,93.47,97.35,445,444,0.0000465,,0.23
2023-081L,56856,2023-081L,93.47,97.35,444,444,0.0000216,,0.23
2023-081N,56858,2023-081N,93.47,97.35,445,444,0.0000349,,0.23
2023-081W,56866,2023-081W,94.79,97.36,519,498,0.0014621,,0.26
2023-082A,56874,LONGJIANG 3,93.75,49.12,460,456,0.0002917,,0.26
2023-083A,56876,STARLINK-6206,95.84,43,560,558,0.000142,,0.85
2023-083B,56877,STARLINK-6209,95.84,43,560,558,0.0001385,,1.06
2023-083C,56878,STARLINK-6182,95.84,43,560,558,0.0001304,,0.65
2023-083D,56879,STARLINK-5707,95.84,43,560,558,0.0001347,,0.72
2023-083E,56880,STARLINK-6177,95.79,43,557,556,0.000128,,0.67
2023-083F,56881,STARLINK-5853,95.84,43,560,558,0.000126,,0.73
2023-083G,56882,STARLINK-6175,95.84,43,560,558,0.0001153,,0.67
2023-083H,56883,STARLINK-6171,95.84,43,560,558,0.0001116,,1.13
2023-083J,56884,STARLINK-5515,95.84,43,560,558,0.0001368,,0.68
2023-083K,56885,STARLINK-5095,95.84,43,560,558,0.0001057,,0.67
2023-083L,56886,STARLINK-5496,95.84,43,560,558,0.0001069,,0.75
2023-083M,56887,STARLINK-6180,95.84,43,560,558,0.0001318,,0.68
2023-083N,56888,STARLINK-6181,95.84,43,560,559,0.0000658,,0.69
2023-083P,56889,STARLINK-6169,95.84,43,560,558,0.0001294,,0.82
2023-083Q,56890,STARLINK-5528,95.84,43,559,559,0.0000589,,0.63
2023-083R,56891,STARLINK-6213,95.84,43,560,558,0.0001038,,1.09
2023-083S,56892,STARLINK-6219,95.84,43,560,558,0.0001147,,1.1
2023-083T,56893,STARLINK-6216,95.84,43,560,558,0.000184,,0.62
2023-083U,56894,STARLINK-6144,95.84,43,560,558,0.00014,,0.83
2023-083V,56895,STARLINK-6208,95.82,43,559,557,0.0001642,,1.03
2023-083W,56896,STARLINK-6202,95.84,43,560,558,0.0000993,,0.64
2023-083X,56897,STARLINK-6200,95.84,43,560,558,0.0001491,,1.1
2023-083Y,56898,STARLINK-6205,95.84,43,560,558,0.0001322,,0.65
2023-083Z,56899,STARLINK-6203,95.84,43,560,558,0.000133,,0.84
2023-083AA,56900,STARLINK-6207,95.84,43,560,558,0.0001106,,0.71
2023-083AB,56901,STARLINK-6185,95.84,43,560,558,0.0001576,,0.72
2023-083AC,56902,STARLINK-6195,95.84,43,560,558,0.000101,,0.71
2023-083AD,56903,STARLINK-6192,95.84,43,560,558,0.0001115,,0.71
2023-083AE,56904,STARLINK-6193,95.84,43,560,558,0.0001609,,0.8
2023-083AF,56905,STARLINK-6183,95.79,43,558,556,0.0001326,,0.71
2023-083AG,56906,STARLINK-6098,95.84,43,560,558,0.0001169,,0.72
2023-083AH,56907,STARLINK-6110,95.84,43,560,558,0.0001012,,1.12
2023-083AJ,56908,STARLINK-6186,95.84,43,560,558,0.0001169,,0.73
2023-083AK,56909,STARLINK-5999,95.84,43,560,558,0.0001319,,1.18
2023-083AL,56910,STARLINK-6179,95.84,43,560,558,0.0001586,,0.8
2023-083AM,56911,STARLINK-6116,95.84,43.01,560,558,0.0001386,,0.72
2023-083AN,56912,STARLINK-5805,95.84,43,560,558,0.0001624,,0.81
2023-083AP,56913,STARLINK-5950,95.84,43,560,558,0.0001294,,0.66
2023-083AQ,56914,STARLINK-5961,95.84,43,560,558,0.0001363,,0.75
2023-083AR,56915,STARLINK-5965,95.84,43,560,559,0.0000755,,0.73
2023-083AS,56916,STARLINK-5973,95.79,43,557,556,0.0001233,,0.69
2023-083AT,56917,STARLINK-5971,95.84,43,560,558,0.0001779,,0.74
2023-083AU,56918,STARLINK-5951,95.84,43,560,558,0.0001559,,0.69
2023-083AV,56919,STARLINK-5966,95.84,43,560,558,0.0001176,,0.88
2023-083AW,56920,STARLINK-5960,95.84,43,560,559,0.0000732,,0.89
2023-083AX,56921,STARLINK-5958,95.84,43,560,558,0.000118,,0.68
2023-083AY,56922,STARLINK-5937,95.79,43,558,555,0.0001948,,0.77
2023-083AZ,56923,STARLINK-5952,95.84,43,560,558,0.0001525,,0.89
2023-083BA,56924,STARLINK-5731,95.84,43,560,558,0.0001225,,0.71
2023-083BB,56925,STARLINK-5733,95.84,43,560,558,0.0001598,,0.7
2023-083BC,56926,STARLINK-5746,95.82,43,560,557,0.000185,,0.77
2023-083BD,56927,STARLINK-5808,95.84,43,560,558,0.0001181,,1.09
2023-084B,56933,OTTER PUP,93.73,97.55,460,454,0.0004821,,0.62
2023-084C,56934,GEISAT PRECURSOR,94.43,97.56,496,486,0.0007027,,0.2
2023-084F,56937,EIVE,92.53,97.54,402,395,0.0004597,,0.2
2023-084H,56939,LAYAN-23,92.66,97.54,406,404,0.0001837,,0.29
2023-084K,56941,2023-084K,89.2,97.52,242,228,0.0010332,*D,0.32
2023-084L,56942,AFRL-XVI,93.18,97.55,432,428,0.0003457,,0.57
2023-084M,56943,NUSAT-40 (C SHOEMAKER),93.96,97.44,473,463,0.0006885,,0.22
2023-084N,56944,NUSAT-41 (C PAYNE-G),94.13,97.49,480,473,0.000483,,0.24
2023-084Q,56946,GREGOIRE,94.34,97.56,492,481,0.0007991,,0.6
2023-084R,56947,ICEYE-X30,93.99,97.55,476,463,0.0008846,,0.56
2023-084T,56949,ICEYE-X23,93.84,97.55,468,456,0.000861,,0.24
2023-084U,56950,BLACKJACK ACES-3,94.51,97.56,500,490,0.0007433,,0.62
2023-084W,56952,BLACKJACK ACES-4,93.58,97.56,454,445,0.0007054,,0.63
2023-084X,56953,RUNNER-1 (TYVAK-1005),94.42,97.56,497,484,0.0009652,,0.61
2023-084Y,56954,HOTSAT-1,94.58,97.56,505,491,0.0010017,,0.21
2023-084Z,56955,BLACKJACK ACES-2,94.51,97.56,500,489,0.0007587,,0.71
2023-084AA,56956,BLACKJACK ACES-1,94.52,97.55,501,490,0.0007965,,0.6
2023-084AB,56957,ION SCV-011,94.69,98.09,509,497,0.0008849,,0.63
2023-084AC,56958,GHOST-3,94.2,97.56,486,474,0.0009177,,0.57
2023-084AE,56960,ORBITER SN3,94.48,97.56,500,487,0.0009861,,0.22
2023-084AF,56961,ICEYE-X26,93.75,97.55,460,457,0.0002141,,0.6
2023-084AG,56962,TOMORROW-R2,93.85,97.55,468,457,0.0008274,,0.6
2023-084AH,56963,ICEYE-X25,94.46,97.55,499,486,0.0009812,,0.2
2023-084AJ,56964,AFR-1,94.63,97.56,509,493,0.0011682,,0.22
2023-084AK,56965,DROID.001,93.73,97.55,463,452,0.0008057,,0.61
2023-084AL,56966,NUSAT-42 (M WONENBURGER),93.94,97.51,471,463,0.0005737,,0.21
2023-084AN,56968,NUSAT-43 (R DIENG-KUNTZ),93.86,97.4,469,458,0.0008211,,0.26
2023-084AQ,56970,LEMUR-2-EMBRIONOVIS,94.34,97.56,494,479,0.0011019,,0.66
2023-084BG,56986,AYRIS-2,92.76,97.55,416,403,0.0009518,,0.25
2023-084BH,56987,AII-DELTA,89.1,97.5,238,223,0.0011337,*D,0.35
2023-084BJ,56988,AYRIS-1,92.76,97.54,416,404,0.0008815,,0.26
2023-084BT,56991,SPEI SATELLES,92.34,97.54,393,385,0.0006152,,0.57
2023-084BU,56992,URESAT-1,91.2,97.53,339,327,0.0009382,,0.63
2023-084BX,56995,AAC-HSI-SAT2,95.06,97.75,532,512,0.0014495,,0.25
2023-084BY,56996,AAC-AIS-SAT2,97.26,98.08,671,584,0.0061935,,0.26
2023-085A,57004,2023-085A,95.01,97.48,526,512,0.0009543,,0.57
2023-085B,57005,2023-085B,94.23,97.47,485,477,0.0006131,,0.58
2023-085C,57006,2023-085C,94.17,97.47,483,475,0.0005786,,0.58
2023-085D,57007,2023-085D,93.67,97.47,458,450,0.0006059,,0.54
2023-085E,57008,2023-085E,94.15,97.47,482,473,0.0006977,,0.55
2023-085F,57009,2023-085F,94.2,97.47,484,475,0.0006855,,0.3
2023-085G,57010,2023-085G,94.05,97.47,477,468,0.000635,,0.54
2023-085H,57011,2023-085H,94.28,97.47,488,479,0.000665,,0.54
2023-085J,57012,2023-085J,94.88,97.47,520,506,0.0009898,,0.53
2023-085K,57013,2023-085K,94.09,97.47,479,470,0.0006604,,0.57
2023-085L,57014,2023-085L,94.97,97.48,522,512,0.0007244,,0.55
2023-085M,57015,2023-085M,94.06,97.47,477,468,0.0006356,,0.25
2023-085N,57016,2023-085N,93.67,97.47,458,450,0.000623,,0.55
2023-085P,57017,2023-085P,94.18,97.47,483,475,0.0006341,,0.54
2023-085Q,57018,2023-085Q,93.65,97.47,458,448,0.0006885,,0.58
2023-085R,57019,2023-085R,94.14,97.47,482,472,0.0006938,,0.58
2023-085S,57020,2023-085S,93.64,97.47,457,448,0.0006388,,0.54
2023-085T,57021,2023-085T,93.75,97.46,462,453,0.0006583,,0.25
2023-085U,57022,2023-085U,93.64,97.47,458,448,0.0006976,,0.57
2023-085V,57023,2023-085V,94.89,97.47,520,507,0.0009232,,0.53
2023-085W,57024,2023-085W,93.68,97.47,459,450,0.0006922,,0.56
2023-085X,57025,2023-085X,93.66,97.47,458,449,0.0006623,,0.56
2023-085Y,57026,2023-085Y,94.82,97.47,514,505,0.0006712,,0.53
2023-085Z,57027,2023-085Z,93.72,97.46,461,452,0.0007103,,0.59
2023-085AA,57028,2023-085AA,93.66,97.47,458,449,0.0007107,,0.54
2023-085AB,57029,2023-085AB,93.64,97.47,457,448,0.0006649,,0.34
2023-085AC,57030,2023-085AC,93.81,97.46,465,456,0.0007084,,0.27
2023-085AD,57031,2023-085AD,94.89,97.47,523,504,0.0013736,,0.55
2023-085AE,57032,2023-085AE,93.68,97.47,459,450,0.0007127,,0.57
2023-085AF,57033,2023-085AF,94.02,97.47,476,466,0.0007946,,0.34
2023-085AG,57034,2023-085AG,93.69,97.47,460,450,0.0007054,,0.55
2023-085AH,57035,2023-085AH,93.69,97.47,460,450,0.0006987,,0.56
2023-085AJ,57036,2023-085AJ,95.13,97.47,533,517,0.0011266,,0.59
2023-085AK,57037,2023-085AK,95.13,97.47,532,517,0.0010804,,0.53
2023-085AL,57038,2023-085AL,94.86,97.47,520,504,0.0011888,,0.55
2023-085AM,57039,2023-085AM,93.69,97.47,460,450,0.0006957,,0.57
2023-085AN,57040,2023-085AN,93.6,97.46,456,446,0.000727,,0.54
2023-085AP,57041,2023-085AP,93.77,97.47,464,454,0.0007359,,0.57
2023-085AQ,57042,2023-085AQ,93.68,97.46,459,449,0.0007447,,0.58
2023-085AR,57043,2023-085AR,93.69,97.47,460,450,0.0007526,,0.57
2023-085AS,57044,2023-085AS,94.82,97.47,519,501,0.0012775,,0.53
2023-086A,57045,NUSANTARA TIGA (SATRIA),1436.1,0.03,35811,35763,0.000571,*G,0.5
2023-087A,57047,SHIYAN 25 (SY-25),89.97,96.45,277,269,0.0005705,*D,0.39
2023-088A,57048,STARLINK-5847,92.4,43,394,391,0.0001846,,0.33
2023-088B,57049,STARLINK-5850,95.84,43,560,558,0.0001298,,0.58
2023-088C,57050,STARLINK-5845,95.84,43,560,558,0.0001052,,0.6
2023-088D,57051,STARLINK-5839,95.84,43,560,558,0.0001254,,0.66
2023-088E,57052,STARLINK-5860,95.84,43,560,558,0.000128,,0.66
2023-088F,57053,STARLINK-5865,95.84,43,560,558,0.0001183,,0.61
2023-088G,57054,STARLINK-5881,95.84,43,560,558,0.0001595,,0.5
2023-088H,57055,STARLINK-6237,95.84,43,560,558,0.0001216,,0.6
2023-088J,57056,STARLINK-6353,95.84,43,560,558,0.000098,,0.68
2023-088K,57057,STARLINK-6223,95.84,43,560,559,0.000082,,1.35
2023-088L,57058,STARLINK-6217,95.84,43,562,557,0.0003891,,0.61
2023-088M,57059,STARLINK-6211,95.89,43,564,559,0.0003984,,0.55
2023-088N,57060,STARLINK-6227,95.89,43,562,561,0.0001024,,0.61
2023-088P,57061,STARLINK-5869,95.84,43,560,558,0.0001322,,0.7
2023-088Q,57062,STARLINK-5536,95.84,43,560,558,0.0001174,,1.1
2023-088R,57063,STARLINK-5832,95.84,43,560,558,0.000108,,0.57
2023-088S,57064,STARLINK-5822,95.89,43,563,561,0.0001383,,0.69
2023-088T,57065,STARLINK-5830,95.89,43,562,561,0.0000986,,0.56
2023-088U,57066,STARLINK-5827,95.84,43,560,558,0.0001013,,0.57
2023-088V,57067,STARLINK-5824,95.89,43,562,561,0.0001233,,0.57
2023-088W,57068,STARLINK-5844,95.84,43,560,558,0.000134,,0.64
2023-088X,57069,STARLINK-5821,95.84,43,560,558,0.0001061,,0.59
2023-088Y,57070,STARLINK-5828,95.84,43,560,558,0.0001032,,0.64
2023-088Z,57071,STARLINK-5834,95.84,43,560,558,0.0001446,,0.65
2023-088AA,57072,STARLINK-5843,95.84,43,560,558,0.0001333,,0.64
2023-088AB,57073,STARLINK-5838,95.84,43,560,558,0.0001438,,1.04
2023-088AC,57074,STARLINK-5773,95.84,43,560,558,0.0001043,,0.64
2023-088AD,57075,STARLINK-5542,95.84,43,560,559,0.0000787,,0.59
2023-088AE,57076,STARLINK-6155,95.84,43,560,558,0.0001391,,0.64
2023-088AF,57077,STARLINK-6194,95.84,43,560,558,0.0001495,,0.72
2023-088AG,57078,STARLINK-6246,95.84,43,560,558,0.0000882,,0.64
2023-088AH,57079,STARLINK-6245,95.84,43,560,558,0.0001475,,0.6
2023-088AJ,57080,STARLINK-6243,95.84,43,560,558,0.0001279,,0.72
2023-088AK,57081,STARLINK-6184,95.84,43,560,558,0.0001152,,0.6
2023-088AL,57082,STARLINK-6248,95.84,43,560,558,0.0001308,,0.59
2023-088AM,57083,STARLINK-6253,95.83,43,560,558,0.000141,,0.81
2023-088AN,57084,STARLINK-6240,95.84,43,560,558,0.0001534,,0.67
2023-088AP,57085,STARLINK-6232,95.84,43,560,558,0.0001151,,0.81
2023-088AQ,57086,STARLINK-6247,95.84,43,560,558,0.0001246,,0.67
2023-088AR,57087,STARLINK-6251,95.84,43,560,558,0.0001105,,0.62
2023-088AS,57088,STARLINK-6257,95.84,43,560,558,0.0001155,,0.61
2023-088AT,57089,STARLINK-6259,95.84,43,560,558,0.0001035,,1.09
2023-088AU,57090,STARLINK-6254,95.84,43,561,558,0.0002166,,1.08
2023-088AV,57091,STARLINK-6262,95.84,43,560,558,0.0001216,,1.35
2023-088AW,57092,STARLINK-6225,95.84,43,560,558,0.000117,,0.82
2023-088AX,57093,STARLINK-6229,95.84,43,560,558,0.0001247,,1.09
2023-088AY,57094,STARLINK-6235,95.84,43,560,558,0.0001613,,1.1
2023-090A,57101,STARLINK-6132,95.84,43.01,560,558,0.0001279,,0.54
2023-090B,57102,STARLINK-6111,95.84,43.01,560,558,0.0001341,,0.55
2023-090D,57104,STARLINK-6130,95.84,43.01,560,558,0.0001243,,1.21
2023-090E,57105,STARLINK-6097,95.84,43.01,559,559,0.0000416,,0.55
2023-090F,57106,STARLINK-6118,95.84,43.01,560,558,0.0001282,,0.49
2023-090G,57107,STARLINK-6131,95.84,43,560,558,0.0001274,,0.5
2023-090H,57108,STARLINK-6099,95.84,43,560,558,0.0001071,,0.48
2023-090J,57109,STARLINK-6139,95.84,43,560,558,0.0001337,,0.49
2023-090K,57110,STARLINK-6134,95.84,43,560,558,0.0001233,,0.35
2023-090L,57111,STARLINK-6140,95.84,43.01,560,558,0.0001659,,0.51
2023-090M,57112,STARLINK-6141,95.84,43.01,560,558,0.0001207,,0.89
2023-090N,57113,STARLINK-6142,95.84,43,560,558,0.0001594,,0.57
2023-090P,57114,STARLINK-6125,95.84,43,559,559,0.0000207,,0.57
2023-090Q,57115,STARLINK-6085,95.84,43,560,558,0.0001159,,0.51
2023-090R,57116,STARLINK-6129,95.84,43,559,559,0.0000442,,0.56
2023-090S,57117,STARLINK-6148,95.84,43,560,558,0.0001227,,0.51
2023-090T,57118,STARLINK-6151,95.84,43,560,558,0.00012,,0.51
2023-090U,57119,STARLINK-6150,95.84,43.01,559,559,0.0000407,,0.25
2023-090V,57120,STARLINK-6147,95.84,43,560,558,0.00009,,0.58
2023-090W,57121,STARLINK-6152,95.84,43,560,558,0.0001124,,0.86
2023-090X,57122,STARLINK-6149,95.84,43,560,559,0.0000794,,0.59
2023-090Y,57123,STARLINK-6154,95.84,43,560,558,0.0001078,,0.53
2023-090Z,57124,STARLINK-6146,95.84,43,560,558,0.0000974,,0.26
2023-090AA,57125,STARLINK-6100,95.84,43,560,559,0.0000726,,0.61
2023-090AB,57126,STARLINK-6167,95.84,43,560,558,0.000093,,0.52
2023-090AC,57127,STARLINK-6165,95.84,43.01,560,558,0.000138,,0.6
2023-090AD,57128,STARLINK-6163,95.84,43,560,558,0.000105,,0.86
2023-090AE,57129,STARLINK-6170,95.84,43.01,560,558,0.000129,,0.26
2023-090AF,57130,STARLINK-6172,95.84,43.01,560,559,0.0000794,,0.87
2023-090AG,57131,STARLINK-6162,95.84,43,559,559,0.0000318,,0.27
2023-090AH,57132,STARLINK-6128,95.84,43,560,558,0.0000901,,0.54
2023-090AJ,57133,STARLINK-6143,95.84,43.01,560,558,0.0001172,,0.28
2023-090AK,57134,STARLINK-6133,95.84,43,560,559,0.0000803,,0.27
2023-090AL,57135,STARLINK-6127,95.84,43,560,558,0.0000925,,0.29
2023-090AM,57136,STARLINK-6112,95.84,43,560,558,0.0000882,,0.27
2023-090AN,57137,STARLINK-5347,95.84,43,560,558,0.0001159,,0.62
2023-090AP,57138,STARLINK-5336,95.84,43.01,560,558,0.0001144,,0.27
2023-090AQ,57139,STARLINK-5355,95.83,43,560,558,0.0001523,,0.29
2023-090AS,57141,STARLINK-5357,95.84,43,560,558,0.0000871,,0.63
2023-090AT,57142,STARLINK-5361,95.84,43,560,558,0.0001012,,0.63
2023-090AU,57143,STARLINK-5358,95.84,43.01,560,558,0.0000969,,0.9
2023-090AV,57144,STARLINK-5150,95.84,43,560,558,0.0001411,,0.49
2023-090AW,57145,STARLINK-5768,95.84,43.01,560,558,0.0001283,,0.44
2023-090AX,57146,STARLINK-5791,95.84,43.01,560,558,0.0001248,,0.64
2023-090AY,57147,STARLINK-5765,95.84,43,560,559,0.0000755,,0.58
2023-090AZ,57148,STARLINK-5788,95.84,43.01,560,558,0.0001158,,0.59
2023-090BA,57149,STARLINK-5778,95.84,43.01,560,558,0.0001252,,0.63
2023-090BB,57150,STARLINK-5780,95.84,43,560,558,0.0001206,,0.51
2023-090BC,57151,STARLINK-5776,95.84,43,560,559,0.0000626,,0.51
2023-090BD,57152,STARLINK-6164,95.84,43.01,560,559,0.0000842,,0.57
2023-090BE,57153,STARLINK-5879,95.84,43,559,559,0.0000304,,0.35
2023-090BF,57154,STARLINK-6106,95.84,43,560,559,0.0000608,,0.25
2023-090BG,57155,STARLINK-6108,95.84,43,560,558,0.000125,,0.26
2023-090BH,57156,STARLINK-6137,95.84,43.01,560,558,0.0001303,,0.26
2023-091A,57166,METEOR-M2 3,101.13,98.68,815,809,0.0003565,,0.29
2023-091B,57167,STRATOSAT-TK 1 (RS52S),94.29,97.58,492,476,0.0012269,,0.22
2023-091C,57168,2023-091C,95.05,97.58,532,510,0.0015909,,0.26
2023-091D,57169,2023-091D,95.11,97.59,534,514,0.0014019,,0.27
2023-091E,57170,2023-091E,95.11,97.59,533,515,0.0012658,,0.27
2023-091F,57171,2023-091F,95.11,97.59,534,514,0.0014951,,0.27
2023-091G,57172,UMKA 1 (RS40S),95.2,97.58,540,517,0.0016678,,0.28
2023-091H,57173,2023-091H,95.03,97.58,530,510,0.0014443,,0.32
2023-091J,57174,2023-091J,95.43,97.58,551,528,0.0016374,,0.23
2023-091K,57175,CUBEBEL 2 (EU11S),95.04,97.58,531,510,0.0014649,,0.28
2023-091L,57176,SITRO-AIS 5 (KATYS),95.01,97.58,531,508,0.0016685,,0.25
2023-091M,57177,ZORKIY-2M 1,95.2,97.58,541,516,0.0017466,,0.23
2023-091N,57178,CUBESX-HSE 3 (RS42S),94.97,97.58,528,506,0.0016243,,0.27
2023-091P,57179,2023-091P,95.33,97.59,547,522,0.0018341,,0.25
2023-091Q,57180,MONITOR-3 (RS58S),95.04,97.58,532,509,0.0016759,,0.24
2023-091R,57181,2023-091R,95.4,97.58,551,525,0.0018575,,0.29
2023-091S,57182,MONITOR-4 (RS57S),95.04,97.58,532,509,0.0016802,,0.24
2023-091T,57183,2023-091T,95.22,97.59,539,519,0.0014506,,0.28
2023-091U,57184,MONITOR-2 (RS39S),95.23,97.58,540,520,0.0014571,,0.28
2023-091V,57185,2023-091V,94.79,97.58,517,500,0.0011923,,0.28
2023-091W,57186,CSTP 1.2 (STC 1.2),94.91,97.58,529,500,0.0020606,,0.28
2023-091X,57187,SVYATOBOR 1 (RS60S),95.02,97.58,529,510,0.0013392,,0.27
2023-091Y,57188,HORS 1,95.02,97.58,529,511,0.0012887,,0.27
2023-091Z,57189,VIZARD-METEO (RS38S),94.83,97.58,518,502,0.001199,,0.3
2023-091AA,57190,NANOZOND 1 (RS49S),94.38,97.58,495,482,0.0009443,,0.28
2023-091AB,57191,POLYTECH-UNIVERSE 3 (RS46S),95.23,97.58,543,516,0.0019397,,0.28
2023-091AC,57192,SITRO-AIS 6 (CHIRKIN),95.02,97.58,531,508,0.0016605,,0.27
2023-091AD,57193,SITRO-AIS 8 (ANOKHIN),94.96,97.58,528,505,0.0016092,,0.25
2023-091AE,57194,SITRO-AIS 7 (FARTUSHNIY),95.02,97.58,531,508,0.0016419,,0.26
2023-091AF,57195,AVION KALUGA 650,95.2,97.59,538,519,0.0013781,,0.28
2023-091AG,57196,HORS 2,94.91,97.58,523,505,0.0012597,,0.3
2023-091AH,57197,A-SEANSAT-PG1,94.82,97.58,518,501,0.0011946,,0.26
2023-091AJ,57198,YARILO 3,93.26,97.58,438,430,0.0006154,,0.26
2023-091AK,57199,SITRO-AIS 10 (BURDAEV),94.79,97.58,517,500,0.0011682,,0.26
2023-091AL,57200,2023-091AL,94.67,97.58,511,495,0.0011598,,0.3
2023-091AM,57201,SITRO-AIS 9 (SHCHUKIN),94.8,97.58,517,501,0.0011632,,0.26
2023-091AN,57202,CSTP 1.1 (STC 1.1),95.23,97.59,538,521,0.0012332,,0.28
2023-091AP,57203,UTMN 2 (RS27S),94.9,97.58,522,505,0.0012402,,0.26
2023-091AQ,57204,SITRO-AIS 12 (SMIRENNIY),94.79,97.58,516,500,0.0011525,,0.26
2023-091AR,57205,ARCCUBE 1 (RS25S),94.11,97.57,481,469,0.000872,,0.25
2023-091AS,57206,2023-091AS,94.54,97.58,503,489,0.0010186,,0.25
2023-091AU,57208,SITRO-AIS 11 (SHEFFER),94.78,97.58,516,500,0.0011459,,0.29
2023-093A,57213,H2SAT (HEINRICH HERTZ),1436.11,0.02,35797,35776,0.000244,*G,0.38
2023-093B,57214,SYRACUSE 4B,1436.13,0.02,35788,35786,0.0000261,*G,1.46
2023-091AV,57217,KUZGTU 1 (RS47S),94.99,97.58,529,507,0.0016373,,0.29
2023-094A,57218,STARLINK-5525,95.84,43,560,559,0.000083,,0.85
2023-094B,57219,STARLINK-5520,95.84,43,560,558,0.000153,,0.79
2023-094C,57220,STARLINK-5880,95.84,43,560,558,0.0001387,,0.87
2023-094D,57221,STARLINK-5875,95.84,43,560,558,0.0001553,,0.85
2023-094E,57222,STARLINK-5870,95.84,43,560,558,0.000146,,0.79
2023-094F,57223,STARLINK-5519,95.84,43,559,559,0.0000536,,0.26
2023-094G,57224,STARLINK-5983,95.84,43,560,558,0.0001122,,0.8
2023-094H,57225,STARLINK-6294,95.84,43,559,559,0.000053,,0.26
2023-094J,57226,STARLINK-6350,95.84,43,560,558,0.0001487,,0.34
2023-094K,57227,STARLINK-5996,95.84,43,560,558,0.0001221,,0.94
2023-094L,57228,STARLINK-6230,95.84,43.01,560,558,0.0000949,,0.95
2023-094M,57229,STARLINK-6233,95.84,43.01,560,558,0.0001276,,0.54
2023-094N,57230,STARLINK-6250,95.84,43,560,558,0.0000847,,0.82
2023-094P,57231,STARLINK-5840,95.84,43,560,558,0.0000852,,0.91
2023-094Q,57232,STARLINK-5872,95.84,43,560,559,0.000082,,0.98
2023-094R,57233,STARLINK-5866,95.84,43.01,560,559,0.0000842,,0.3
2023-094S,57234,STARLINK-6368,95.84,43,560,558,0.00012,,0.58
2023-094T,57235,STARLINK-6360,95.84,43.01,560,558,0.0001049,,0.97
2023-094U,57236,STARLINK-6315,95.84,43,560,558,0.0001141,,1.24
2023-094V,57237,STARLINK-6365,95.84,43,561,558,0.0002199,,0.24
2023-094W,57238,STARLINK-6334,95.84,43,560,558,0.0001346,,0.31
2023-094X,57239,STARLINK-6330,95.84,43,560,558,0.0001416,,0.85
2023-094Y,57240,STARLINK-6351,95.84,43,560,558,0.0001642,,0.92
2023-094Z,57241,STARLINK-6349,95.84,43,560,558,0.0000885,,0.57
2023-094AA,57242,STARLINK-6306,95.84,43,560,558,0.0001445,,1.24
2023-094AB,57243,STARLINK-6346,95.84,43,560,558,0.0001267,,0.24
2023-094AC,57244,STARLINK-5610,95.84,43,560,558,0.000094,,0.25
2023-094AD,57245,STARLINK-5587,95.84,43,559,559,0.0000511,,0.32
2023-094AE,57246,STARLINK-5049,95.84,43,560,558,0.0000912,,0.28
2023-094AF,57247,STARLINK-5039,95.84,43,560,559,0.0000717,,0.92
2023-094AG,57248,STARLINK-5514,95.84,43,560,558,0.0001312,,0.99
2023-094AH,57249,STARLINK-5517,95.84,43,560,558,0.0001937,,0.26
2023-094AJ,57250,STARLINK-5488,95.84,43,560,558,0.0001566,,0.27
2023-094AK,57251,STARLINK-5513,95.84,43,560,558,0.0001344,,0.33
2023-094AL,57252,STARLINK-5511,95.84,43,560,558,0.0001302,,0.28
2023-094AM,57253,STARLINK-5516,95.84,43,560,558,0.000095,,0.33
2023-094AN,57254,STARLINK-5490,95.84,43,560,558,0.0001394,,0.88
2023-094AP,57255,STARLINK-5481,95.84,43,560,558,0.0001093,,0.62
2023-094AQ,57256,STARLINK-5512,95.84,43,560,558,0.0000985,,0.3
2023-094AR,57257,STARLINK-5503,95.84,43,560,558,0.0001268,,0.61
2023-094AS,57258,STARLINK-5476,95.84,43,559,559,0.000067,,0.29
2023-094AU,57260,STARLINK-5026,95.84,43.01,561,558,0.0002217,,0.89
2023-094AV,57261,STARLINK-5485,95.84,43,560,558,0.0001056,,0.23
2023-094AW,57262,STARLINK-5504,95.84,43.01,560,558,0.0001317,,0.62
2023-094AX,57263,STARLINK-5509,95.84,43,560,558,0.0001112,,0.96
2023-094AY,57264,STARLINK-5858,95.84,43,560,558,0.0001369,,0.3
2023-094AZ,57265,STARLINK-5890,95.84,43,560,558,0.0001181,,0.3
2023-095A,57288,HULIANWANG JISHU SHIYAN A,107.5,86.51,1125,1097,0.001822,,0.24
2023-095B,57289,HULIANWANG JISHU SHIYAN B,107.5,86.51,1124,1099,0.0016783,,0.25
2023-096A,57290,STARLINK-30198,95.84,43,560,558,0.0001255,,0.43
2023-096B,57291,STARLINK-30239,95.84,43,560,558,0.0001287,,0.7
2023-096C,57292,STARLINK-30210,95.84,43,560,558,0.0001105,,0.37
2023-096E,57294,STARLINK-30235,95.84,43,560,558,0.0001136,,0.38
2023-096F,57295,STARLINK-30206,95.84,43,560,558,0.0001014,,0.36
2023-096G,57296,STARLINK-30238,95.84,43,560,558,0.0001326,,0.72
2023-096H,57297,STARLINK-30234,95.43,43,544,535,0.0006271,,1.04
2023-096J,57298,STARLINK-30241,95.84,43,560,558,0.0001249,,0.55
2023-096K,57299,STARLINK-30199,95.84,43,560,558,0.0000918,,0.52
2023-096L,57300,STARLINK-30236,95.84,43,560,558,0.0001385,,0.59
2023-096M,57301,STARLINK-30201,95.84,43.01,560,558,0.0001142,,0.33
2023-096N,57302,STARLINK-30233,95.84,43.01,560,559,0.0000891,,0.33
2023-096P,57303,STARLINK-30232,95.84,43.01,560,558,0.0001117,,1
2023-096Q,57304,STARLINK-30211,95.84,43,560,558,0.0001779,,0.34
2023-096R,57305,STARLINK-30177,95.84,43,560,558,0.0001963,,0.68
2023-096S,57306,STARLINK-30200,95.84,43,560,558,0.0002031,,0.67
2023-096T,57307,STARLINK-30209,95.84,43.01,559,559,0.0000377,,0.68
2023-096U,57308,STARLINK-30194,95.84,43,560,558,0.0001221,,0.49
2023-096V,57309,STARLINK-30163,95.57,43,549,543,0.0004372,,0.55
2023-096W,57310,STARLINK-30184,95.84,43,560,558,0.0000972,,0.68
2023-096X,57311,STARLINK-30175,95.84,43.01,560,558,0.000138,,0.49
2023-099A,57328,STARLINK-6290,95.84,43,560,558,0.0001282,,0.5
2023-099B,57329,STARLINK-6138,95.84,43,560,558,0.0001215,,0.31
2023-099C,57330,STARLINK-6212,95.84,43.01,560,558,0.0001502,,0.3
2023-099D,57331,STARLINK-6234,95.84,43,560,558,0.0001625,,0.64
2023-099E,57332,STARLINK-5831,95.84,43,559,559,0.0000355,,0.31
2023-099F,57333,STARLINK-5585,95.84,43,560,558,0.0001135,,0.31
2023-099G,57334,STARLINK-5589,95.84,43,560,558,0.00012,,0.31
2023-099H,57335,STARLINK-6316,95.84,43,560,558,0.0001211,,0.59
2023-099J,57336,STARLINK-6320,95.84,43,560,558,0.0000872,,0.29
2023-099K,57337,STARLINK-6322,95.84,43,560,558,0.0000929,,0.65
2023-099L,57338,STARLINK-6374,95.84,43,560,558,0.0001106,,0.92
2023-099M,57339,STARLINK-6332,95.84,43,560,558,0.0001076,,0.51
2023-099N,57340,STARLINK-6321,95.84,43.01,560,558,0.0000984,,0.6
2023-099P,57341,STARLINK-6377,95.84,43,560,558,0.0000877,,0.33
2023-099Q,57342,STARLINK-6375,95.84,43.01,560,558,0.0001424,,0.62
2023-099R,57343,STARLINK-6379,95.84,43,560,558,0.0001207,,0.26
2023-099S,57344,STARLINK-6380,95.84,43,560,558,0.0001107,,0.54
2023-099T,57345,STARLINK-6373,95.84,43.01,560,558,0.0001802,,0.27
2023-099U,57346,STARLINK-6359,95.84,43,559,559,0.0000427,,0.29
2023-099V,57347,STARLINK-6378,95.84,43,559,559,0.0000353,,0.48
2023-099W,57348,STARLINK-6372,95.84,43.01,560,558,0.000149,,0.63
2023-099X,57349,STARLINK-6376,95.84,43,560,558,0.0001517,,0.49
2023-099Y,57350,STARLINK-6362,95.84,43,560,558,0.0001234,,1.28
2023-099Z,57351,STARLINK-6331,95.84,43,560,558,0.00014,,0.56
2023-099AA,57352,STARLINK-6297,95.84,43.01,560,558,0.0001352,,0.49
2023-099AB,57353,STARLINK-6324,95.84,43.01,560,558,0.0001361,,0.43
2023-099AC,57354,STARLINK-6293,95.84,43,560,558,0.000092,,0.5
2023-099AD,57355,STARLINK-6276,95.84,43,560,559,0.0000713,,0.56
2023-099AE,57356,STARLINK-6355,95.84,43.01,560,558,0.000125,,0.44
2023-099AF,57357,STARLINK-5600,95.84,43,560,558,0.0001157,,0.63
2023-099AG,57358,STARLINK-6299,95.84,43,560,558,0.0002003,,0.31
2023-099AH,57359,STARLINK-6347,95.84,43,561,557,0.0002253,,0.36
2023-099AJ,57360,STARLINK-6348,95.84,43.01,560,558,0.0001671,,0.52
2023-099AK,57361,STARLINK-6340,95.84,43,560,558,0.0001159,,0.51
2023-099AL,57362,STARLINK-6343,95.84,43,560,558,0.0001231,,0.32
2023-099AM,57363,STARLINK-6356,95.84,43,560,558,0.000115,,0.31
2023-099AN,57364,STARLINK-6338,95.84,43,560,558,0.0001178,,0.65
2023-099AP,57365,STARLINK-5007,95.84,43,559,559,0.0000611,,0.26
2023-099AQ,57366,STARLINK-6174,95.84,43,560,558,0.0001206,,0.33
2023-099AR,57367,STARLINK-6215,95.84,43.01,560,558,0.0001755,,0.53
2023-099AS,57368,STARLINK-6218,95.84,43,560,558,0.0001697,,0.33
2023-099AT,57369,STARLINK-6168,95.84,43,560,558,0.0001412,,0.52
2023-099AU,57370,STARLINK-5353,95.84,43,560,558,0.0001081,,0.27
2023-099AV,57371,STARLINK-6032,95.84,43,560,558,0.0001155,,0.26
2023-099AW,57372,STARLINK-5975,95.84,43,560,558,0.0001083,,0.35
2023-099AX,57373,STARLINK-6370,95.89,43,562,561,0.0001255,,0.33
2023-099AY,57374,STARLINK-6369,95.79,43,557,556,0.0001056,,1.04
2023-099AZ,57375,STARLINK-6363,95.84,43.01,560,558,0.0002017,,0.34
2023-099BA,57376,STARLINK-6367,95.84,43,560,558,0.0001682,,0.35
2023-099BB,57377,STARLINK-6358,95.84,43.01,560,558,0.0000958,,1.28
2023-099BC,57378,STARLINK-6364,95.84,43,560,559,0.0000778,,0.52
2023-099BD,57379,STARLINK-6361,95.84,43,560,558,0.0001539,,0.35
2023-099BE,57380,STARLINK-6366,95.84,43,559,559,0.0000516,,0.39
2023-099BF,57381,STARLINK-6371,95.89,43,563,561,0.0001321,,0.99
2023-100A,57386,STARLING 4,95.85,99.49,564,555,0.0006722,,0.42
2023-100B,57387,STARLING 2,95.85,99.49,564,556,0.0005649,,0.75
2023-100C,57388,STARLING 1,95.85,99.49,565,555,0.0007521,,0.82
2023-100D,57389,STARLING 3,95.85,99.49,564,556,0.000606,,0.82
2023-100E,57390,LEMUR-2-MANO,94.9,99.46,520,507,0.0009206,,0.74
2023-100F,57391,LEMUR-2-DEVERILL-M-T,95.16,99.44,534,519,0.0010478,,0.36
2023-100G,57392,LEO 3,105.24,99.5,1018,992,0.0017623,,0.62
2023-101A,57399,TIANMU-1 07,94.6,97.33,503,495,0.0005515,,0.25
2023-101B,57400,TIANMU-1 08,94.59,97.33,504,494,0.0007627,,0.28
2023-101C,57401,TIANMU-1 09,94.59,97.33,504,494,0.0007452,,0.3
2023-101D,57402,TIANMU-1 10,94.59,97.34,505,492,0.0009418,,0.27
2023-102A,57404,STARLINK-30240,95.84,43,560,558,0.000135,,0.64
2023-102B,57405,STARLINK-30192,95.84,43,560,558,0.0001483,,0.24
2023-102C,57406,STARLINK-30195,95.84,43,560,558,0.0001209,,0.31
2023-102D,57407,STARLINK-30207,95.84,43,560,558,0.000177,,0.68
2023-102E,57408,STARLINK-30205,95.84,43,560,558,0.0001168,,0.52
2023-102F,57409,STARLINK-30222,95.84,43,560,558,0.0001324,,0.66
2023-102G,57410,STARLINK-30172,95.84,43,560,558,0.0001116,,0.66
2023-102H,57411,STARLINK-30214,95.84,43,560,559,0.0000712,,0.29
2023-102J,57412,STARLINK-30182,95.84,43,560,558,0.0001427,,0.33
2023-102K,57413,STARLINK-30191,95.84,43,560,558,0.0001154,,0.34
2023-102L,57414,STARLINK-30193,95.84,43,560,558,0.0001075,,0.53
2023-102M,57415,STARLINK-30208,95.84,43,560,559,0.0000609,,0.28
2023-102N,57416,STARLINK-30224,95.84,43.01,560,558,0.0001263,,0.48
2023-102P,57417,STARLINK-30043,95.84,43,560,558,0.0000862,,0.29
2023-102Q,57418,STARLINK-30221,95.84,43,560,558,0.0001333,,0.48
2023-103B,57422,2023-103B,90.57,96.54,310,294,0.0011908,,0.96
2023-104A,57424,2023-104A,94.36,97.33,495,480,0.0011215,,0.25
2023-104B,57425,2023-104B,93.41,97.33,449,434,0.0010615,,0.24
2023-104C,57426,2023-104C,94.14,97.33,484,470,0.0009626,,0.38
2023-105A,57430,STARLINK-30189,95.84,43,560,559,0.0000782,,0.58
2023-105B,57431,STARLINK-30170,95.84,43,560,558,0.0001582,,0.25
2023-105C,57432,STARLINK-30188,95.84,43,560,558,0.0001089,,0.59
2023-105D,57433,STARLINK-30105,93.46,43,445,443,0.0000857,,0.6
2023-105E,57434,STARLINK-30102,95.84,43,560,558,0.000124,,0.59
2023-105F,57435,STARLINK-30180,95.84,43,560,558,0.0001338,,0.52
2023-105G,57436,STARLINK-30183,95.66,43,552,549,0.0001753,,0.6
2023-105H,57437,STARLINK-30237,95.84,43,560,558,0.0001313,,0.27
2023-105J,57438,STARLINK-30158,95.84,43,560,558,0.000126,,0.27
2023-105K,57439,STARLINK-30173,95.82,43,559,557,0.000136,,0.32
2023-105L,57440,STARLINK-30159,95.84,43,560,558,0.0001338,,0.61
2023-105M,57441,STARLINK-30160,95.84,43,560,559,0.0000747,,0.61
2023-105N,57442,STARLINK-30146,95.84,43,560,558,0.0001379,,0.28
2023-105P,57443,STARLINK-30197,95.84,43,560,558,0.0001116,,0.29
2023-105Q,57444,STARLINK-30181,95.84,43,560,558,0.0001553,,0.5
2023-105R,57445,STARLINK-30215,95.84,43,560,558,0.0000962,,0.63
2023-105S,57446,STARLINK-30162,95.84,43,560,558,0.0001414,,0.3
2023-105T,57447,STARLINK-30178,95.84,43,560,559,0.0000772,,0.56
2023-105U,57448,STARLINK-30196,95.84,43,560,558,0.0001279,,0.24
2023-105V,57449,STARLINK-30225,95.84,43,560,558,0.000186,,0.57
2023-105W,57450,STARLINK-30217,95.84,43,560,558,0.0001886,,0.25
2023-105X,57451,STARLINK-30216,95.84,43,560,559,0.000067,,0.44
2023-106A,57452,YAOGAN-36 05A,94.55,35,500,494,0.0004635,,0.26
2023-106C,57454,YAOGAN-36 05B,94.54,35,502,490,0.0008808,,0.46
2023-106E,57456,YAOGAN-36 05C,94.53,35,499,492,0.0005084,,0.79
2023-107A,57457,STARLINK-30165,95.84,43,560,558,0.0001804,,1.35
2023-107B,57458,STARLINK-30140,95.84,43,560,558,0.0001291,,0.35
2023-107C,57459,STARLINK-30185,95.83,42.99,560,558,0.0001271,,0.36
2023-107D,57460,STARLINK-30077,95.84,43,560,558,0.0000953,,1.09
2023-107E,57461,STARLINK-30229,95.84,43,560,558,0.0001118,,1.08
2023-107F,57462,STARLINK-30088,95.84,43,560,558,0.0001203,,0.36
2023-107G,57463,STARLINK-30091,95.84,43,560,559,0.0000533,,0.37
2023-107H,57464,STARLINK-30115,94.87,43,523,502,0.0015041,,1.01
2023-107J,57465,STARLINK-30116,95.84,43.01,560,558,0.0002107,,1.1
2023-107L,57467,STARLINK-30092,95.84,43,560,558,0.0001283,,0.91
2023-107M,57468,STARLINK-30039,95.84,43,560,558,0.000185,,0.91
2023-107N,57469,STARLINK-30171,95.84,43,560,558,0.0001891,,0.92
2023-107P,57470,STARLINK-30186,95.84,43,560,558,0.000147,,0.98
2023-107Q,57471,STARLINK-30190,95.75,43,555,554,0.0000625,,0.35
2023-107R,57472,STARLINK-30204,95.84,43,560,558,0.0001012,,0.92
2023-107S,57473,STARLINK-30187,95.84,43,560,558,0.000159,,0.93
2023-107T,57474,STARLINK-30110,95.38,43,540,534,0.0004142,,1.1
2023-107U,57475,STARLINK-30155,95.84,43.01,560,558,0.0001829,,0.94
2023-107V,57476,STARLINK-30161,95.84,43,560,558,0.0000966,,1.07
2023-107W,57477,STARLINK-30176,95.84,43,560,558,0.0001655,,0.94
2023-108A,57479,JUPITER 3 (ECHOSTAR 24),1436.1,0.02,35792,35781,0.0001291,*G,1.57
2023-111A,57490,FENGYUN 3F,101.41,98.75,826,824,0.0001411,,0.25
2023-112A,57493,GALAXY 37 (G-37),1436.07,0.01,35795,35777,0.0002056,*G,0.77
2023-113A,57495,STARLINK-30154,95.84,43,560,558,0.0001175,,0.25
2023-113B,57496,STARLINK-30145,95.84,43.01,560,558,0.000116,,0.27
2023-113C,57497,STARLINK-30226,95.84,43,560,558,0.0001219,,0.27
2023-113D,57498,STARLINK-30203,95.84,43,560,558,0.0001463,,0.82
2023-113E,57499,STARLINK-30169,95.84,43,560,558,0.0001619,,0.32
2023-113F,57500,STARLINK-30164,95.84,43,560,558,0.0001458,,0.83
2023-113G,57501,STARLINK-30072,95.84,43,560,558,0.0001606,,0.9
2023-113H,57502,STARLINK-30228,95.58,43,549,544,0.0003281,,0.27
2023-113J,57503,STARLINK-30230,95.84,43,560,558,0.0001309,,0.29
2023-113K,57504,STARLINK-30213,95.84,43,560,558,0.0000929,,0.3
2023-113L,57505,STARLINK-30227,95.84,43,560,558,0.0001345,,0.93
2023-113M,57506,STARLINK-30212,95.84,43.01,560,558,0.0001222,,0.24
2023-113N,57507,STARLINK-30219,95.84,43,561,558,0.000212,,0.91
2023-113P,57508,STARLINK-30074,95.84,43,560,558,0.0001486,,0.3
2023-113Q,57509,STARLINK-30082,95.84,43,560,558,0.000127,,0.26
2023-113R,57510,STARLINK-30153,95.84,43,560,558,0.0001478,,0.93
2023-113S,57511,STARLINK-30147,95.84,43,560,558,0.0001698,,0.25
2023-113T,57512,STARLINK-30157,95.84,43,560,558,0.0001378,,0.64
2023-113U,57513,STARLINK-30168,95.84,43,560,558,0.0000948,,0.31
2023-113V,57514,STARLINK-30231,95.84,43,559,559,0.0000528,,0.33
2023-113W,57515,STARLINK-30081,95.84,43.01,561,558,0.0002064,,0.28
2023-113X,57516,STARLINK-30149,95.84,43,560,558,0.0001557,,1.02
2023-114A,57517,COSMOS 2569 [GLONASS-K2],675.73,65.02,19159,19100,0.0011609,,0.73
2023-116A,57519,HJ-2F,94.36,97.39,498,478,0.0014657,,0.29
2023-115A,57521,STARLINK-30259,95.84,43,560,558,0.0001109,,0.62
2023-115B,57522,STARLINK-30256,95.84,43.01,560,558,0.0001624,,0.36
2023-115C,57523,STARLINK-30261,95.84,43,560,558,0.0001934,,0.83
2023-115D,57524,STARLINK-30260,95.84,43,560,558,0.0001168,,0.3
2023-115E,57525,STARLINK-30253,95.84,43,560,558,0.0001248,,0.97
2023-115F,57526,STARLINK-30257,95.84,43,560,558,0.0001357,,0.97
2023-115G,57527,STARLINK-30250,95.84,43.01,560,558,0.0001976,,0.24
2023-115H,57528,STARLINK-30269,95.84,43,560,558,0.0001637,,0.99
2023-115J,57529,STARLINK-30266,95.84,43.01,560,558,0.0001477,,0.93
2023-115K,57530,STARLINK-30270,95.84,43,560,559,0.0000752,,0.93
2023-115L,57531,STARLINK-30268,95.84,43,560,558,0.0001206,,0.98
2023-115M,57532,STARLINK-30251,95.84,43,559,559,0.0000426,,0.32
2023-115N,57533,STARLINK-30254,94.37,43,489,488,0.0000801,,0.7
2023-115P,57534,STARLINK-30264,94.37,43,489,488,0.0000827,,0.48
2023-115Q,57535,STARLINK-30262,93.46,42.99,445,443,0.0002012,,0.52
2023-117A,57580,2023-117A,93.09,97.46,430,421,0.0006182,,0.27
2023-117B,57581,2023-117B,93.05,97.46,428,420,0.0006007,,0.26
2023-117C,57582,2023-117C,94.59,97.46,504,493,0.0008314,,0.28
2023-117D,57583,2023-117D,93.11,97.45,431,423,0.0006284,,0.24
2023-117E,57584,2023-117E,93.08,97.46,429,421,0.0006017,,0.23
2023-117F,57585,2023-117F,94.41,97.47,496,484,0.0008373,,0.26
2023-117G,57586,2023-117G,92.06,97.45,380,371,0.0006397,,0.24
2023-119A,57602,STARLINK-30166,95.84,43,559,559,0.0000488,,0.76
2023-119B,57603,STARLINK-30223,95.84,43,561,558,0.0002136,,0.71
2023-119C,57604,STARLINK-30218,95.84,43,560,558,0.0000889,,0.84
2023-119D,57605,STARLINK-30138,95.84,43,560,558,0.000125,,0.84
2023-119E,57606,STARLINK-30255,95.84,43,560,558,0.0001234,,1.07
2023-119F,57607,STARLINK-30252,95.84,43.01,560,558,0.0001905,,1.1
2023-119G,57608,STARLINK-30258,95.84,43,560,558,0.0001219,,0.72
2023-119H,57609,STARLINK-30174,95.83,43,560,558,0.0001594,,0.72
2023-119J,57610,STARLINK-30248,95.84,43,560,558,0.0001499,,0.72
2023-119K,57611,STARLINK-30052,95.84,43,560,559,0.0000663,,1.06
2023-119L,57612,STARLINK-30245,95.84,43,560,558,0.0001159,,0.8
2023-119M,57613,STARLINK-30041,95.84,43,560,558,0.0001318,,0.67
2023-119N,57614,STARLINK-30244,95.84,43,560,558,0.0001133,,0.8
2023-119P,57615,STARLINK-30246,95.84,43,560,558,0.0001291,,0.67
2023-119Q,57616,STARLINK-30075,95.84,43,560,558,0.0001298,,0.68
2023-119R,57617,STARLINK-30148,95.84,43,561,557,0.0003182,,0.75
2023-119S,57618,STARLINK-30249,95.84,43,560,558,0.0001054,,0.68
2023-119U,57620,STARLINK-30141,95.84,43,560,558,0.0001477,,0.7
2023-119V,57621,STARLINK-30150,95.84,43,560,558,0.0001212,,0.69
2023-119W,57622,STARLINK-30056,95.84,43,560,558,0.0001134,,0.63
2023-119X,57623,STARLINK-30100,95.84,43,560,559,0.0000725,,0.7
2023-120A,57624,LUDI TANCE-4 01A,1436.06,15.52,35805,35767,0.0004542,*G,1.01
2023-121A,57626,HEAD-3A,98.69,45,700,692,0.000611,,0.27
2023-121B,57627,HEAD-3B,98.63,45,697,690,0.0004945,,0.29
2023-121C,57628,HEAD-3C,98.58,45,695,687,0.0005516,,0.31
2023-121D,57629,HEAD-3D,98.54,45,694,684,0.0006808,,0.26
2023-121E,57630,HEAD-3E,98.48,45,691,681,0.0007469,,0.26
2023-122A,57632,STARLINK-30309,95.84,43,560,558,0.0001991,,0.6
2023-122B,57633,STARLINK-30306,95.84,43,560,558,0.0001589,,0.6
2023-122C,57634,STARLINK-30323,95.84,43,560,558,0.0001003,,0.67
2023-122D,57635,STARLINK-30329,95.84,43,560,558,0.0001467,,0.67
2023-122E,57636,STARLINK-30330,95.84,43,560,558,0.000123,,0.67
2023-122F,57637,STARLINK-30311,95.84,43,560,558,0.0001264,,0.61
2023-122G,57638,STARLINK-30328,95.84,43,560,558,0.0000894,,0.73
2023-122H,57639,STARLINK-30326,95.84,43,560,558,0.0001535,,0.65
2023-122J,57640,STARLINK-30324,95.84,43,559,559,0.0000443,,0.68
2023-122K,57641,STARLINK-30312,95.84,43,559,559,0.0000374,,0.69
2023-122L,57642,STARLINK-30263,95.84,43,560,558,0.0001171,,1.09
2023-122M,57643,STARLINK-30280,95.84,43,560,558,0.0001137,,0.77
2023-122N,57644,STARLINK-30247,95.84,43,560,558,0.0001228,,0.64
2023-122P,57645,STARLINK-30277,94.37,43,489,487,0.0001564,,0.56
2023-122Q,57646,STARLINK-30265,95.84,43,560,558,0.0001188,,0.69
2023-122R,57647,STARLINK-30286,95.84,43,560,558,0.0001414,,0.64
2023-122S,57648,STARLINK-30243,95.84,43,560,558,0.0001347,,0.72
2023-122U,57650,STARLINK-30299,95.84,43,560,558,0.0001307,,0.65
2023-122V,57651,STARLINK-30294,95.84,43,560,558,0.0001382,,0.72
2023-122W,57652,STARLINK-30276,95.84,43,560,558,0.0001694,,0.65
2023-122X,57653,STARLINK-30289,95.84,43,560,558,0.0001734,,0.71
2023-123A,57654,GAOFEN-12 04,97.26,97.91,629,626,0.0001987,,0.25
2023-124A,57663,STARLINK-30267,94.11,53.16,476,475,0.0001049,,0.3
2023-124B,57664,STARLINK-30302,92.71,53.16,414,400,0.0010357,,0.98
2023-124C,57665,STARLINK-30298,94.11,53.16,476,474,0.0001405,,0.95
2023-124D,57666,STARLINK-30301,95.69,53.16,553,551,0.000152,,0.84
2023-124E,57667,STARLINK-30275,94.11,53.16,476,474,0.0001121,,1.26
2023-124F,57668,STARLINK-30278,93.86,53.16,464,463,0.0000836,,0.64
2023-124G,57669,STARLINK-30271,94.11,53.16,477,473,0.0003236,,0.27
2023-124H,57670,STARLINK-30322,93.86,53.16,464,463,0.0000908,,0.65
2023-124J,57671,STARLINK-30296,94.11,53.16,476,475,0.000108,,0.29
2023-124K,57672,STARLINK-30274,94.11,53.16,476,475,0.0000726,,0.96
2023-124L,57673,STARLINK-30316,94.11,53.16,476,475,0.0000607,,0.29
2023-124M,57674,STARLINK-30314,91.38,53.15,345,339,0.0004952,,0.33
2023-124N,57675,STARLINK-30317,94.11,53.16,476,474,0.0001327,,0.29
2023-124P,57676,STARLINK-30313,94.11,53.16,476,475,0.0001048,,0.31
2023-124Q,57677,STARLINK-30303,94.11,53.16,476,475,0.0000808,,0.28
2023-124R,57678,STARLINK-30320,93.32,53.16,442,433,0.0006288,,0.33
2023-124S,57679,STARLINK-30321,94.11,53.16,476,475,0.000038,,0.27
2023-124T,57680,STARLINK-30283,94.11,53.16,476,475,0.0000914,,0.3
2023-124U,57681,STARLINK-30273,94.11,53.16,476,474,0.0001451,,0.66
2023-124V,57682,STARLINK-30297,94.11,53.16,477,474,0.0002299,,0.3
2023-124W,57683,STARLINK-30295,94.11,53.16,476,474,0.0001286,,0.29
2023-126A,57693,CAPELLA-11 (ACADIA-1),97.35,53.01,633,631,0.0001316,,0.67
2023-127A,57696,JILIN-1 KUANFU 02A,94.98,97.57,534,502,0.0023252,,0.24
2023-129A,57698,STARLINK-30288,95.84,43,560,558,0.000122,,0.66
2023-129B,57699,STARLINK-30347,95.84,43,560,558,0.0001188,,0.68
2023-129C,57700,STARLINK-30332,95.84,43,560,558,0.0001269,,0.67
2023-129D,57701,STARLINK-30345,95.84,43,560,558,0.0001195,,0.55
2023-129E,57702,STARLINK-30333,95.84,43,560,558,0.0001045,,0.62
2023-129F,57703,STARLINK-30336,95.84,43,560,558,0.0001246,,0.62
2023-129G,57704,STARLINK-30346,95.84,43,560,558,0.0001233,,0.63
2023-129H,57705,STARLINK-30342,95.84,43,560,558,0.0001008,,0.74
2023-129K,57707,STARLINK-30327,95.84,43,560,558,0.0001206,,0.63
2023-129L,57708,STARLINK-30315,95.84,43,560,558,0.0001365,,0.57
2023-129M,57709,STARLINK-30287,95.84,43,560,558,0.0001335,,0.56
2023-129N,57710,STARLINK-30335,95.84,43,560,559,0.0000785,,0.57
2023-129P,57711,STARLINK-30318,95.84,43,560,558,0.000149,,0.62
2023-129Q,57712,STARLINK-30348,95.84,43,560,558,0.000098,,0.51
2023-129R,57713,STARLINK-30349,95.84,43,561,557,0.0002539,,0.58
2023-129S,57714,STARLINK-30341,95.84,43,560,558,0.0001445,,0.54
2023-129T,57715,STARLINK-30300,95.84,43,560,558,0.0001044,,0.57
2023-129U,57716,STARLINK-30281,95.84,43,560,558,0.0001343,,0.59
2023-129V,57717,STARLINK-30325,95.84,43,560,558,0.0001469,,0.58
2023-129W,57718,STARLINK-30338,95.84,43,561,557,0.000276,,0.59
2023-129X,57719,STARLINK-30334,95.84,43,560,558,0.0001186,,0.59
2023-130A,57727,YAOGAN-39 01A,94.55,35,502,491,0.0007767,,0.2
2023-130B,57728,YAOGAN-39 01B,94.55,34.99,501,493,0.0005345,,0.26
2023-130E,57731,YAOGAN-39 01C,94.55,34.99,500,493,0.0005347,,0.2
2023-131A,57732,STARLINK-30375,95.84,43,560,558,0.0001817,,0.89
2023-131B,57733,STARLINK-30310,95.84,43,560,558,0.0001275,,0.47
2023-131C,57734,STARLINK-30365,95.84,43,560,558,0.0001121,,0.57
2023-131D,57735,STARLINK-30371,95.84,43,560,558,0.0001545,,0.53
2023-131E,57736,STARLINK-30352,95.84,43,560,558,0.0001749,,0.47
2023-131F,57737,STARLINK-30344,95.77,43,557,555,0.0002012,,0.5
2023-131G,57738,STARLINK-30351,95.84,43,560,558,0.0001234,,0.49
2023-131H,57739,STARLINK-30242,95.84,43,560,558,0.0001143,,0.55
2023-131J,57740,STARLINK-30331,95.84,43,560,558,0.0001223,,0.5
2023-131K,57741,STARLINK-30364,95.84,43,560,558,0.0001251,,0.51
2023-131L,57742,STARLINK-30308,95.84,43,560,558,0.0001426,,0.43
2023-131M,57743,STARLINK-30361,95.84,43,560,558,0.000122,,0.45
2023-131N,57744,STARLINK-30363,95.84,43,560,558,0.0001013,,0.89
2023-131P,57745,STARLINK-30362,95.84,43,560,558,0.0001039,,0.85
2023-131Q,57746,STARLINK-30350,95.84,43,560,558,0.0000983,,0.82
2023-131R,57747,STARLINK-30307,95.84,43,560,558,0.0001743,,0.45
2023-131S,57748,STARLINK-30356,95.84,43,560,558,0.0001118,,0.32
2023-131T,57749,STARLINK-30366,95.84,43,560,558,0.0000837,,0.48
2023-131U,57750,STARLINK-30357,95.84,43,560,558,0.0001295,,0.73
2023-131V,57751,STARLINK-30370,95.84,43,560,558,0.0001183,,0.49
2023-131W,57752,STARLINK-30368,95.84,43,560,558,0.000121,,0.51
2023-131X,57753,STARLINK-30343,95.84,43,559,559,0.0000252,,0.73
2023-133A,57756,WILDFIRE 4,103.88,81,949,935,0.0009231,,0.7
2023-133B,57757,BB4,104,81,954,941,0.0008564,,0.66
2023-133C,57758,WILDFIRE 3,103.9,81,949,937,0.0008035,,0.68
2023-133D,57760,BB3,104,81,953,942,0.0007674,,0.67
2023-133E,57761,WILDFIRE 7,103.97,81,950,943,0.0005131,,0.67
2023-133F,57762,CHECKMATE 10,103.94,81,949,941,0.0005403,,0.68
2023-133G,57763,WILDFIRE 6,103.96,81,949,942,0.0005035,,0.68
2023-133H,57764,WILDFIRE 1,103.93,81,948,940,0.0005738,,0.68
2023-133J,57765,WILDFIRE 9,103.95,81.01,949,941,0.0005234,,0.71
2023-133K,57766,WILDFIRE 10,103.93,81,949,940,0.0005555,,0.71
2023-133L,57767,WILDFIRE 2,103.96,81,950,942,0.0004996,,0.71
2023-133M,57768,WILDFIRE 8,103.95,81,949,941,0.0005117,,0.58
2023-133N,57769,WILDFIRE 5,103.94,81.01,949,941,0.0005302,,0.67
2023-098C,57770,CHANDRAYAAN-3 PROPULSION MODULE,18443.96,32.56,313995,135728,0.3854584,,-5.53
2023-134A,57771,STARLINK-30397,95.84,43,560,558,0.0001378,,0.53
2023-134B,57772,STARLINK-30354,95.84,43,560,558,0.0001384,,0.51
2023-134C,57773,STARLINK-30383,95.84,43,560,558,0.0001511,,1.39
2023-134D,57774,STARLINK-30384,95.84,43,560,558,0.0001878,,1.07
2023-134E,57775,STARLINK-30305,95.84,43,560,558,0.0001013,,1.06
2023-134F,57776,STARLINK-30360,95.84,43,560,558,0.0000961,,0.54
2023-134G,57777,STARLINK-30355,95.84,43.01,560,558,0.000123,,1.08
2023-134H,57778,STARLINK-30385,95.84,43,560,558,0.0001317,,0.73
2023-134J,57779,STARLINK-30359,95.84,43,560,559,0.0000854,,0.73
2023-134K,57780,STARLINK-30380,95.84,43,560,558,0.000141,,0.37
2023-134L,57781,STARLINK-30369,95.84,43,560,558,0.0001399,,0.75
2023-134M,57782,STARLINK-30376,95.84,43,560,558,0.0001209,,0.37
2023-134N,57783,STARLINK-30389,95.84,43,560,558,0.0000981,,1.09
2023-134P,57784,STARLINK-30388,95.84,43,560,558,0.0001188,,1.09
2023-134Q,57785,STARLINK-30381,95.84,43,560,558,0.0001462,,0.52
2023-134R,57786,STARLINK-30382,95.84,43.01,560,558,0.0001278,,0.56
2023-134S,57787,STARLINK-30378,95.84,43,560,558,0.0001231,,0.52
2023-134T,57788,STARLINK-30387,95.84,43,560,558,0.0001344,,0.73
2023-134U,57789,STARLINK-30372,93.92,43,471,461,0.0007349,,0.57
2023-134V,57790,STARLINK-30373,94.37,43,489,487,0.0001165,,0.41
2023-134W,57791,STARLINK-30367,95.84,43,560,558,0.0001044,,0.38
2023-135A,57792,TIANQI-21,101.22,49.97,826,807,0.0013237,,0.21
2023-135B,57793,TIANQI-22,101.22,49.97,826,807,0.0013054,,0.3
2023-135C,57794,TIANQI-23,101.22,49.97,826,806,0.0013814,,0.27
2023-135D,57795,TIANQI-24,101.22,49.97,826,807,0.0013603,,0.32
2023-136A,57797,YAOGAN-33 03,98.7,98.18,700,693,0.0005238,,0.29
2023-137A,57800,XRISM,95.64,31,556,543,0.0008994,,0.36
2023-138A,57808,STARLINK-30304,93.46,43,445,443,0.0001479,,0.48
2023-138B,57809,STARLINK-30374,95.84,43,560,558,0.0000922,,0.29
2023-138C,57810,STARLINK-30394,95.84,43,559,559,0.0000418,,0.63
2023-138D,57811,STARLINK-30379,95.84,43,560,558,0.0001094,,0.7
2023-138E,57812,STARLINK-30395,95.84,43.01,560,558,0.0001349,,0.37
2023-138F,57813,STARLINK-30403,95.84,43,560,558,0.0001492,,0.51
2023-138G,57814,STARLINK-30413,95.84,43,560,558,0.000143,,0.33
2023-138H,57815,STARLINK-30398,95.84,43.01,560,559,0.0000739,,0.64
2023-138J,57816,STARLINK-30386,95.84,43.01,561,557,0.000267,,0.65
2023-138K,57817,STARLINK-30391,95.84,43,560,558,0.0001173,,0.52
2023-138L,57818,STARLINK-30401,95.84,43.01,560,558,0.0001093,,0.52
2023-138M,57819,STARLINK-30390,95.84,43,560,558,0.0001134,,0.32
2023-138N,57820,STARLINK-30409,95.84,43.01,560,558,0.0001343,,1
2023-138P,57821,STARLINK-30415,95.84,43,560,558,0.0001368,,0.67
2023-138R,57823,STARLINK-30407,94.37,42.99,489,487,0.0000888,,1.04
2023-138S,57824,STARLINK-30408,95.84,43.01,559,559,0.0000623,,0.33
2023-138T,57825,STARLINK-30377,95.84,43,560,558,0.000116,,0.35
2023-138U,57826,STARLINK-30422,95.84,43,560,558,0.00013,,0.55
2023-138V,57827,STARLINK-30402,95.84,43,560,558,0.0001361,,0.68
2023-138W,57828,STARLINK-30411,95.84,43.01,560,558,0.0001314,,0.34
2023-138X,57829,STARLINK-30418,95.84,43,560,558,0.0001685,,0.55
2023-139A,57830,YAOGAN-40 01A,101.96,85.99,853,850,0.0001834,,0.29
2023-139C,57832,YAOGAN-40 01B,101.96,85.99,853,850,0.0001583,,0.22
2023-139D,57833,YAOGAN-40 01C,101.96,85.99,853,851,0.0001408,,0.22
2023-141A,57840,STARLINK-30285,94.11,53.16,476,474,0.0001229,,0.45
2023-141B,57841,STARLINK-30410,94.11,53.16,477,474,0.0001885,,1.15
2023-141C,57842,STARLINK-30435,94.11,53.16,476,474,0.0001304,,1.15
2023-141D,57843,STARLINK-30423,94.11,53.16,476,474,0.0001294,,1.08
2023-141E,57844,STARLINK-30292,94.1,53.16,476,475,0.000094,,0.47
2023-141F,57845,STARLINK-30419,91.71,53.16,359,358,0.000115,,0.33
2023-141H,57847,STARLINK-30416,94.11,53.16,476,474,0.0001086,,1.16
2023-141J,57848,STARLINK-30426,94.11,53.16,476,474,0.0001376,,0.49
2023-141K,57849,STARLINK-30430,94.11,53.16,476,475,0.0000873,,0.44
2023-141L,57850,STARLINK-30425,94.11,53.16,476,474,0.0001377,,1.14
2023-141M,57851,STARLINK-30405,94.11,53.16,476,474,0.0001234,,1.16
2023-141N,57852,STARLINK-30431,94.11,53.16,476,474,0.0001487,,1.13
2023-141P,57853,STARLINK-30404,94.1,53.16,476,474,0.0001769,,0.42
2023-141Q,57854,STARLINK-30412,94.11,53.16,476,474,0.0001215,,1.19
2023-141R,57855,STARLINK-30392,94.11,53.16,476,474,0.0001279,,0.48
2023-141S,57856,STARLINK-30291,94.11,53.16,476,474,0.0001172,,0.45
2023-141T,57857,STARLINK-30424,93.61,53.16,455,448,0.0004948,,1.1
2023-141U,57858,STARLINK-30290,94.11,53.16,476,474,0.0001198,,0.47
2023-141V,57859,STARLINK-30414,94.1,53.16,476,474,0.0001336,,0.47
2023-141W,57860,STARLINK-30272,94.11,53.16,476,474,0.0001399,,1.17
2023-142A,57861,VICTUS NOX,89.43,97.28,248,244,0.0002889,*D,0.35
2023-144A,57864,STARLINK-30432,95.84,43.01,560,558,0.0001981,,0.52
2023-144B,57865,STARLINK-30427,95.84,43,559,559,0.0000484,,0.52
2023-144C,57866,STARLINK-30393,95.84,43,560,559,0.0000708,,1.11
2023-144D,57867,STARLINK-30439,95.84,43,559,559,0.0000376,,0.53
2023-144E,57868,STARLINK-30442,95.84,43,560,559,0.0000841,,0.4
2023-144F,57869,STARLINK-30441,95.82,43,559,557,0.0001312,,1.11
2023-144G,57870,STARLINK-30460,95.84,43,559,559,0.0000162,,0.53
2023-144H,57871,STARLINK-30444,95.84,43,560,559,0.0000739,,0.41
2023-144J,57872,STARLINK-30446,95.84,43.01,560,558,0.0001124,,1.24
2023-144K,57873,STARLINK-30445,95.84,43,560,558,0.0000882,,0.54
2023-144L,57874,STARLINK-30447,95.84,43,560,558,0.0001419,,0.9
2023-144M,57875,STARLINK-30434,95.84,43,560,558,0.000095,,1.28
2023-144N,57876,STARLINK-30429,95.84,43.01,560,558,0.0000999,,0.48
2023-144P,57877,STARLINK-30284,95.84,43,560,558,0.0001475,,0.29
2023-144Q,57878,STARLINK-30433,95.84,43,560,559,0.0000789,,0.49
2023-144R,57879,STARLINK-30358,95.84,43,562,556,0.0004409,,0.49
2023-144S,57880,STARLINK-30436,95.84,43.01,560,558,0.0001474,,0.5
2023-144U,57882,STARLINK-30339,95.84,43,560,558,0.0001092,,0.5
2023-144V,57883,STARLINK-30282,95.84,43,560,558,0.0001511,,0.5
2023-144W,57884,STARLINK-30340,95.84,43.02,561,557,0.0002782,,0.51
2023-144X,57885,STARLINK-30279,95.84,43,560,558,0.0001085,,0.51
2023-145A,57886,YAOGAN-39 02A,94.56,35,500,494,0.0004145,,0.66
2023-145D,57889,YAOGAN-39 02B,94.56,34.99,501,494,0.0004686,,0.67
2023-145E,57890,YAOGAN-39 02C,94.56,34.99,500,495,0.0003614,,0.66
2023-146A,57891,STARLINK-30465,95.84,43.01,560,558,0.0001634,,0.37
2023-146B,57892,STARLINK-30470,95.84,43,560,559,0.0000712,,0.97
2023-146C,57893,STARLINK-30473,95.84,43,559,559,0.0000185,,0.46
2023-146D,57894,STARLINK-30443,95.84,43,560,558,0.0001043,,0.38
2023-146E,57895,STARLINK-30467,95.84,43,560,558,0.000149,,0.44
2023-146F,57896,STARLINK-30469,95.84,43.01,560,558,0.0000875,,0.98
2023-146G,57897,STARLINK-30474,95.83,43,559,558,0.0000759,,0.26
2023-146H,57898,STARLINK-30479,95.84,43,560,558,0.000172,,0.99
2023-146J,57899,STARLINK-30481,95.84,43,559,559,0.0000306,,0.79
2023-146K,57900,STARLINK-30457,95.84,43,560,558,0.0001393,,1.07
2023-146L,57901,STARLINK-30472,95.84,43,560,558,0.0001173,,1.42
2023-146M,57902,STARLINK-30462,95.84,43,560,558,0.0001268,,1.06
2023-146N,57903,STARLINK-30449,95.84,43,560,559,0.0000667,,0.5
2023-146P,57904,STARLINK-30466,95.84,43,560,558,0.0001271,,1
2023-146Q,57905,STARLINK-30451,95.84,43,560,558,0.0001105,,0.5
2023-146R,57906,STARLINK-30428,95.84,43,559,559,0.0000697,,0.47
2023-146S,57907,STARLINK-30482,95.84,43.01,560,558,0.0001353,,1.14
2023-146T,57908,STARLINK-30464,95.84,43,560,558,0.0001224,,1.15
2023-146U,57909,STARLINK-30463,95.84,43.01,560,558,0.0001141,,1.14
2023-146V,57910,STARLINK-30453,95.84,43,560,558,0.0001006,,0.49
2023-146W,57911,STARLINK-30478,95.84,43.01,560,558,0.000189,,0.37
2023-146X,57912,STARLINK-30477,95.84,43.01,560,558,0.0001487,,1.15
2023-147A,57913,STARLINK-30450,95.84,43,560,558,0.0001117,,0.44
2023-147B,57914,STARLINK-30483,94.37,43,489,488,0.0000679,,0.57
2023-147C,57915,STARLINK-30454,95.84,43,560,559,0.0000664,,0.44
2023-147E,57917,STARLINK-30501,95.84,43,560,558,0.0001047,,1.38
2023-147F,57918,STARLINK-30499,94.37,43,489,487,0.0001331,,0.49
2023-147G,57919,STARLINK-30496,95.84,43,560,558,0.0001974,,0.32
2023-147H,57920,STARLINK-30485,95.84,43,560,558,0.000167,,0.46
2023-147J,57921,STARLINK-30492,95.84,43.01,560,558,0.0001678,,0.46
2023-147L,57923,STARLINK-30440,95.84,43,560,558,0.0001232,,1.13
2023-147M,57924,STARLINK-30487,95.84,43,560,559,0.0000835,,0.48
2023-147N,57925,STARLINK-30452,95.84,43.01,561,558,0.000211,,0.33
2023-147P,57926,STARLINK-30468,95.84,43,560,558,0.0001159,,1
2023-147Q,57927,STARLINK-30459,93.65,43,461,445,0.0011416,,0.63
2023-147R,57928,STARLINK-30448,95.84,43,560,558,0.0001092,,0.48
2023-147S,57929,STARLINK-30475,93.81,43,466,455,0.0008062,,0.6
2023-147T,57930,STARLINK-30476,95.83,43,560,558,0.0001817,,0.45
2023-147U,57931,STARLINK-30488,95.84,43,560,558,0.0000995,,0.94
2023-147V,57932,STARLINK-30471,95.84,43,560,558,0.0001039,,1.36
2023-147W,57933,STARLINK-30461,95.84,43,560,558,0.0001075,,0.49
2023-147X,57934,STARLINK-30458,95.25,43,536,525,0.0007837,,1.41
2023-148A,57935,STARLINK-30712,94.11,53.16,476,475,0.0000907,,0.75
2023-148B,57936,STARLINK-30716,94.11,53.16,476,474,0.0001291,,0.91
2023-148C,57937,STARLINK-30400,94.11,53.16,476,475,0.0000489,,0.94
2023-148D,57938,STARLINK-30710,93.86,53.16,464,463,0.0000971,,0.77
2023-148E,57939,STARLINK-30714,94.11,53.16,476,474,0.0001217,,0.78
2023-148F,57940,STARLINK-30711,94.11,53.16,476,474,0.0001182,,0.78
2023-148G,57941,STARLINK-30715,93.95,53.16,469,466,0.0001639,,0.78
2023-148H,57942,STARLINK-30455,94.11,53.16,476,474,0.0001229,,0.77
2023-148J,57943,STARLINK-30456,94.11,53.16,476,474,0.0001405,,0.79
2023-148K,57944,STARLINK-30708,94.11,53.16,476,475,0.0001015,,0.81
2023-148L,57945,STARLINK-30705,94.11,53.16,476,474,0.000129,,0.8
2023-148M,57946,STARLINK-30704,95.69,53.16,553,550,0.0002442,,0.64
2023-148N,57947,STARLINK-30706,94.11,53.16,476,474,0.0001291,,0.79
2023-148P,57948,STARLINK-30709,94.11,53.16,476,474,0.0001422,,0.79
2023-148Q,57949,STARLINK-30707,94.11,53.16,476,474,0.0001211,,0.79
2023-148R,57950,STARLINK-30701,94.11,53.16,476,474,0.0001203,,0.8
2023-148S,57951,STARLINK-30399,94.11,53.16,476,474,0.0001334,,0.8
2023-148T,57952,STARLINK-30713,94.11,53.16,476,474,0.0001359,,0.75
2023-148U,57953,STARLINK-30700,94.11,53.16,476,475,0.0001011,,0.91
2023-148V,57954,STARLINK-30703,94.11,53.16,476,474,0.0001264,,0.94
2023-148W,57955,STARLINK-30702,94.11,53.16,476,474,0.0001285,,0.93
2023-084BZ,57956,SKYKRAFT-3D,93.96,97.56,473,463,0.000766,,0.56
2023-149A,57958,YAOGAN-33 04,98.7,98.13,698,696,0.0001419,,0.29
2023-151A,57964,STARLINK-30396,95.84,43,560,558,0.0001095,,1.1
2023-151B,57965,STARLINK-30524,95.84,43,560,558,0.0001681,,0.99
2023-151C,57966,STARLINK-30521,95.84,43.01,561,557,0.0002368,,0.99
2023-151D,57967,STARLINK-30528,95.84,43,560,558,0.0000924,,0.26
2023-151E,57968,STARLINK-30495,95.84,43,560,558,0.0000993,,0.36
2023-151F,57969,STARLINK-30484,95.84,43,560,558,0.0001178,,0.93
2023-151G,57970,STARLINK-30494,94.37,43,491,486,0.0003578,,1.09
2023-151H,57971,STARLINK-30498,95.84,43,560,558,0.0001845,,1.09
2023-151J,57972,STARLINK-30505,95.84,43,560,558,0.0001157,,1
2023-151K,57973,STARLINK-30502,95.77,43,556,556,0.0000457,,0.94
2023-151L,57974,STARLINK-30489,95.84,43,560,558,0.0001283,,0.99
2023-151M,57975,STARLINK-30503,95.84,43,560,558,0.0000925,,0.34
2023-151N,57976,STARLINK-30512,95.84,43,559,559,0.0000541,,0.31
2023-151P,57977,STARLINK-30509,95.84,43,560,558,0.0001208,,0.65
2023-151Q,57978,STARLINK-30511,95.84,43,560,558,0.0001671,,0.99
2023-151R,57979,STARLINK-30508,95.84,43,559,559,0.0000454,,0.33
2023-151S,57980,STARLINK-30504,94.37,43,489,488,0.0000793,,0.46
2023-151T,57981,STARLINK-30510,95.84,43.01,561,557,0.0003107,,0.27
2023-151U,57982,STARLINK-30507,95.84,43,560,558,0.0001292,,0.87
2023-151V,57983,STARLINK-30515,95.84,43,560,558,0.0001317,,0.34
2023-151W,57984,STARLINK-30516,95.84,43,560,558,0.0001944,,0.88
2023-151X,57985,STARLINK-30519,95.84,43,559,559,0.0000425,,0.35
2023-152A,57986,YAOGAN-39 03A,94.55,35,499,494,0.0003659,,0.73
2023-152C,57988,YAOGAN-39 03B,94.56,34.99,499,496,0.0001996,,0.47
2023-152E,57990,YAOGAN-39 03C,94.55,34.99,501,493,0.00055,,0.41
2023-153A,57991,STARLINK-30537,95.84,43,560,558,0.0001059,,1.43
2023-153B,57992,STARLINK-30534,95.84,43,560,558,0.0001786,,0.68
2023-153C,57993,STARLINK-30536,95.84,43,560,558,0.0001411,,0.7
2023-153D,57994,STARLINK-30538,95.84,43,560,558,0.0001118,,0.71
2023-153E,57995,STARLINK-30517,95.84,43,560,558,0.0001547,,0.71
2023-153F,57996,STARLINK-30543,93.47,43,445,443,0.0001781,,0.35
2023-153G,57997,STARLINK-30523,95.84,43,560,558,0.0001227,,1.1
2023-153H,57998,STARLINK-30531,95.84,43,560,558,0.0001692,,0.67
2023-153J,57999,STARLINK-30552,95.84,43,560,558,0.0001105,,0.72
2023-153K,58000,STARLINK-30545,95.84,43,560,558,0.000107,,0.72
2023-153L,58001,STARLINK-30535,95.84,43,559,559,0.0000496,,0.66
2023-153M,58002,STARLINK-30540,95.84,43,560,558,0.0001382,,0.89
2023-153N,58003,STARLINK-30546,95.84,43,560,559,0.0000817,,0.66
2023-153P,58004,STARLINK-30539,95.84,43,560,558,0.0001175,,0.66
2023-153Q,58005,STARLINK-30530,95.84,43,560,558,0.0001738,,0.74
2023-153R,58006,STARLINK-30526,95.84,43,560,558,0.0000952,,0.79
2023-153S,58007,STARLINK-30527,93.98,43,472,466,0.000451,,0.5
2023-153T,58008,STARLINK-30522,95.84,43,561,558,0.0002227,,1.11
2023-153U,58009,STARLINK-30486,95.84,43,560,558,0.0001793,,0.73
2023-153V,58010,STARLINK-30520,95.84,43,559,559,0.000008,,0.74
2023-153W,58011,STARLINK-30497,95.84,43,560,558,0.0001296,,0.88
2023-153X,58012,STARLINK-30525,95.84,43,560,558,0.0001348,,0.89
2023-154A,58013,KUIPER-P2,93.04,29.97,431,416,0.0011101,,0.33
2023-155A,58016,THEOS-2 (T2V),97.18,97.88,625,623,0.0001467,,0.27
2023-155B,58017,FORMOSAT-7R (TRITON),96.75,97.88,604,602,0.0001206,,0.53
2023-155C,58018,ANSER-FLW2,94.94,97.6,517,514,0.0001606,,0.31
2023-155D,58019,ANSER-FLW1,94.94,97.61,518,513,0.0003896,,0.31
2023-155E,58020,NESS,95.23,97.64,536,523,0.0008815,,0.77
2023-155F,58021,CSC-2,95.39,97.6,541,533,0.0005804,,0.79
2023-155G,58022,CSC-1,95.65,97.6,556,544,0.0008929,,0.33
2023-155H,58023,PRETTY,95.26,97.62,533,530,0.0002468,,0.66
2023-155J,58024,MACSAT (FINCH 1),95.24,97.63,533,528,0.0003741,,0.4
2023-155K,58025,PVCC,95.51,97.63,548,539,0.0006304,,0.26
2023-156A,58028,STARLINK-30514,93.86,53.16,464,462,0.0001135,,0.64
2023-156B,58029,STARLINK-30518,93.86,53.16,464,462,0.0001223,,0.59
2023-156C,58030,STARLINK-30549,93.86,53.16,464,462,0.0001402,,0.8
2023-156D,58031,STARLINK-30556,94.16,53.16,479,477,0.0001322,,0.73
2023-156E,58032,STARLINK-30561,93.86,53.16,464,462,0.0001113,,0.62
2023-156F,58033,STARLINK-30562,95.69,53.16,553,551,0.0001791,,0.58
2023-156G,58034,STARLINK-30565,93.86,53.16,464,462,0.0001293,,0.71
2023-156H,58035,STARLINK-30438,93.86,53.16,464,462,0.0001145,,0.62
2023-156J,58036,STARLINK-30437,93.86,53.16,464,462,0.0001099,,0.62
2023-156K,58037,STARLINK-30533,95.69,53.16,553,551,0.000146,,0.58
2023-156L,58038,STARLINK-30560,93.86,53.16,464,462,0.0001087,,0.64
2023-156M,58039,STARLINK-30559,95.69,53.16,553,551,0.000147,,0.57
2023-156N,58040,STARLINK-30555,95.69,53.16,553,551,0.0001419,,0.57
2023-156P,58041,STARLINK-30542,93.75,53.16,458,457,0.0001057,,0.62
2023-156Q,58042,STARLINK-30563,93.86,53.16,464,462,0.0001173,,0.65
2023-156R,58043,STARLINK-30564,93.86,53.16,464,462,0.0001542,,0.61
2023-156S,58044,STARLINK-30547,95.69,53.16,553,551,0.0001621,,0.48
2023-156T,58045,STARLINK-30550,94.11,53.16,476,475,0.0001011,,0.24
2023-156U,58046,STARLINK-30548,95.69,53.16,553,551,0.0001519,,0.65
2023-156V,58047,STARLINK-30529,95.69,53.16,553,551,0.0001298,,0.59
2023-156W,58048,STARLINK-30554,95.69,53.16,553,551,0.0001477,,0.59
2023-158A,58051,STARLINK-30568,95.84,43,560,558,0.0000746,,0.27
2023-158B,58052,STARLINK-30575,95.84,43,560,558,0.0001197,,0.79
2023-158C,58053,STARLINK-30577,95.84,43.01,560,558,0.0000957,,0.94
2023-158D,58054,STARLINK-30566,95.84,43,561,558,0.0002297,,1.21
2023-158E,58055,STARLINK-30544,95.84,43,560,558,0.0001172,,0.89
2023-158F,58056,STARLINK-30553,95.84,43,560,558,0.0001461,,0.35
2023-158G,58057,STARLINK-30541,95.84,43,560,559,0.0000737,,0.81
2023-158H,58058,STARLINK-30573,95.84,43,560,558,0.0001397,,0.95
2023-158J,58059,STARLINK-30582,95.84,43,560,558,0.0001074,,0.23
2023-158K,58060,STARLINK-30558,95.84,43,560,558,0.0000929,,0.92
2023-158L,58061,STARLINK-30579,95.84,43,560,558,0.0001143,,1.03
2023-158M,58062,STARLINK-30588,95.84,43.01,559,559,0.0000376,,1.24
2023-158N,58063,STARLINK-30585,95.84,43,560,558,0.0001602,,0.98
2023-158P,58064,STARLINK-30587,95.84,43,560,558,0.0001064,,0.77
2023-158Q,58065,STARLINK-30576,95.84,43,560,558,0.0001334,,0.54
2023-158R,58066,STARLINK-30571,95.84,43,560,558,0.0001415,,0.25
2023-158S,58067,STARLINK-30567,95.84,43,559,559,0.0000462,,0.86
2023-158T,58068,STARLINK-30569,95.84,43,560,558,0.0000845,,0.24
2023-158U,58069,STARLINK-30480,94.37,43.01,491,485,0.0004313,,1.12
2023-158V,58070,STARLINK-30532,95.84,43,560,558,0.0001311,,0.98
2023-158W,58071,STARLINK-30513,93.46,43,446,442,0.0003109,,0.74
2023-158X,58072,STARLINK-30506,95.84,43,560,558,0.0001831,,0.98
2023-159A,58073,YUNHAI-1 04,100.47,98.55,782,780,0.0001446,,0.24
2023-160A,58075,STARLINK-30604,95.84,43,560,558,0.0001356,,0.71
2023-160B,58076,STARLINK-30500,95.84,43,560,558,0.0001257,,0.7
2023-160C,58077,STARLINK-30613,95.84,43,560,558,0.0001194,,0.85
2023-160D,58078,STARLINK-30597,95.84,43,560,558,0.0001378,,1.1
2023-160E,58079,STARLINK-30598,95.84,43,560,558,0.0000935,,0.72
2023-160F,58080,STARLINK-30603,95.84,43,560,558,0.0001378,,0.72
2023-160G,58081,STARLINK-30602,95.84,43.01,562,557,0.0003573,,1.09
2023-160H,58082,STARLINK-30610,95.84,43,560,558,0.0001839,,0.86
2023-160J,58083,STARLINK-30551,95.84,43,560,558,0.0001031,,1.13
2023-160K,58084,STARLINK-30586,95.84,43,560,558,0.000107,,0.73
2023-160L,58085,STARLINK-30609,95.84,43,560,558,0.0001503,,0.8
2023-160M,58086,STARLINK-30583,95.84,43,560,558,0.0001269,,0.67
2023-160N,58087,STARLINK-30557,95.84,43,560,558,0.0001602,,0.5
2023-160P,58088,STARLINK-30591,95.84,43.01,561,557,0.0002785,,0.68
2023-160Q,58089,STARLINK-30584,95.84,43,561,557,0.0002965,,0.82
2023-160R,58090,STARLINK-30590,95.84,43,561,558,0.0002038,,1.08
2023-160S,58091,STARLINK-30608,95.84,43,560,558,0.0000981,,1.09
2023-160T,58092,STARLINK-30615,95.84,43,561,557,0.0003339,,0.76
2023-160U,58093,STARLINK-30578,95.84,43.01,560,558,0.0001619,,0.71
2023-160V,58094,STARLINK-30574,95.84,43,560,558,0.0001678,,0.69
2023-160W,58095,STARLINK-30570,95.84,43,560,558,0.0001385,,0.7
2023-160X,58096,STARLINK-30581,95.84,43,560,558,0.0001602,,0.64
2023-161A,58097,STARLINK-30594,94.11,53.16,476,474,0.0001404,,0.61
2023-161B,58098,STARLINK-30614,94.11,53.16,476,474,0.0001391,,0.61
2023-161C,58099,STARLINK-30607,94.11,53.16,476,474,0.0001255,,0.61
2023-161D,58100,STARLINK-30600,94.11,53.16,476,475,0.0001082,,0.6
2023-161E,58101,STARLINK-30605,94.11,53.16,476,475,0.0001151,,0.29
2023-161F,58102,STARLINK-30592,94.11,53.16,476,474,0.0001232,,0.62
2023-161G,58103,STARLINK-30589,94.11,53.16,476,474,0.0001225,,0.58
2023-161H,58104,STARLINK-30617,94.11,53.16,476,475,0.0000888,,0.38
2023-161J,58105,STARLINK-30616,93.86,53.16,464,463,0.000101,,0.38
2023-161K,58106,STARLINK-30612,93.86,53.16,464,463,0.0000994,,0.38
2023-161L,58107,STARLINK-30421,93.86,53.16,464,463,0.0001016,,0.59
2023-161M,58108,STARLINK-30611,93.86,53.16,464,463,0.0001022,,0.52
2023-161N,58109,STARLINK-30606,94.11,53.16,476,474,0.0001711,,0.6
2023-161P,58110,STARLINK-30596,94.11,53.16,476,474,0.0001117,,0.56
2023-161Q,58111,STARLINK-30595,94.11,53.16,476,474,0.0001396,,0.59
2023-161R,58112,STARLINK-30593,94.11,53.16,476,474,0.0001516,,0.59
2023-161S,58113,STARLINK-30353,94.11,53.16,476,474,0.0001236,,0.52
2023-161T,58114,STARLINK-30572,94.11,53.16,476,474,0.0001477,,0.6
2023-161U,58115,STARLINK-30580,94.11,53.16,476,474,0.0001152,,0.56
2023-161V,58116,STARLINK-30493,94.11,53.16,476,474,0.0001149,,0.59
2023-161W,58117,STARLINK-30601,94.11,53.16,476,474,0.0001299,,0.52
2023-162A,58118,STARLINK-30795,95.84,43,560,558,0.0001094,,0.54
2023-162B,58119,STARLINK-30765,95.84,43,560,558,0.0001976,,0.59
2023-162C,58120,STARLINK-30768,95.84,43,560,558,0.0001208,,0.55
2023-162D,58121,STARLINK-30799,95.84,43,560,559,0.0000733,,0.59
2023-162E,58122,STARLINK-30759,95.84,43,560,558,0.0002012,,0.55
2023-162F,58123,STARLINK-30781,95.84,43,560,558,0.0001221,,0.55
2023-162G,58124,STARLINK-30754,95.84,43.01,560,558,0.0001571,,0.53
2023-162H,58125,STARLINK-30766,95.84,43,560,558,0.0001492,,0.55
2023-162J,58126,STARLINK-30767,95.84,43,560,558,0.000146,,0.62
2023-162K,58127,STARLINK-30790,95.84,43,560,558,0.0001072,,0.56
2023-162L,58128,STARLINK-30787,95.84,43,560,558,0.0001487,,0.56
2023-162M,58129,STARLINK-30756,95.84,43,560,558,0.0001379,,0.53
2023-162N,58130,STARLINK-30783,95.84,43,560,558,0.0001236,,0.57
2023-162P,58131,STARLINK-30757,95.84,43,560,558,0.0001459,,0.64
2023-162Q,58132,STARLINK-30770,95.84,43,560,558,0.0001172,,0.94
2023-162R,58133,STARLINK-30758,95.84,43,560,558,0.0001561,,0.57
2023-162S,58134,STARLINK-30761,95.84,43,560,558,0.000136,,0.54
2023-162T,58135,STARLINK-30772,95.84,43,560,558,0.0001196,,0.51
2023-162U,58136,STARLINK-30776,95.84,43,560,558,0.000094,,0.58
2023-162V,58137,STARLINK-30782,95.84,43,560,558,0.0000856,,0.58
2023-162W,58138,STARLINK-30769,95.84,43,560,558,0.0001479,,0.59
2023-162X,58139,STARLINK-30775,95.84,43,560,558,0.0001901,,0.58
2023-162Y,58140,STARLINK-30780,95.84,43,560,558,0.0001071,,0.59
2023-163A,58141,YAOGAN-39 04A,94.55,35,500,493,0.0005009,,0.23
2023-163C,58143,YAOGAN-39 04B,94.55,35,502,492,0.0006746,,0.23
2023-163E,58145,YAOGAN-39 04C,94.54,34.99,498,495,0.0002354,,0.24
2023-165A,58148,COSMOS 2570,103.1,67.15,910,901,0.0006253,,0.6
2023-166A,58150,STARLINK-30802,94.11,53.16,476,474,0.0001188,,1.34
2023-166B,58151,STARLINK-30834,94.11,53.16,476,474,0.0001312,,0.62
2023-166C,58152,STARLINK-30833,94.11,53.16,476,474,0.000123,,0.63
2023-166D,58153,STARLINK-30831,94.11,53.16,476,474,0.0001326,,0.91
2023-166E,58154,STARLINK-30797,94.11,53.16,476,474,0.0001256,,0.62
2023-166F,58155,STARLINK-30804,94.11,53.16,476,475,0.0001092,,1.22
2023-166G,58156,STARLINK-30784,94.11,53.16,476,474,0.000124,,1.41
2023-166H,58157,STARLINK-30803,94.11,53.16,476,474,0.0001554,,0.65
2023-166J,58158,STARLINK-30829,94.11,53.16,476,474,0.0001229,,1.35
2023-166K,58159,STARLINK-30788,94.11,53.16,476,474,0.0001215,,0.64
2023-166L,58160,STARLINK-30779,94.11,53.16,476,474,0.0001504,,0.64
2023-166M,58161,STARLINK-30773,94.11,53.16,476,475,0.0001051,,0.27
2023-166N,58162,STARLINK-30816,94.11,53.16,476,474,0.0001456,,0.27
2023-166P,58163,STARLINK-30763,93.86,53.16,465,462,0.0002059,,0.28
2023-166Q,58164,STARLINK-30815,94.11,53.16,476,475,0.0000969,,0.65
2023-166R,58165,STARLINK-30814,94.11,53.16,476,474,0.0001086,,0.61
2023-166S,58166,STARLINK-30789,94.11,53.16,476,474,0.0001179,,0.65
2023-166T,58167,STARLINK-30811,94.1,53.16,476,475,0.0000684,,0.61
2023-166U,58168,STARLINK-30812,94.11,53.16,476,475,0.0000972,,0.61
2023-166V,58169,STARLINK-30771,94.1,53.16,476,474,0.000107,,0.27
2023-166W,58170,STARLINK-30764,94.11,53.16,476,474,0.0001204,,0.67
2023-166X,58171,STARLINK-30752,94.11,53.16,476,474,0.0001198,,0.6
2023-165C,58172,COSMOS 2571,103.06,67.15,914,893,0.0014312,,0.55
2023-167A,58175,STARLINK-30753,95.84,43,559,559,0.000059,,0.61
2023-167B,58176,STARLINK-30824,95.84,43,560,558,0.0001175,,0.81
2023-167C,58177,STARLINK-30791,95.84,43,560,558,0.0001274,,0.59
2023-167D,58178,STARLINK-30810,95.84,43,560,558,0.0001338,,0.55
2023-167E,58179,STARLINK-30819,95.84,43,560,558,0.0000908,,0.55
2023-167F,58180,STARLINK-30806,95.84,43,560,558,0.0001482,,0.55
2023-167G,58181,STARLINK-30821,95.84,43,560,558,0.0001287,,0.59
2023-167H,58182,STARLINK-30778,95.84,43,560,558,0.0001133,,0.6
2023-167J,58183,STARLINK-30809,95.84,43,560,558,0.0001725,,0.56
2023-167K,58184,STARLINK-30801,95.84,43,560,558,0.0001642,,0.56
2023-167L,58185,STARLINK-30793,95.84,43,560,558,0.0001085,,0.8
2023-167M,58186,STARLINK-30755,95.84,43,560,558,0.0001008,,0.5
2023-167N,58187,STARLINK-30760,95.84,43,560,558,0.0001627,,0.6
2023-167P,58188,STARLINK-30826,95.84,43,560,558,0.0001181,,0.57
2023-167Q,58189,STARLINK-30796,95.84,43,560,558,0.0001332,,0.57
2023-167R,58190,STARLINK-30820,95.84,43,560,558,0.0000992,,0.56
2023-167S,58191,STARLINK-30785,95.84,43,560,558,0.0001006,,0.58
2023-167T,58192,STARLINK-30807,95.84,43,560,558,0.0001248,,0.57
2023-167U,58193,STARLINK-30822,95.84,43,560,558,0.0001203,,0.51
2023-167V,58194,STARLINK-30830,95.84,43,560,558,0.0001528,,0.45
2023-167W,58195,STARLINK-30827,95.84,43,560,558,0.0001091,,0.52
2023-167X,58196,STARLINK-30798,95.84,43,560,558,0.000147,,0.54
2023-167Y,58197,STARLINK-30762,95.84,43,560,558,0.0001526,,0.58
2023-168A,58199,TIANHUI 5A,96.8,97.82,607,604,0.0001729,,0.97
2023-168C,58201,TIANHUI 5B,96.8,97.82,607,604,0.0002132,,0.97
2023-169A,58204,TJS-10,1436.09,1.22,35811,35762,0.000576,*G,0.64
2023-170A,58206,STARLINK-30800,95.84,43,560,558,0.0001498,,0.52
2023-170B,58207,STARLINK-30845,95.84,43.01,560,558,0.0001036,,0.43
2023-170C,58208,STARLINK-30841,95.84,43,560,558,0.000136,,0.78
2023-170D,58209,STARLINK-30839,95.84,43,560,558,0.0001167,,1.07
2023-170E,58210,STARLINK-30846,95.84,43,560,558,0.0001076,,1.06
2023-170F,58211,STARLINK-30838,95.84,43,560,558,0.0001355,,1.07
2023-170G,58212,STARLINK-30837,95.84,43,560,558,0.0001159,,0.53
2023-170H,58213,STARLINK-30813,95.84,43,560,558,0.0001066,,0.54
2023-170J,58214,STARLINK-30805,95.84,43,560,558,0.0001311,,0.75
2023-170K,58215,STARLINK-30851,95.84,43,560,558,0.0001193,,0.48
2023-170M,58217,STARLINK-30818,95.84,43,560,558,0.0001314,,1.09
2023-170N,58218,STARLINK-30794,95.84,43,560,558,0.0001324,,0.47
2023-170P,58219,STARLINK-30835,95.84,43,560,558,0.0001122,,0.43
2023-170Q,58220,STARLINK-30792,95.84,43,559,559,0.0000468,,0.43
2023-170R,58221,STARLINK-30836,95.84,43,560,558,0.0001048,,0.37
2023-170S,58222,STARLINK-30855,95.84,43,560,558,0.0001155,,0.52
2023-170T,58223,STARLINK-30840,95.84,43,560,558,0.0001558,,1.39
2023-170U,58224,STARLINK-30875,95.84,43,560,558,0.0001292,,0.55
2023-170V,58225,STARLINK-30872,94.37,43,489,487,0.0001467,,0.6
2023-170W,58226,STARLINK-30865,95.84,43,560,558,0.0000914,,1.41
2023-170X,58227,STARLINK-30874,95.84,43,560,558,0.000127,,0.38
2023-170Y,58228,STARLINK-30871,95.84,43,561,557,0.0002361,,0.38
2023-171A,58230,STARLINK-30861,95.84,43,560,558,0.0000823,,0.58
2023-171B,58231,STARLINK-30867,95.84,43,559,559,0.000055,,0.51
2023-171C,58232,STARLINK-30880,95.84,43.01,560,558,0.0001553,,0.24
2023-171D,58233,STARLINK-30777,95.84,43,560,558,0.0001051,,1.16
2023-171E,58234,STARLINK-30860,95.84,43,560,558,0.0001617,,0.5
2023-171F,58235,STARLINK-30879,93.46,43,445,443,0.0001305,,0.31
2023-171G,58236,STARLINK-30853,95.84,43,561,558,0.0002062,,1.23
2023-171H,58237,STARLINK-30866,95.84,43,559,559,0.0000363,,0.53
2023-171J,58238,STARLINK-30817,95.84,43,560,559,0.0000901,,0.49
2023-171K,58239,STARLINK-30847,95.84,43,560,558,0.0001203,,0.49
2023-171L,58240,STARLINK-30848,95.84,43,560,558,0.0000911,,0.48
2023-171M,58241,STARLINK-30843,95.84,43,560,558,0.0000961,,0.49
2023-171N,58242,STARLINK-30877,95.84,43.01,560,558,0.0001584,,0.52
2023-171P,58243,STARLINK-30864,95.84,43,560,559,0.0000805,,0.55
2023-171Q,58244,STARLINK-30854,95.84,43,560,558,0.0001332,,1.49
2023-171R,58245,STARLINK-30849,95.84,43,560,558,0.0001479,,1.54
2023-171S,58246,STARLINK-30886,95.84,43,560,558,0.0001038,,1.27
2023-171T,58247,STARLINK-30850,95.84,43,560,558,0.0001102,,0.47
2023-171U,58248,STARLINK-30823,95.84,43,560,558,0.0000967,,0.5
2023-171V,58249,STARLINK-30873,95.84,43,559,559,0.000052,,0.86
2023-171W,58250,STARLINK-30808,95.84,43.01,560,558,0.0001159,,0.5
2023-171X,58251,STARLINK-30881,95.84,43,560,558,0.0001172,,0.48
2023-171Y,58252,STARLINK-30883,95.84,43,560,558,0.0001506,,0.52
2023-172A,58253,ZHONGXING-6E,1436.13,0.02,35797,35777,0.0002414,*G,1.01
2023-174A,58256,CONNECTA T3.1,93.75,97.43,462,453,0.000634,,0.78
2023-174B,58257,MANTIS,93.62,97.43,457,446,0.0007855,,0.24
2023-174C,58258,ORBASTRO-PC-1,94.33,97.43,493,480,0.0009488,,0.32
2023-174D,58259,LEMUR-2-BASS,94.33,97.43,493,479,0.0009772,,0.53
2023-174E,58260,LEMUR-2-DILIGHTFUL,93.18,97.43,435,425,0.0007299,,0.74
2023-174F,58261,VERONIKA,93.42,97.43,448,437,0.0007992,,0.34
2023-174G,58262,PLATERO,93.77,97.43,466,452,0.0009551,,0.71
2023-174H,58263,LEMUR-2-GOOD-VIBES,93.2,97.42,436,427,0.000656,,0.74
2023-174J,58264,BRO-11,94.7,97.44,512,496,0.0011305,,0.26
2023-174K,58265,PEARL 1H,93.97,97.42,474,463,0.0007922,,0.34
2023-174L,58266,DJIBOUTI-1A,93.47,97.44,450,438,0.0008315,,0.33
2023-174M,58267,LEMUR-2-SANITA-VETRA,93.17,97.43,434,426,0.0005933,,0.76
2023-174N,58268,CONNECTA T3.2,93.53,97.43,452,443,0.0007083,,0.77
2023-174P,58269,IRIS-C2,93.42,97.43,447,437,0.0007565,,0.27
2023-174Q,58270,FLOCK 4Q-1,94.21,97.43,487,474,0.0008969,,0.52
2023-174R,58271,FLOCK 4Q-16,94.25,97.43,489,476,0.0009415,,0.72
2023-174S,58272,TIGER-6,94.05,97.43,477,468,0.0006763,,0.52
2023-174T,58273,FLOCK 4Q-11,94.25,97.43,489,476,0.0009241,,0.52
2023-174U,58274,FLOCK 4Q-36,94.15,97.43,483,471,0.0008695,,0.53
2023-174V,58275,FLOCK 4Q-12,94.12,97.43,482,470,0.000817,,0.74
2023-174W,58276,GENMAT-1,94.6,97.42,505,493,0.0008606,,0.72
2023-174X,58277,TIGER-5,94,97.43,475,465,0.0007072,,0.76
2023-174Y,58278,FLOCK 4Q-19,94.02,97.43,475,467,0.0006227,,0.75
2023-174AA,58280,FLOCK 4Q-28,94.18,97.43,485,473,0.0009031,,0.74
2023-174AB,58281,AETHER-1,94.33,97.44,492,480,0.0008903,,0.35
2023-174AC,58282,FLOCK 4Q-27,94.15,97.43,484,472,0.0008728,,0.72
2023-174AD,58283,FLOCK 4Q-17,94.05,97.43,478,467,0.0007738,,0.31
2023-174AE,58284,FLOCK 4Q-26,94.13,97.43,483,470,0.0009041,,0.56
2023-174AF,58285,FLOCK 4Q-31,94.2,97.44,487,473,0.0010075,,0.84
2023-174AG,58286,FLOCK 4Q-30,94.17,97.44,485,471,0.000981,,0.53
2023-174AH,58287,PICO-01B009,94.07,97.43,479,468,0.0007734,,0.3
2023-174AJ,58288,ICEYE-X31,94.9,97.43,516,511,0.0003674,,0.28
2023-174AM,58291,FALCONSAT-10,94.68,97.43,510,497,0.0009639,,0.72
2023-174AN,58292,UMBRA-08,94.56,97.43,498,496,0.0001751,,0.74
2023-174AP,58293,ICEYE-X32,92.54,97.43,402,396,0.000446,,0.28
2023-174AQ,58294,ICEYE-X34,94.35,97.43,493,481,0.0008503,,0.74
2023-174AR,58295,SPACEVAN-001,94.47,97.44,498,488,0.0007924,,0.26
2023-174AS,58296,PELICAN-1,93.68,97.43,461,448,0.0009872,,0.3
2023-174AT,58297,UMBRA-07,95.89,97.43,565,559,0.000452,,0.78
2023-174AU,58298,SPIP,94.68,97.44,510,496,0.0010657,,0.24
2023-174AV,58299,AETHER-2,94.34,97.43,493,480,0.0009463,,0.74
2023-174AW,58300,ION SCV-013,97.61,97.7,650,638,0.0008869,,0.3
2023-174AX,58301,IMPULSE-1 MIRA,94.7,97.57,573,435,0.0100345,,0.72
2023-174AY,58302,ICEYE-X35,94.56,97.43,508,487,0.0015563,,0.27
2023-174AZ,58303,FLOCK 4Q-25,94.1,97.43,481,469,0.0008435,,0.75
2023-174BA,58304,FLOCK 4Q-29,94.18,97.44,486,472,0.0010145,,0.6
2023-174BC,58306,FLOCK 4Q-22,94.12,97.43,482,470,0.000909,,0.75
2023-174BD,58307,FLOCK 4Q-23,94.12,97.44,483,469,0.0009964,,0.6
2023-174BE,58308,FLOCK 4Q-33,94.15,97.43,484,471,0.0009756,,1.3
2023-174BF,58309,FLOCK 4Q-35,94.15,97.43,484,470,0.0010334,,0.75
2023-174BG,58310,FLOCK 4Q-32,92.82,97.43,417,408,0.0006123,,0.33
2023-174BH,58311,FLOCK 4Q-14,94.24,97.43,488,475,0.0009241,,0.73
2023-174BK,58313,FLOCK 4Q-20,94.04,97.44,479,465,0.0009943,,0.72
2023-174BM,58315,FLOCK 4Q-6,94.22,97.43,487,475,0.0009399,,0.78
2023-174BN,58316,FLOCK 4Q-34,94.12,97.43,483,469,0.0009856,,1.04
2023-174BP,58317,KAFASAT,92.54,97.42,402,396,0.0004831,,0.59
2023-174BQ,58318,FLOCK 4Q-7,94.19,97.44,487,472,0.0010693,,0.75
2023-174BR,58319,FLOCK 4Q-15,94.08,97.43,481,467,0.0009953,,0.74
2023-174BS,58320,FLOCK 4Q-2,94.25,97.43,489,475,0.0010132,,0.29
2023-174BT,58321,PROTOMETHEE,94.57,97.43,504,491,0.0009404,,0.27
2023-174BU,58322,FLOCK 4Q-9,94.26,97.43,490,476,0.001022,,0.71
2023-174BV,58323,OBSERVER-1A,94.47,97.44,500,485,0.0011331,,0.3
2023-174BW,58324,FLOCK 4Q-10,93.76,97.43,464,453,0.0007628,,0.72
2023-174BY,58326,PICO-01A003,94.36,97.43,494,482,0.0008774,,0.31
2023-174BZ,58327,FLOCK 4Q-4,94.27,97.43,489,477,0.0008798,,0.74
2023-174CA,58328,FLOCK 4Q-13,94.2,97.44,486,473,0.0009817,,0.8
2023-174CB,58329,FLOCK 4Q-21,94.08,97.44,480,468,0.0008806,,0.71
2023-174CC,58330,PICO-01G005,92.95,97.42,422,415,0.0005345,,0.29
2023-174CD,58331,BRO-10,93.99,97.43,476,464,0.0008754,,0.28
2023-174CE,58332,LEMUR-2-MARAPAMASM,92.43,97.42,397,390,0.0004864,,0.33
2023-174CF,58333,LEMUR-2-THE-CLEANER,92.97,97.43,423,417,0.0004818,,0.77
2023-174CG,58334,OUTPOST MISSION 2,94.15,97.44,484,470,0.0010084,,0.31
2023-174CJ,58336,LEMUR-2-JK0903EM1407,94.12,97.43,482,470,0.0008206,,0.74
2023-174CL,58338,BARRY-1,92.59,97.42,404,399,0.0004283,,0.59
2023-174CM,58339,PLATFORM-5,92.7,97.43,410,403,0.000499,,0.29
2023-174CN,58340,LEMUR-2-MJR092620,94.07,97.44,480,467,0.0009126,,0.77
2023-174CP,58341,NINJASAT,93.43,97.43,447,438,0.0007215,,0.29
2023-174CQ,58342,PEARL 1C,93.64,97.43,459,446,0.0009022,,0.29
2023-175A,58346,O3B MPOWER F5,287.93,0.06,8077,8055,0.0007441,,0.91
2023-175B,58347,O3B MPOWER F6,287.93,0.06,8076,8055,0.0007216,,1.01
2023-176A,58349,HAIYANG-3A,100.41,98.6,786,770,0.0011044,,0.24
2023-177B,58352,STARLINK-30907,95.84,43.01,560,558,0.0001624,,0.36
2023-177C,58353,STARLINK-30896,94.37,43,489,487,0.0001238,,0.53
2023-177D,58354,STARLINK-30832,95.84,43,560,558,0.0001361,,0.86
2023-177E,58355,STARLINK-30903,95.84,43,560,558,0.0001671,,0.35
2023-177F,58356,STARLINK-30905,95.84,43,560,558,0.0001108,,0.9
2023-177G,58357,STARLINK-30842,95.84,43,560,558,0.0001547,,0.85
2023-177H,58358,STARLINK-30858,95.84,43,560,558,0.0001046,,0.96
2023-177J,58359,STARLINK-30878,95.84,43,560,559,0.0000733,,1
2023-177K,58360,STARLINK-30897,95.84,43,560,558,0.0001678,,0.89
2023-177L,58361,STARLINK-30885,95.84,43,560,558,0.0001772,,1.1
2023-177M,58362,STARLINK-30890,95.84,43,560,559,0.0000687,,1.1
2023-177N,58363,STARLINK-30909,95.84,43,560,558,0.0001858,,1.1
2023-177P,58364,STARLINK-30904,95.79,43,557,556,0.0000876,,0.97
2023-177Q,58365,STARLINK-30918,95.84,43,560,558,0.0001145,,0.38
2023-177R,58366,STARLINK-30892,95.84,43,560,558,0.0001643,,0.31
2023-177S,58367,STARLINK-30891,95.84,43,560,558,0.0001367,,0.32
2023-177T,58368,STARLINK-30889,95.84,43,560,558,0.0001126,,0.98
2023-177U,58369,STARLINK-30870,95.84,43,560,558,0.0000957,,0.32
2023-177V,58370,STARLINK-30888,95.84,43,560,558,0.0001724,,0.35
2023-177W,58371,STARLINK-30859,95.84,43,559,559,0.0000593,,1.09
2023-177X,58372,STARLINK-30884,95.84,43,559,559,0.0000411,,0.99
2023-177Y,58373,STARLINK-30852,95.84,43,560,559,0.0000749,,0.96
2023-178A,58374,STARLINK-30911,94.11,53.16,476,475,0.0001055,,0.55
2023-178B,58375,STARLINK-30894,94.11,53.16,476,475,0.0000806,,0.28
2023-178C,58376,STARLINK-30910,94.11,53.16,476,474,0.0001298,,0.28
2023-178D,58377,STARLINK-30914,94.11,53.16,476,475,0.0000613,,0.29
2023-178E,58378,STARLINK-30920,93.64,53.16,455,450,0.0003706,,0.5
2023-178F,58379,STARLINK-30882,94.11,53.16,476,474,0.0001166,,0.86
2023-178G,58380,STARLINK-30915,93.25,53.16,438,429,0.0006392,,0.25
2023-178H,58381,STARLINK-30923,94.11,53.16,476,474,0.0001153,,0.92
2023-178J,58382,STARLINK-30927,94.11,53.16,476,474,0.0001283,,0.25
2023-178K,58383,STARLINK-30921,94.11,53.16,476,474,0.0001506,,0.86
2023-178L,58384,STARLINK-30825,94.11,53.16,476,475,0.0000709,,1
2023-178M,58385,STARLINK-30930,94.11,53.16,476,474,0.0001389,,0.23
2023-178N,58386,STARLINK-30929,94.11,53.16,476,474,0.0001154,,0.23
2023-178P,58387,STARLINK-30898,94.11,53.16,476,475,0.0001145,,0.24
2023-178Q,58388,STARLINK-30913,94.11,53.16,476,474,0.000131,,0.26
2023-178R,58389,STARLINK-30938,94.11,53.16,476,475,0.0000965,,0.84
2023-178S,58390,STARLINK-30868,94.11,53.16,476,474,0.0001172,,0.98
2023-178T,58391,STARLINK-30916,94.11,53.16,476,474,0.0001235,,0.97
2023-178U,58392,STARLINK-30937,94.11,53.16,476,474,0.000138,,0.25
2023-178V,58393,STARLINK-30939,94.11,53.16,476,474,0.0001404,,0.92
2023-178W,58394,STARLINK-30887,94.11,53.16,476,475,0.0000993,,0.24
2023-178X,58395,STARLINK-30934,94.11,53.16,476,474,0.0001231,,0.98
2023-179A,58400,MALLIGYONG-1,94.69,97.38,508,500,0.0005661,,0.23
2023-180A,58402,STARLINK-30964,95.84,43,560,558,0.0001167,,0.74
2023-180B,58403,STARLINK-30844,95.84,43,560,558,0.000145,,0.75
2023-180C,58404,STARLINK-30876,95.84,43,560,558,0.0001341,,0.75
2023-180D,58405,STARLINK-30952,95.84,43,560,558,0.000103,,0.75
2023-180E,58406,STARLINK-30925,95.84,43,560,558,0.0001237,,0.89
2023-180F,58407,STARLINK-30954,95.84,43,560,558,0.0001151,,0.74
2023-180G,58408,STARLINK-30906,95.84,43,560,558,0.0001417,,0.8
2023-180H,58409,STARLINK-30940,94.37,43.01,490,487,0.0002083,,0.35
2023-180J,58410,STARLINK-30933,94.37,43,490,487,0.0002027,,0.35
2023-180K,58411,STARLINK-30919,95.84,43,560,559,0.0000677,,0.73
2023-180L,58412,STARLINK-30924,94.37,43.01,489,487,0.0001497,,1.07
2023-180M,58413,STARLINK-30931,95.84,43,560,558,0.0000884,,0.22
2023-180N,58414,STARLINK-30922,95.84,43,560,558,0.0001246,,0.91
2023-180P,58415,STARLINK-30949,95.84,43,560,558,0.0000951,,0.71
2023-180Q,58416,STARLINK-30967,95.84,43,560,558,0.0001498,,0.84
2023-180R,58417,STARLINK-30955,95.84,43,560,559,0.0000573,,0.73
2023-180S,58418,STARLINK-30895,95.84,43,560,558,0.000177,,0.72
2023-180T,58419,STARLINK-30917,94.37,43,489,487,0.0001194,,0.9
2023-180U,58420,STARLINK-30899,95.84,43,560,558,0.0001583,,0.72
2023-180V,58421,STARLINK-30902,95.84,43,560,558,0.0001117,,0.81
2023-180W,58422,STARLINK-30912,94.37,43,489,487,0.0001542,,0.32
2023-180X,58423,STARLINK-30900,95.84,43,560,558,0.000093,,0.78
2023-180Y,58424,STARLINK-30908,95.84,43,560,558,0.000122,,0.8
2023-181A,58425,2023-181A,107.35,49.96,1114,1094,0.0013445,,0.57
2023-182A,58435,COSMOS 2572,90.56,96.7,313,291,0.0016995,,0.87
2023-183A,58437,STARLINK-30869,95.84,43.01,561,557,0.0002629,,0.24
2023-183B,58438,STARLINK-30969,95.84,43,560,558,0.0001275,,0.23
2023-183C,58439,STARLINK-30951,95.84,43,559,559,0.0000495,,0.24
2023-183D,58440,STARLINK-30950,94.19,43,481,477,0.0002917,,1
2023-183E,58441,STARLINK-30942,95.84,43,560,559,0.0000706,,0.26
2023-183F,58442,STARLINK-30959,95.84,43,560,558,0.0001324,,0.73
2023-183G,58443,STARLINK-30971,95.84,43,560,558,0.0001352,,0.92
2023-183H,58444,STARLINK-30963,95.84,43,560,558,0.0001122,,0.8
2023-183J,58445,STARLINK-30961,95.84,43,560,558,0.0001776,,0.73
2023-183K,58446,STARLINK-30975,95.84,43,560,558,0.0000962,,0.82
2023-183L,58447,STARLINK-30976,95.84,43.01,560,558,0.0001658,,0.54
2023-183M,58448,STARLINK-30926,95.84,43,560,558,0.0001091,,0.75
2023-183N,58449,STARLINK-30943,95.84,43,560,558,0.0001674,,0.95
2023-183P,58450,STARLINK-30946,95.84,43.01,560,558,0.0001011,,0.96
2023-183Q,58451,STARLINK-30944,95.84,43,560,558,0.0001385,,0.94
2023-183R,58452,STARLINK-30928,95.84,43,560,558,0.0001161,,0.81
2023-183S,58453,STARLINK-30957,95.84,43,560,559,0.0000727,,0.95
2023-183T,58454,STARLINK-30966,95.84,43,560,558,0.0001008,,0.89
2023-183U,58455,STARLINK-30935,95.84,43,560,558,0.000137,,0.25
2023-183V,58456,STARLINK-30960,95.46,43,544,537,0.0005086,,0.81
2023-183W,58457,STARLINK-30958,95.84,43,560,558,0.0000992,,0.79
2023-183X,58458,STARLINK-30962,95.84,43.01,560,558,0.0001076,,0.95
2023-183Y,58459,STARLINK-30977,95.84,43,560,558,0.000101,,0.85
2023-185A,58462,GNOMES-4,95.81,97.57,569,547,0.0015321,,0.23
2023-185B,58463,KORSAT 7,95.92,97.62,581,545,0.0025307,,0.24
2023-185C,58464,KOYOH,95.37,97.59,541,532,0.0006804,,0.24
2023-185D,58465,BANE,93.97,97.4,474,464,0.0006877,,0.23
2023-185E,58466,UHETSAT,94.61,97.42,510,489,0.0014949,,0.27
2023-185F,58467,LILIUM-1,94.25,97.4,488,476,0.0009138,,0.26
2023-185G,58468,SPIRIT,94.07,97.4,480,467,0.0009326,,0.24
2023-185H,58469,ION SCV-015,94.47,97.62,501,484,0.0012556,,0.27
2023-185J,58470,ROBUSTA-1E (ENSO),93.54,97.4,453,442,0.0008629,,0.24
2023-185K,58471,HAYASAT-1,92.74,97.39,413,405,0.0006382,,0.26
2023-185L,58472,EIRSAT-1,93.33,97.4,443,432,0.0007911,,0.23
2023-186A,58473,STARLINK-30947,95.84,43,560,558,0.0001385,,0.87
2023-186B,58474,STARLINK-30995,93.33,43,446,430,0.0011699,,0.36
2023-186C,58475,STARLINK-30941,95.84,43,560,558,0.0001591,,0.74
2023-186D,58476,STARLINK-30980,95.84,43,560,558,0.0001666,,0.74
2023-186E,58477,STARLINK-30965,95.77,43,557,555,0.0001628,,0.8
2023-186F,58478,STARLINK-30990,95.84,43,560,558,0.0001541,,0.88
2023-186H,58480,STARLINK-30984,95.84,43.01,560,558,0.0001805,,0.79
2023-186J,58481,STARLINK-30956,95.84,43,560,559,0.000078,,0.24
2023-186K,58482,STARLINK-30997,95.84,43,560,558,0.0001093,,0.71
2023-186L,58483,STARLINK-30994,94.37,43,489,487,0.0001133,,0.37
2023-186M,58484,STARLINK-30991,95.84,43,560,558,0.0001232,,0.8
2023-186N,58485,STARLINK-30979,95.84,43,560,558,0.0001073,,0.89
2023-186P,58486,STARLINK-31005,95.84,43.01,561,557,0.0002448,,0.89
2023-186Q,58487,STARLINK-30987,95.84,43,560,558,0.0001148,,0.89
2023-186R,58488,STARLINK-31000,95.84,43,560,558,0.0001377,,0.9
2023-186S,58489,STARLINK-30993,95.84,43,560,558,0.000186,,0.77
2023-186T,58490,STARLINK-30978,95.84,43,560,558,0.0001271,,0.77
2023-186U,58491,STARLINK-30953,94.26,43,483,482,0.0001047,,0.35
2023-186V,58492,STARLINK-30986,95.84,43,560,558,0.0001229,,0.71
2023-186W,58493,STARLINK-30985,95.84,43,560,558,0.000135,,0.78
2023-186X,58494,STARLINK-30981,95.84,43,560,558,0.0001164,,0.72
2023-186Y,58495,STARLINK-31002,95.84,43,560,558,0.0001016,,0.79
2023-187A,58496,2023-187A,97.17,97.97,632,615,0.001222,,0.28
2023-187B,58497,MISRSAT-2,97.23,97.97,634,618,0.0011739,,0.25
2023-187C,58498,2023-187C,97.14,97.97,629,614,0.0011344,,0.29
2023-188A,58500,DOORY-SAT,97.41,46.98,641,629,0.0008957,,0.29
2023-189A,58502,2023-189A,94.3,97.46,492,477,0.0010788,,0.21
2023-189B,58503,2023-189B,93.67,97.45,460,448,0.0008361,,0.22
2023-190A,58505,2023-190A,107.5,86.51,1113,1110,0.0001905,,0.24
2023-191A,58508,STARLINK-31026,95.84,43,560,558,0.000112,,0.61
2023-191B,58509,STARLINK-31020,95.84,43,560,558,0.0001217,,0.68
2023-191C,58510,STARLINK-30989,95.84,43,560,558,0.0001239,,0.66
2023-191D,58511,STARLINK-30968,95.84,43,560,558,0.0000996,,1.06
2023-191E,58512,STARLINK-30982,95.84,43,560,558,0.0000896,,0.6
2023-191F,58513,STARLINK-30998,95.84,43,560,558,0.0001411,,0.6
2023-191G,58514,STARLINK-30983,95.84,43,560,558,0.0001886,,0.58
2023-191H,58515,STARLINK-31017,93.16,43,431,427,0.0002731,,0.25
2023-191J,58516,STARLINK-31028,95.84,43,560,558,0.0001335,,0.61
2023-191K,58517,STARLINK-31011,95.84,43,560,558,0.0001305,,0.61
2023-191L,58518,STARLINK-31021,95.84,43,560,558,0.0001231,,0.59
2023-191M,58519,STARLINK-31010,95.84,43,560,558,0.0000916,,0.59
2023-191N,58520,STARLINK-31003,95.84,43,560,558,0.0001481,,0.61
2023-191P,58521,STARLINK-31015,95.84,43,560,558,0.0001028,,0.62
2023-191Q,58522,STARLINK-31023,95.84,43,560,558,0.0000956,,0.62
2023-191R,58523,STARLINK-30932,95.84,43,560,559,0.0000829,,0.62
2023-191S,58524,STARLINK-30992,95.84,43,560,558,0.0000922,,0.69
2023-191T,58525,STARLINK-30948,95.84,43,560,558,0.0000832,,0.63
2023-191U,58526,STARLINK-31013,95.84,43,560,558,0.0000934,,0.57
2023-191V,58527,STARLINK-31001,95.84,43,560,558,0.000158,,0.65
2023-191W,58528,STARLINK-31004,95.84,43,560,558,0.0000967,,0.64
2023-191X,58529,STARLINK-30988,95.84,43,560,558,0.0001416,,0.71
2023-191Y,58530,STARLINK-31009,95.84,43,560,558,0.0001402,,0.58
2023-192A,58531,STARLINK-31012,94.11,53.16,476,475,0.0000781,,0.7
2023-192B,58532,STARLINK-31035,93.51,53.16,449,444,0.0003394,,0.68
2023-192C,58533,STARLINK-31036,94.08,53.16,475,473,0.0001128,,0.67
2023-192D,58534,STARLINK-30936,93.81,53.16,462,460,0.0001231,,0.81
2023-192E,58535,STARLINK-31032,94.11,53.16,476,474,0.0001088,,0.7
2023-192F,58536,STARLINK-31037,94.11,53.16,476,475,0.0000984,,0.7
2023-192G,58537,STARLINK-31041,94.11,53.16,476,474,0.0001229,,0.76
2023-192H,58538,STARLINK-31014,94.11,53.16,476,474,0.0001216,,0.75
2023-192J,58539,STARLINK-31055,94.11,53.16,476,475,0.0001041,,0.75
2023-192K,58540,STARLINK-31019,94.11,53.16,476,475,0.0000965,,0.69
2023-192L,58541,STARLINK-31045,95.68,53.16,553,551,0.0001584,,0.56
2023-192M,58542,STARLINK-31030,94.11,53.16,476,474,0.0001273,,0.81
2023-192N,58543,STARLINK-31049,94.11,53.16,476,474,0.0001272,,0.81
2023-192P,58544,STARLINK-31048,94.11,53.16,476,475,0.0001028,,0.78
2023-192Q,58545,STARLINK-31057,94.11,53.16,476,474,0.0001426,,0.81
2023-192R,58546,STARLINK-31050,94.11,53.16,476,474,0.000119,,0.67
2023-192S,58547,STARLINK-31063,93.86,53.16,464,463,0.0001123,,0.78
2023-192T,58548,STARLINK-31016,94.11,53.16,476,475,0.0001051,,0.65
2023-192U,58549,STARLINK-31053,94.11,53.16,476,474,0.000124,,0.67
2023-192V,58550,STARLINK-31056,94.11,53.16,476,475,0.0000947,,0.65
2023-192W,58551,STARLINK-30999,94.11,53.16,476,474,0.0001079,,0.82
2023-192X,58552,STARLINK-31046,94.11,53.16,476,475,0.0001089,,0.66
2023-193A,58553,2023-193A,91.66,97.23,363,349,0.0010659,,0.25
2023-193B,58554,2023-193B,91.05,97.23,328,324,0.0003336,,0.23
2023-193C,58555,2023-193C,94.81,97.26,534,484,0.0036384,,0.32
2023-194A,58557,2023-194A,94.55,35,501,493,0.0005225,,1.35
2023-194B,58558,2023-194B,94.55,34.99,498,495,0.0001998,,0.24
2023-194C,58559,2023-194C,94.54,35,497,496,0.0000523,,0.24
2023-185M,58562,ALISIO-1,95.29,97.6,537,529,0.0005671,,0.56
2023-174CW,58565,INTUITION-1,93.95,97.43,475,461,0.001021,,0.28
2023-196A,58578,QPS-SAR-5 (TSUKUYOMI-I),95.51,42.02,552,535,0.0012532,,0.39
2023-197A,58582,YAOGAN-41,1436.1,4.14,35834,35740,0.0011111,*G,0.79
2023-198A,58584,ARKTIKA-M 2,717.81,63.24,38503,1853,0.6900413,,0.68
2023-199A,58586,2023-199A,93.1,97.43,431,422,0.0006416,,0.22
2023-200A,58589,STARLINK-31044,95.84,43,560,558,0.000126,,0.47
2023-200B,58590,STARLINK-31062,95.84,43,560,558,0.0001322,,0.45
2023-200C,58591,STARLINK-31043,95.84,43,560,558,0.0001303,,0.48
2023-200D,58592,STARLINK-31096,95.84,43,560,558,0.0001058,,0.49
2023-200E,58593,STARLINK-31094,95.84,43,560,558,0.0001021,,0.48
2023-200F,58594,STARLINK-31075,95.79,43,558,556,0.0001352,,0.89
2023-200G,58595,STARLINK-30857,95.84,43,560,558,0.0001243,,0.49
2023-200H,58596,STARLINK-31059,94.37,43,489,487,0.0001768,,0.25
2023-200J,58597,STARLINK-31087,95.84,43,560,558,0.0001383,,0.5
2023-200K,58598,STARLINK-31079,95.84,43,560,558,0.0000998,,0.83
2023-200L,58599,STARLINK-31072,91.92,43,387,351,0.0027113,,0.5
2023-200M,58600,STARLINK-31052,95.84,43,560,558,0.0001372,,0.57
2023-200N,58601,STARLINK-31074,95.84,43,560,558,0.0001319,,1.5
2023-200P,58602,STARLINK-31071,94.37,43,489,487,0.0001142,,1.04
2023-200Q,58603,STARLINK-31080,95.84,43,560,558,0.0001127,,0.51
2023-200R,58604,STARLINK-31088,95.84,43,560,558,0.0001194,,0.45
2023-200S,58605,STARLINK-31038,95.84,43,560,558,0.000127,,0.45
2023-200T,58606,STARLINK-31082,95.84,43,560,558,0.0001335,,0.78
2023-200U,58607,STARLINK-31069,95.84,43,560,558,0.0001163,,0.46
2023-200V,58608,STARLINK-31067,95.84,43,560,558,0.0001229,,0.59
2023-200W,58609,STARLINK-31085,95.84,43,560,558,0.0001265,,0.73
2023-200X,58610,STARLINK-31089,95.84,43,560,558,0.0000903,,0.47
2023-200Y,58611,STARLINK-31061,95.84,43,560,558,0.0001233,,0.67
2023-201A,58614,COSMOS 2573,94.27,97.58,490,477,0.0009937,,0.23
2023-203B,58619,STARLINK-31054,94.37,43,489,487,0.0001134,,0.47
2023-203D,58621,STARLINK-31134,94.37,43,489,487,0.0001181,,0.55
2023-203E,58622,STARLINK-31133,94.37,43,489,487,0.0001079,,0.54
2023-203F,58623,STARLINK-31068,94.37,43,489,487,0.0001344,,0.68
2023-203G,58624,STARLINK-31129,94.37,43,489,487,0.0001338,,0.55
2023-203H,58625,STARLINK-30774,94.37,43,489,487,0.0001786,,0.49
2023-203J,58626,STARLINK-31086,94.37,43,489,487,0.0001155,,0.58
2023-203K,58627,STARLINK-31065,94.37,43,489,487,0.0001247,,0.57
2023-203L,58628,STARLINK-31092,94.37,43,489,487,0.0001368,,0.49
2023-203M,58629,STARLINK-31091,94.37,43.01,490,487,0.0002113,,0.5
2023-203N,58630,STARLINK-31084,94.37,43,489,488,0.00008,,0.43
2023-203P,58631,STARLINK-31064,94.37,43,489,487,0.000138,,0.5
2023-203Q,58632,STARLINK-31081,94.37,43,489,487,0.0001765,,0.77
2023-203R,58633,STARLINK-31022,94.37,43,489,487,0.0001362,,0.56
2023-203S,58634,STARLINK-31025,94.37,43,489,487,0.0001188,,0.58
2023-203T,58635,STARLINK-31018,94.37,43,489,487,0.0000999,,0.46
2023-203U,58636,STARLINK-31008,94.37,43,489,487,0.0001175,,0.52
2023-203V,58637,STARLINK-31077,94.37,43,488,488,0.0000531,,0.79
2023-203W,58638,STARLINK-31078,94.37,43,488,488,0.0000423,,0.47
2023-203X,58639,STARLINK-31070,94.37,43,488,488,0.000021,,0.8
2023-203Y,58640,STARLINK-31090,94.37,43,489,487,0.000186,,0.48
2023-205A,58645,TIANMU-1 11,94.76,97.39,514,500,0.0010783,,0.29
2023-205B,58646,TIANMU-1 12,94.76,97.39,513,501,0.0008605,,0.27
2023-205C,58647,TIANMU-1 13,94.76,97.39,513,501,0.0008365,,0.24
2023-205D,58648,TIANMU-1 14,94.76,97.38,513,501,0.000907,,0.25
2023-206A,58650,SHIYAN 24C 01,96.25,97.35,582,576,0.0004475,,0.54
2023-206B,58651,SHIYAN 24C 02,96.25,97.35,581,578,0.0002162,,0.54
2023-206C,58652,SHIYAN 24C 03,96.25,97.35,580,578,0.0001444,,0.54
2023-207A,58654,BEIDOU-3 M28,773.23,55.29,21539,21517,0.0003894,,0.38
2023-207B,58655,BEIDOU-3 M26,773.23,55.3,21542,21514,0.0004942,,1.12
2023-209A,58658,COSMOS 2574,90.86,96.68,317,316,0.0000872,,0.37
2023-208A,58660,TIANMU-1 19,94.7,97.42,508,500,0.0005571,,0.23
2023-208B,58661,TIANMU-1 20,94.62,97.41,506,494,0.0008324,,0.25
2023-208C,58662,TIANMU-1 21,94.53,97.42,501,490,0.0007923,,0.23
2023-208D,58663,TIANMU-1 22,94.69,97.42,506,500,0.0004489,,0.24
2023-185P,58665,MDQUBESAT-2,94.86,97.6,521,503,0.0012975,,0.32
2023-211B,58668,STARLINK-31113,94.37,43,489,487,0.0001025,,0.49
2023-211C,58669,STARLINK-31128,94.37,43,489,487,0.0001023,,0.51
2023-211D,58670,STARLINK-31083,94.37,43,489,487,0.0000884,,0.68
2023-211E,58671,STARLINK-30828,94.37,43,489,487,0.0001123,,0.85
2023-211F,58672,STARLINK-31104,94.37,43,489,487,0.0001145,,0.48
2023-211G,58673,STARLINK-31131,94.37,43,489,487,0.0001046,,0.46
2023-211H,58674,STARLINK-31124,94.37,43,489,487,0.0001492,,0.62
2023-211J,58675,STARLINK-31126,94.37,43,489,487,0.0001041,,0.48
2023-211K,58676,STARLINK-31066,95.84,43,560,558,0.0001174,,0.34
2023-211L,58677,STARLINK-31058,94.37,43,490,486,0.000265,,0.76
2023-211M,58678,STARLINK-31125,94.37,43,489,487,0.00012,,0.73
2023-211N,58679,STARLINK-31110,94.37,43,489,487,0.000095,,0.5
2023-211P,58680,STARLINK-31112,94.37,43,489,487,0.0001182,,0.83
2023-211Q,58681,STARLINK-31147,94.37,43.01,489,487,0.0002037,,0.76
2023-211R,58682,STARLINK-31144,94.38,43,489,488,0.000128,,0.47
2023-211S,58683,STARLINK-31095,94.37,43,489,487,0.0001451,,0.57
2023-211T,58684,STARLINK-31107,94.37,43,489,487,0.00016,,0.45
2023-211U,58685,STARLINK-31121,94.37,43,489,487,0.0001233,,0.46
2023-211V,58686,STARLINK-31137,94.37,43,489,487,0.0000881,,0.73
2023-211X,58688,STARLINK-31139,94.37,43,489,486,0.0002233,,0.46
2023-211Y,58689,STARLINK-31106,94.37,43,489,487,0.0001214,,0.45
2023-212A,58691,HULIANWANG JISHU SHIYAN 4A,107.35,50,1104,1104,0.0000414,,0.56
2023-212B,58692,HULIANWANG JISHU SHIYAN 4B,107.35,50,1105,1103,0.0000713,,0.57
2023-212C,58693,HULIANWANG JISHU SHIYAN 4C,107.35,50,1105,1103,0.0000814,,0.57
2023-174DG,58697,LEMUR-2-NANAZ,91.49,97.2,353,342,0.0007785,,0.24
2024-003A,58698,OVZON-3,1436.08,0.02,35790,35782,0.0000952,*G,0.4
2024-004A,58700,TIANMU-1 15,94.77,97.46,513,502,0.0008296,,0.26
2024-004B,58701,TIANMU-1 16,94.77,97.45,513,501,0.0008649,,0.27
2024-004C,58702,TIANMU-1 17,94.77,97.46,512,503,0.0006386,,0.29
2024-004D,58703,TIANMU-1 18,94.77,97.46,512,503,0.0006393,,0.24
2024-002A,58705,STARLINK-11072 [DTC],91.33,53.16,341,339,0.0001182,,0.79
2024-002B,58706,STARLINK-11075 [DTC],91.33,53.16,340,339,0.0001287,,0.64
2024-002C,58707,STARLINK-11077 [DTC],91.33,53.16,340,339,0.0001074,,0.59
2024-002D,58708,STARLINK-11079 [DTC],91.33,53.16,340,339,0.0001027,,0.85
2024-002E,58709,STARLINK-11076 [DTC],91.33,53.16,341,339,0.0001565,,0.74
2024-002F,58710,STARLINK-11078 [DTC],91.33,53.16,340,339,0.0001128,,0.87
2024-002G,58711,STARLINK-31031,95.69,53.16,553,551,0.0001467,,0.28
2024-002H,58712,STARLINK-31029,95.69,53.16,553,551,0.0001646,,0.71
2024-002J,58713,STARLINK-30973,95.69,53.16,553,551,0.0001461,,0.31
2024-002K,58714,STARLINK-31100,95.69,53.16,553,551,0.0001298,,0.31
2024-002L,58715,STARLINK-31102,95.69,53.16,553,551,0.0001331,,0.72
2024-002M,58716,STARLINK-31098,95.69,53.16,553,551,0.000159,,0.65
2024-002N,58717,STARLINK-31093,95.69,53.16,553,550,0.0001824,,0.94
2024-002P,58718,STARLINK-31097,95.69,53.16,553,551,0.0001105,,0.66
2024-002Q,58719,STARLINK-31051,95.69,53.16,553,550,0.0001819,,0.66
2024-002R,58720,STARLINK-31027,95.69,53.16,553,551,0.000144,,0.26
2024-002S,58721,STARLINK-30972,95.69,53.16,553,551,0.0001676,,1.26
2024-002T,58722,STARLINK-31040,95.68,53.16,553,551,0.0001397,,0.27
2024-002U,58723,STARLINK-31033,95.69,53.16,553,550,0.0002129,,0.95
2024-002V,58724,STARLINK-30893,95.69,53.16,553,551,0.0001498,,0.27
2024-002W,58725,STARLINK-30856,95.69,53.16,553,551,0.0001329,,0.28
2024-005A,58728,STARLINK-31155,95.38,43,538,536,0.0001113,,0.33
2024-005B,58729,STARLINK-31115,95.84,43,560,558,0.0001181,,0.39
2024-005C,58730,STARLINK-31150,93.47,43,445,443,0.00015,,0.65
2024-005D,58731,STARLINK-31204,95.84,43.01,560,558,0.0001268,,0.71
2024-005E,58732,STARLINK-31180,95.84,43.01,560,558,0.0001866,,0.69
2024-005F,58733,STARLINK-31164,95.84,43,560,558,0.0001395,,0.53
2024-005G,58734,STARLINK-31152,95.84,43,560,558,0.0001224,,0.66
2024-005H,58735,STARLINK-31157,95.84,43,560,558,0.0001316,,0.66
2024-005J,58736,STARLINK-31076,95.84,43.01,560,559,0.0000688,,1
2024-005K,58737,STARLINK-31101,95.84,43.01,561,557,0.0002806,,0.34
2024-005L,58738,STARLINK-31108,95.84,43,560,558,0.0001079,,0.34
2024-005M,58739,STARLINK-31042,95.84,43,560,558,0.000105,,0.35
2024-005N,58740,STARLINK-31159,95.84,43,560,558,0.0001013,,0.35
2024-005P,58741,STARLINK-31148,95.84,43.01,560,559,0.0000704,,0.68
2024-005Q,58742,STARLINK-31151,95.84,43.01,560,558,0.0001301,,0.69
2024-005R,58743,STARLINK-31156,95.84,43,560,558,0.0000904,,1.29
2024-005S,58744,STARLINK-31167,94.37,43,489,487,0.0001647,,0.47
2024-005T,58745,STARLINK-31176,95.84,43,560,558,0.0000868,,0.7
2024-005U,58746,STARLINK-31181,94.16,43,481,475,0.000461,,0.79
2024-005V,58747,STARLINK-31183,95.84,43,560,558,0.0001236,,0.37
2024-005W,58748,STARLINK-31165,95.84,43,560,558,0.0001288,,0.37
2024-005X,58749,STARLINK-31160,95.84,43,560,558,0.0001402,,1.04
2024-005Y,58750,STARLINK-31179,95.84,43,560,558,0.0001352,,0.71
2024-007A,58753,EINSTEIN PROBE,96.14,29,581,567,0.0010485,,0.31
2023-185S,58755,NANOFF B,95.56,97.59,554,537,0.0012404,,0.27
2024-008A,58756,TIANXING-1 02,91.75,95.1,367,354,0.0009994,,0.3
2024-009A,58758,YUNYAO-1 18,94.89,49.99,519,508,0.0008328,,0.27
2024-009B,58759,YUNYAO-1 19,94.9,49.99,520,508,0.00088,,0.22
2024-009C,58760,YUNYAO-1 20,94.9,49.98,519,509,0.0007365,,0.24
2024-011A,58765,STARLINK-31127,95.69,53.16,552,551,0.000104,,0.26
2024-011B,58766,STARLINK-31114,95.69,53.16,553,551,0.0001769,,0.32
2024-011C,58767,STARLINK-31140,95.69,53.16,553,551,0.0001404,,1
2024-011D,58768,STARLINK-31145,95.69,53.16,553,551,0.0001341,,1
2024-011E,58769,STARLINK-31146,95.69,53.16,552,551,0.0000617,,1.01
2024-011F,58770,STARLINK-31143,95.69,53.16,553,551,0.0001544,,0.28
2024-011G,58771,STARLINK-31135,95.69,53.16,553,551,0.0001543,,0.28
2024-011H,58772,STARLINK-31136,95.69,53.16,553,551,0.000135,,1.02
2024-011J,58773,STARLINK-31073,95.68,53.16,553,551,0.0001428,,0.29
2024-011K,58774,STARLINK-31122,95.69,53.16,553,551,0.000129,,0.29
2024-011L,58775,STARLINK-31123,95.69,53.16,553,551,0.0001232,,0.29
2024-011M,58776,STARLINK-31117,95.69,53.16,553,551,0.0001598,,1.03
2024-011N,58777,STARLINK-31132,94.11,53.16,476,474,0.0001453,,1.18
2024-011P,58778,STARLINK-31120,95.69,53.16,553,551,0.000154,,0.31
2024-011Q,58779,STARLINK-31142,95.69,53.16,553,551,0.0001453,,0.3
2024-011S,58781,STARLINK-31099,95.69,53.16,553,551,0.0001571,,0.98
2024-011T,58782,STARLINK-31060,92.19,53.15,386,378,0.0005548,,0.25
2024-011U,58783,STARLINK-31047,95.59,53.16,548,546,0.0001511,,0.28
2024-011V,58784,STARLINK-31039,95.69,53.16,553,551,0.0001797,,0.32
2024-011W,58785,STARLINK-31034,93.58,53.16,454,445,0.0006591,,1.2
2024-011X,58786,STARLINK-31024,95.68,53.16,553,550,0.0001783,,0.59
2024-012A,58787,STARLINK-31189,94.37,43,489,487,0.0001416,,0.3
2024-012B,58788,STARLINK-31185,94.37,43,488,488,0.000027,,0.63
2024-012C,58789,STARLINK-31166,94.37,43,488,488,0.000058,,0.48
2024-012D,58790,STARLINK-31187,94.37,43,488,488,0.0000544,,0.63
2024-012E,58791,STARLINK-31162,94.37,43,489,488,0.0000685,,0.48
2024-012G,58793,STARLINK-31184,94.37,43,489,487,0.0001327,,0.25
2024-012H,58794,STARLINK-31192,94.37,42.99,489,487,0.000114,,0.42
2024-012J,58795,STARLINK-31161,94.37,43,489,487,0.0001481,,0.25
2024-012K,58796,STARLINK-31195,94.37,43,489,487,0.000125,,0.32
2024-012L,58797,STARLINK-31193,94.37,43,489,487,0.0000992,,0.58
2024-012M,58798,STARLINK-31168,94.37,43,489,487,0.0001522,,0.32
2024-012P,58800,STARLINK-31191,94.37,43,489,487,0.0001293,,0.46
2024-012Q,58801,STARLINK-31170,94.37,43,490,487,0.0002151,,0.53
2024-012R,58802,STARLINK-31173,93.39,43,451,430,0.001513,,0.35
2024-012S,58803,STARLINK-31141,94.37,43,489,487,0.0000976,,0.6
2024-012T,58804,STARLINK-31188,94.37,43,489,487,0.0002056,,0.53
2024-012V,58806,STARLINK-31138,94.37,43,490,487,0.000217,,0.62
2024-012W,58807,STARLINK-31163,94.37,43,489,487,0.000149,,0.54
2024-012X,58808,STARLINK-31174,94.37,42.99,489,487,0.0001395,,0.61
2024-012Y,58809,STARLINK-31169,94.37,43,490,486,0.0002411,,0.28
2023-185T,58810,NANOFF A,95.56,97.59,552,539,0.0009893,,0.27
2024-015A,58817,SORAYA,99.84,64.51,780,721,0.00409,,0.23
2024-016A,58820,2024-016A,94.24,97.49,490,473,0.0011831,,0.25
2024-016B,58821,2024-016B,94.35,97.49,495,479,0.0011922,,0.24
2024-016C,58822,2024-016C,94.64,97.48,510,492,0.0013288,,0.26
2024-016D,58823,2024-016D,94.5,97.48,503,486,0.0012631,,0.26
2024-017A,58826,STARLINK-31233,93.86,53.16,464,462,0.0001288,,0.29
2024-017B,58827,STARLINK-31271,93.48,53.16,449,441,0.0005247,,0.67
2024-017C,58828,STARLINK-31222,93.86,53.16,464,463,0.0001038,,1.38
2024-017D,58829,STARLINK-31258,93.86,53.16,464,463,0.0001066,,0.66
2024-017E,58830,STARLINK-31253,93.86,53.16,464,462,0.0001305,,0.27
2024-017F,58831,STARLINK-31232,93.86,53.16,464,462,0.0001463,,0.93
2024-017G,58832,STARLINK-31263,93.86,53.16,464,463,0.0001114,,0.67
2024-017H,58833,STARLINK-31175,90.74,53.13,316,306,0.0007934,,0.25
2024-017J,58834,STARLINK-31171,91.79,53.15,372,353,0.0014147,,0.25
2024-017K,58835,STARLINK-31246,93.86,53.16,464,463,0.000067,,0.29
2024-017L,58836,STARLINK-31251,93.86,53.16,464,462,0.0001149,,0.29
2024-017M,58837,STARLINK-31172,91.41,53.15,346,341,0.0004012,,0.25
2024-017N,58838,STARLINK-31249,93.86,53.16,464,463,0.0000894,,0.29
2024-017P,58839,STARLINK-31250,93.86,53.16,464,463,0.0000433,,0.3
2024-017Q,58840,STARLINK-31248,94.11,53.16,476,474,0.0001135,,0.65
2024-017R,58841,STARLINK-31236,93.86,53.16,464,462,0.00013,,1.27
2024-017S,58842,STARLINK-31228,93.86,53.16,464,462,0.0001106,,0.95
2024-017T,58843,STARLINK-31280,93.86,53.16,464,463,0.0000787,,0.7
2024-017U,58844,STARLINK-31269,95.69,53.16,553,551,0.0001424,,0.78
2024-017V,58845,STARLINK-31264,95.69,53.16,553,551,0.0001453,,1.28
2024-017W,58846,STARLINK-31273,93.86,53.16,464,463,0.0000761,,0.7
2024-017X,58847,STARLINK-31262,95.69,53.16,552,551,0.0000913,,0.49
2023-174DH,58848,AAC-HSI-SAT3,95.26,97.41,539,523,0.001118,,0.59
2024-018A,58849,2024-018A,100.27,58.69,1085,457,0.0439202,,0.34
2024-018B,58850,2024-018B,100.1,58.7,1070,457,0.0429207,,0.5
2024-018C,58851,2024-018C,100.18,58.69,1076,458,0.0432931,,0.23
2024-019A,58853,STARLINK-31238,94.37,43,489,487,0.0001083,,0.3
2024-019B,58854,STARLINK-31158,94.37,43,488,488,0.0000222,,0.34
2024-019C,58855,STARLINK-31237,94.37,43,489,487,0.000091,,1.4
2024-019D,58856,STARLINK-31244,94.37,43,489,487,0.0001029,,0.98
2024-019E,58857,STARLINK-31216,92.86,43.01,429,400,0.0021347,,0.38
2024-019F,58858,STARLINK-31226,94.37,43,489,487,0.000096,,1.06
2024-019G,58859,STARLINK-31197,94.37,43,489,487,0.0000924,,1.1
2024-019H,58860,STARLINK-31213,94.37,43,489,487,0.0000875,,1.09
2024-019J,58861,STARLINK-31199,94.37,43,489,487,0.0000909,,1.12
2024-019K,58862,STARLINK-31200,94.37,43,489,487,0.0001035,,0.28
2024-019L,58863,STARLINK-31149,94.37,43,489,487,0.0001379,,0.36
2024-019M,58864,STARLINK-31242,94.37,43,489,487,0.0001001,,1.11
2024-019N,58865,STARLINK-31223,94.37,43,489,487,0.0000797,,0.94
2024-019P,58866,STARLINK-31219,94.37,43,489,487,0.0001622,,0.3
2024-019Q,58867,STARLINK-31198,94.37,43,489,488,0.0000648,,0.99
2024-019R,58868,STARLINK-31196,94.37,43,489,487,0.0001154,,1.12
2024-019S,58869,STARLINK-31203,94.37,43,489,487,0.000127,,0.38
2024-019T,58870,STARLINK-31201,94.37,43,489,487,0.0000882,,1.41
2024-019U,58871,STARLINK-31214,94.33,43,487,486,0.000062,,1.09
2024-019V,58872,STARLINK-31215,94.37,43,489,487,0.000089,,1.1
2024-019W,58873,STARLINK-31177,94.37,43,490,486,0.0002387,,1.01
2024-019X,58874,STARLINK-30945,94.37,43,489,488,0.0000661,,0.99
2024-019Y,58875,STARLINK-31212,94.37,43,489,487,0.0001238,,0.37
2024-020A,58876,STARLINK-31306,94.11,53.16,476,474,0.0001182,,0.36
2024-020B,58877,STARLINK-31326,94.11,53.16,476,474,0.0001128,,0.63
2024-020C,58878,STARLINK-31300,94.11,53.16,476,474,0.0001772,,1.08
2024-020D,58879,STARLINK-31296,93.07,53.16,427,422,0.0003418,,0.33
2024-020E,58880,STARLINK-31328,93.86,53.16,464,462,0.0001271,,0.99
2024-020F,58881,STARLINK-31260,94.11,53.16,476,474,0.0001287,,1.07
2024-020G,58882,STARLINK-31323,94.11,53.16,476,474,0.0001121,,0.35
2024-020H,58883,STARLINK-31209,94.11,53.16,476,474,0.0001231,,0.93
2024-020J,58884,STARLINK-31315,94.11,53.16,476,474,0.000147,,1.16
2024-020K,58885,STARLINK-31318,94.11,53.16,476,474,0.0001295,,0.64
2024-020L,58886,STARLINK-31320,94.11,53.16,476,475,0.0001345,,0.93
2024-020M,58887,STARLINK-31321,94.11,53.16,476,474,0.0001195,,0.34
2024-020P,58889,STARLINK-31007,94.11,53.16,476,474,0.0001504,,0.34
2024-020Q,58890,STARLINK-31230,94.1,53.16,476,474,0.0001625,,0.34
2024-020R,58891,STARLINK-31245,93.92,53.16,469,463,0.000428,,1.06
2024-020S,58892,STARLINK-31254,94.11,53.16,476,474,0.0001216,,0.64
2024-020T,58893,STARLINK-31255,94.11,53.16,476,475,0.0000764,,0.33
2024-020U,58894,STARLINK-31243,94.11,53.16,476,475,0.0000909,,0.33
2024-020V,58895,STARLINK-31218,94.11,53.16,476,474,0.0001254,,1.04
2024-020W,58896,STARLINK-31221,94.11,53.16,476,474,0.0001412,,1.03
2024-020X,58897,STARLINK-31190,94.11,53.16,476,474,0.0001136,,0.97
2024-022A,58899,LEMUR-2-NIMBUS2000,94.58,97.46,508,489,0.0013886,,0.48
2024-022B,58900,LEMUR-2-VALHALLA,94.58,97.46,508,488,0.0014198,,0.97
2024-022D,58902,LEMUR-2-OBA-NI-JESU,94.24,97.46,489,474,0.0010632,,0.95
2024-022E,58903,LEMUR-2-CAEL,94.54,97.46,505,488,0.0012332,,0.85
2024-023A,58905,GEESAT-2 01,96.54,49.99,596,590,0.0004158,,0.36
2024-023B,58906,GEESAT-2 02,96.54,50,596,590,0.0004566,,0.37
2024-023C,58907,GEESAT-2 03,96.42,50,593,582,0.0007479,,0.36
2024-023D,58908,GEESAT-2 04,96.42,49.99,593,582,0.0007731,,0.36
2024-023E,58909,GEESAT-2 05,96.54,50,597,588,0.0006219,,0.34
2024-023F,58910,GEESAT-2 06,96.22,49.99,583,572,0.0008592,,0.36
2024-023G,58911,GEESAT-2 07,96.54,50,596,589,0.0005265,,0.38
2024-023H,58912,GEESAT-2 08,96.54,49.99,598,588,0.000695,,0.33
2024-023J,58913,GEESAT-2 09,96.54,50,597,588,0.0006623,,0.42
2024-023K,58914,GEESAT-2 10,96.54,49.99,596,590,0.0004249,,0.43
2024-023L,58915,GEESAT-2 11,96.54,50,598,588,0.000689,,0.33
2024-024A,58917,2024-024A,92.94,97.36,422,415,0.0005005,,0.24
2024-024B,58918,2024-024B,94.72,97.37,511,499,0.0008943,,0.29
2024-024C,58919,2024-024C,94.07,97.37,474,473,0.0000406,,0.28
2024-024D,58920,2024-024D,93.31,97.37,441,432,0.0006729,,0.29
2024-024E,58921,NEXSAT-1,94.45,97.36,500,484,0.0011039,,0.28
2024-024F,58922,2024-024F,95.24,97.36,542,518,0.0016976,,0.27
2024-024G,58923,2024-024G,93.82,97.37,468,455,0.0009787,,0.27
2024-024H,58924,2024-024H,93.1,97.36,431,421,0.0006927,,0.29
2024-024J,58925,2024-024J,93.98,97.37,476,462,0.0010075,,0.25
2024-025A,58928,PACE,98.25,98.11,676,674,0.0001019,,0.72
2024-026A,58929,COSMOS 2575,90.8,96.69,317,310,0.000508,,0.25
2024-027A,58931,STARLINK-31317,94.11,53.16,476,474,0.0001354,,1.12
2024-027B,58932,STARLINK-31378,94.11,53.16,476,474,0.0001557,,0.98
2024-027C,58933,STARLINK-31350,94.11,53.16,476,474,0.0001464,,0.99
2024-027D,58934,STARLINK-31337,94.11,53.16,476,474,0.0001139,,0.99
2024-027E,58935,STARLINK-31362,94.11,53.16,476,474,0.0001154,,0.36
2024-027F,58936,STARLINK-31383,94.11,53.16,476,474,0.0001233,,0.95
2024-027G,58937,STARLINK-31390,94.11,53.16,476,475,0.0000979,,0.36
2024-027H,58938,STARLINK-31377,94.11,53.16,476,475,0.0001114,,1.08
2024-027J,58939,STARLINK-31372,94.11,53.16,476,474,0.0001339,,1.09
2024-027K,58940,STARLINK-31371,94.11,53.16,476,474,0.0001287,,1.09
2024-027L,58941,STARLINK-31345,94.11,53.16,476,474,0.0001331,,0.96
2024-027M,58942,STARLINK-31354,94.11,53.16,476,474,0.000149,,1.09
2024-027N,58943,STARLINK-31346,94.11,53.16,476,474,0.0001312,,1.1
2024-027P,58944,STARLINK-31336,94.11,53.16,476,474,0.0001443,,1.08
2024-027Q,58945,STARLINK-31359,93.17,53.16,431,429,0.0001819,,0.42
2024-027R,58946,STARLINK-31331,94.11,53.16,476,474,0.0001267,,1.1
2024-027S,58947,STARLINK-31116,94.11,53.16,476,475,0.0001074,,0.51
2024-027T,58948,STARLINK-31311,93.89,53.16,468,461,0.0004863,,1.07
2024-027U,58949,STARLINK-31294,94.1,53.16,476,474,0.0001601,,1.08
2024-027W,58951,STARLINK-31330,93.82,53.16,462,460,0.000153,,1.15
2024-027X,58952,STARLINK-31293,94.11,53.16,476,474,0.000145,,0.98
2021-102N,58954,DRUMS TARGET-2,93.18,97.39,436,424,0.0008968,,0.59
2024-028A,58955,HBTSS-SV2,105.08,39.99,1010,987,0.0015593,,0.56
2024-028B,58956,RAPTOR4,105.08,39.99,1006,990,0.0010918,,0.57
2024-028C,58957,RAPTOR1,105.08,39.99,1006,990,0.0010953,,0.65
2024-028D,58958,RAPTOR3,105.08,39.99,1006,990,0.0010698,,0.59
2024-028E,58959,RAPTOR2,105.07,39.99,1006,990,0.00109,,0.46
2024-028F,58960,HBTSS-SV1,105.08,39.99,1009,987,0.0014705,,0.57
2024-031A,58965,STARLINK-31373,94.11,53.16,476,474,0.0001266,,0.58
2024-031B,58966,STARLINK-31449,94.11,53.16,476,474,0.000145,,0.32
2024-031C,58967,STARLINK-31314,94.11,53.16,476,474,0.0001409,,1.1
2024-031D,58968,STARLINK-31356,92.34,53.16,395,384,0.0008251,,1.22
2024-031E,58969,STARLINK-31335,93.81,53.16,464,458,0.0004424,,1.1
2024-031F,58970,STARLINK-31368,94.11,53.16,476,474,0.0001255,,1.15
2024-031G,58971,STARLINK-31333,93.81,53.16,464,458,0.0004347,,1.15
2024-031H,58972,STARLINK-31351,94.11,53.16,476,474,0.0001259,,1.14
2024-031J,58973,STARLINK-31365,94.11,53.16,476,474,0.0001336,,1.14
2024-031K,58974,STARLINK-31361,94.11,53.16,476,474,0.0001153,,1.14
2024-031L,58975,STARLINK-31369,94.11,53.16,476,474,0.0001472,,1.13
2024-031M,58976,STARLINK-31324,94.11,53.16,476,474,0.0001223,,1
2024-031N,58977,STARLINK-31358,94.11,53.16,476,475,0.0001135,,0.58
2024-031P,58978,STARLINK-31355,94.1,53.16,476,474,0.0001416,,1
2024-031Q,58979,STARLINK-31380,94.11,53.16,476,474,0.0001154,,0.99
2024-031R,58980,STARLINK-31353,94.11,53.16,476,474,0.0001202,,1.13
2024-031S,58981,STARLINK-31339,94.11,53.16,476,474,0.0001079,,1.12
2024-031T,58982,STARLINK-31360,92.52,53.16,404,393,0.0007984,,0.47
2024-031U,58983,STARLINK-31384,94.11,53.16,476,474,0.0001206,,0.98
2024-031V,58984,STARLINK-31379,94.11,53.16,476,474,0.0001298,,0.98
2024-031W,58985,STARLINK-31385,94.1,53.16,476,474,0.0001127,,0.42
2024-031X,58986,STARLINK-31229,94.11,53.16,476,474,0.0001269,,1.1
2024-032A,58987,CE-SAT-IE,98.13,98.07,670,668,0.0001479,,0.35
2024-032C,58989,TIRSAT,97.94,98.07,663,657,0.0004826,,0.59
2024-033A,58990,INSAT-3DS,1436.08,0.09,35793,35780,0.0001506,*G,0.36
2024-034A,58992,ADRAS-J,96.15,98.24,604,544,0.0042841,,0.23
2024-035A,58995,MERAH PUTIH 2,1436.11,0.02,35789,35785,0.0000546,*G,1.37
2023-174DJ,58997,AAC-AIS-SAT3,97.36,97.69,637,627,0.0007031,,0.37
2024-036A,58998,STARLINK-31468,94.11,53.16,476,474,0.0001293,,0.77
2024-036B,58999,STARLINK-31440,94.11,53.16,476,474,0.000144,,0.64
2024-036C,59000,STARLINK-31529,94.11,53.16,476,474,0.0001109,,0.62
2024-036E,59002,STARLINK-31431,94.11,53.16,476,475,0.0000852,,0.59
2024-036G,59004,STARLINK-31435,94.11,53.16,476,475,0.0000929,,0.64
2024-036H,59005,STARLINK-31484,94.11,53.16,476,474,0.0001145,,0.77
2024-036J,59006,STARLINK-31450,94.11,53.16,476,474,0.000116,,0.63
2024-036K,59007,STARLINK-31456,94.11,53.16,476,474,0.0001281,,0.63
2024-036L,59008,STARLINK-31460,94.11,53.16,476,475,0.0000865,,0.6
2024-036M,59009,STARLINK-31488,94.11,53.16,476,475,0.0000997,,0.64
2024-036N,59010,STARLINK-31528,94.11,53.16,476,474,0.0001151,,0.71
2024-036P,59011,STARLINK-31491,94.11,53.16,476,475,0.0001012,,0.65
2024-036Q,59012,STARLINK-31465,94.11,53.16,476,475,0.0001017,,0.65
2024-036R,59013,STARLINK-31389,94.11,53.16,476,474,0.0001297,,0.65
2024-036S,59014,STARLINK-31454,94.1,53.16,476,474,0.000129,,0.65
2024-036T,59015,STARLINK-31521,94.11,53.16,476,475,0.0000681,,0.65
2024-036U,59016,STARLINK-31526,94.11,53.16,476,475,0.0001018,,0.72
2024-036V,59017,STARLINK-31406,94.11,53.16,476,475,0.0000883,,0.66
2024-036W,59018,STARLINK-31527,94.11,53.16,476,475,0.0000916,,0.66
2024-036X,59019,STARLINK-31436,94.11,53.16,476,474,0.0001374,,0.64
2024-037A,59020,TJS-11,1436.15,4.96,35810,35765,0.0005364,*G,0.74
2024-038A,59023,STARLINK-30996,94.37,43.01,489,487,0.0001368,,0.67
2024-038B,59024,STARLINK-31006,93.46,43,445,443,0.0001136,,0.68
2024-038C,59025,STARLINK-31178,94.37,43,489,487,0.0001207,,0.67
2024-038D,59026,STARLINK-31227,94.37,43,489,487,0.0001252,,0.61
2024-038E,59027,STARLINK-30863,94.37,43,489,487,0.0001575,,0.69
2024-038F,59028,STARLINK-31206,93.46,43,445,443,0.0001189,,0.7
2024-038G,59029,STARLINK-31224,94.37,43,489,487,0.0001717,,0.68
2024-038H,59030,STARLINK-31186,94.37,43,489,488,0.0000826,,0.62
2024-038J,59031,STARLINK-31211,94.37,43,489,487,0.0001158,,0.62
2024-038K,59032,STARLINK-30862,93.56,43,457,441,0.0011838,,0.6
2024-038L,59033,STARLINK-31210,94.37,43,489,487,0.0001198,,0.65
2024-038M,59034,STARLINK-31231,94.37,43,489,487,0.0001506,,0.66
2024-038N,59035,STARLINK-31207,94.37,43,489,488,0.0000762,,0.79
2024-038P,59036,STARLINK-31217,91.44,42.99,359,331,0.00206,,0.25
2024-038Q,59037,STARLINK-31208,94.37,43,489,487,0.0001276,,0.76
2024-038R,59038,STARLINK-31235,94.37,43,489,488,0.0000629,,0.66
2024-038S,59039,STARLINK-31220,94.37,43,489,487,0.0001706,,0.63
2024-038T,59040,STARLINK-31225,94.37,43,489,487,0.0001452,,0.62
2024-038U,59041,STARLINK-31240,94.37,43,489,487,0.0001094,,0.64
2024-038V,59042,STARLINK-31202,94.37,43,489,488,0.0000806,,0.79
2024-038W,59043,STARLINK-31234,94.37,43,489,487,0.0001423,,0.64
2024-038X,59044,STARLINK-31153,94.37,43,489,487,0.0001348,,0.67
2024-038Y,59045,STARLINK-31241,94.37,43,489,487,0.0001358,,0.65
2024-038Z,59046,STARLINK-31205,94.37,43,489,487,0.0001438,,0.65
2024-039A,59051,METEOR-M2 4,101.24,98.63,822,813,0.0006521,,0.29
2024-039B,59052,SITRO-AIS 29,92.68,97.41,415,397,0.0013493,,0.25
2024-039C,59053,SITRO-AIS 30,92.73,97.41,417,399,0.001361,,0.27
2024-039D,59054,SITRO-AIS 31,92.69,97.41,415,397,0.0013163,,0.25
2024-039E,59055,SITRO-AIS 33,92.68,97.41,415,397,0.0013027,,0.28
2024-039F,59056,SITRO-AIS 35,92.67,97.41,414,397,0.0012826,,0.29
2024-039G,59057,SITRO-AIS 32,92.71,97.41,416,398,0.0013267,,0.31
2024-039H,59058,SITRO-AIS 34,92.68,97.41,415,397,0.0013044,,0.28
2024-039J,59059,SITRO-AIS 36,92.68,97.41,414,397,0.0012651,,0.24
2024-039K,59060,SITRO-AIS 49,92.71,97.41,416,398,0.001305,,0.27
2024-039L,59061,SITRO-AIS 50,92.64,97.41,413,396,0.0012598,,0.28
2024-039M,59062,SITRO-AIS 51,92.63,97.41,412,395,0.0012562,,0.29
2024-039N,59063,SITRO-AIS 52,92.62,97.41,412,395,0.0012605,,0.24
2024-039P,59064,ZORKIY-2M 2,93.35,97.42,448,429,0.0014165,,0.25
2024-039Q,59065,PARS 1,93.96,97.42,478,459,0.0013672,,0.28
2024-039R,59066,SITRO-AIS 25,96.83,95.38,718,496,0.0159432,,0.28
2024-039S,59067,SITRO-AIS 26,96.84,95.38,719,496,0.0159569,,0.26
2024-039T,59068,SITRO-AIS 27,96.82,95.38,718,495,0.0158949,,0.24
2024-040A,59069,HULIANWAN GAOGUI-01 (HG-01),1436.09,0.04,35824,35749,0.0008827,*G,0.6
2024-039U,59071,SITRO-AIS 28,96.82,95.38,717,496,0.0158742,,0.25
2024-039V,59072,MARAFON-D GVM,99.61,89,750,730,0.001426,,0.58
2024-041A,59074,STARLINK-31265,94.37,43,489,488,0.0000606,,0.23
2024-041B,59075,STARLINK-31276,94.37,43,489,487,0.0001482,,0.91
2024-041C,59076,STARLINK-31259,94.37,43,489,487,0.0001306,,0.97
2024-041D,59077,STARLINK-31281,94.37,43,489,487,0.0001884,,0.26
2024-041E,59078,STARLINK-31274,94.37,43,488,488,0.0000557,,0.23
2024-041F,59079,STARLINK-31257,94.37,43,489,488,0.0000904,,0.23
2024-041G,59080,STARLINK-31299,93.46,43,445,443,0.000155,,0.43
2024-041H,59081,STARLINK-31292,94.37,43,488,488,0.0000576,,0.26
2024-041J,59082,STARLINK-31286,94.37,43,488,488,0.0000576,,0.92
2024-041K,59083,STARLINK-31252,90.33,42.99,294,287,0.0005313,*D,0.25
2024-041L,59084,STARLINK-31261,94.37,43.01,489,488,0.0000688,,0.24
2024-041M,59085,STARLINK-31290,93.41,43,450,432,0.0013287,,0.5
2024-041N,59086,STARLINK-31279,94.37,43,488,488,0.0000649,,0.24
2024-041P,59087,STARLINK-31266,94.37,42.99,489,487,0.0001416,,0.54
2024-041Q,59088,STARLINK-31313,94.37,43.01,488,488,0.000058,,0.54
2024-041R,59089,STARLINK-31307,94.37,43,488,488,0.0000442,,0.78
2024-041S,59090,STARLINK-31316,93.46,43,445,443,0.0001577,,0.31
2024-041U,59092,STARLINK-31310,94.37,43,489,488,0.0000812,,0.88
2024-041V,59093,STARLINK-31343,94.37,43,489,488,0.0000616,,0.24
2024-041X,59095,STARLINK-31295,94.37,43,488,488,0.0000606,,0.55
2024-041Y,59096,STARLINK-31291,94.37,43,489,487,0.0001873,,0.25
2024-043A,59098,HORACIO,96.35,97.79,591,576,0.0010596,,0.22
2024-043B,59099,MUSAT2,96.08,97.78,577,565,0.0008355,,0.58
2024-043C,59100,ICEYE-X38,95.72,97.78,556,551,0.0003567,,0.3
2024-043D,59101,METHANESAT,96.31,97.78,588,576,0.0008476,,0.62
2024-043E,59102,ICEYE-X37,96,97.78,574,560,0.0009771,,0.57
2024-043F,59103,ICEYE-X36,95.92,97.78,565,561,0.0003087,,0.62
2024-043G,59104,PE2_FLT2 (TYVAK-0262),96.18,97.78,580,571,0.0006215,,0.58
2024-043H,59105,PE2_FLT1 (TYVAK-0261),96.18,97.78,581,570,0.0007492,,0.58
2024-043J,59106,RROCI-2,96.27,97.78,585,575,0.0006984,,0.61
2024-043K,59107,BRO-13,96.37,97.79,590,579,0.0008175,,0.31
2024-043L,59108,BRO-12,96.35,97.78,589,579,0.0007643,,0.22
2024-043N,59110,IRIS-F1,93.87,97.48,470,458,0.0008475,,0.62
2024-043P,59111,2024-043P,93.82,97.49,468,454,0.0010503,,0.58
2024-043Q,59112,SONATE-2,94.2,97.5,488,472,0.0011652,,0.63
2024-043R,59113,2024-043R,93.8,97.49,467,454,0.0009889,,0.63
2024-043S,59114,2024-043S,93.66,97.49,461,446,0.0010645,,0.6
2024-043V,59117,CONTECSAT-1,94.49,97.5,502,485,0.0012549,,0.2
2024-043W,59118,LACE-1,93.07,97.48,430,419,0.0008193,,0.68
2024-043X,59119,2024-043X,93.21,97.48,437,427,0.0007567,,0.63
2024-043Y,59120,TIGER-8,93.96,97.49,474,462,0.0008845,,0.58
2024-043Z,59121,LYNK TOWER 5,94.58,97.5,506,490,0.0011714,,0.61
2024-043AA,59122,NUSAT-44 (MARIA MITCHELL),94.19,97.5,487,472,0.0010387,,0.2
2024-043AB,59123,LYNK TOWER 6,94.63,97.49,508,493,0.0011117,,0.69
2024-043AC,59124,VSP ROSE,94.6,97.49,507,492,0.0011113,,0.23
2024-043AD,59125,2024-043AD,94.45,97.5,499,485,0.0010524,,0.62
2024-043AE,59126,YAM-6,94.42,97.49,497,484,0.0009728,,0.61
2024-043AF,59127,JACKAL X-1L-001,94.31,97.49,492,479,0.0009243,,0.58
2024-043AG,59128,2024-043AG,94.53,97.5,503,489,0.0010675,,0.4
2024-043AH,59129,APEX ARIES 1,94.14,97.49,483,471,0.0009166,,0.61
2024-043AJ,59130,GHOST-5,94.31,97.49,492,479,0.0009527,,0.4
2024-043AK,59131,MESON-1,94.55,97.5,504,490,0.0010811,,0.58
2024-043AL,59132,LIZZIESAT,94.63,97.5,508,493,0.0010829,,0.61
2024-043AM,59133,GHOST-4,94.3,97.5,492,478,0.0010137,,0.62
2024-043AN,59134,JACKAL X-1L-002,94.28,97.49,490,477,0.0009828,,0.6
2024-043AP,59135,VSP RF A1,94.59,97.5,506,491,0.0011087,,0.24
2024-043AQ,59136,VSP RF C1,94.57,97.5,505,490,0.0010945,,0.26
2024-043AR,59137,VSP RF B1,94.57,97.5,505,490,0.0010732,,0.2
2024-043AU,59140,SENTRY,93.9,97.49,471,459,0.0008368,,0.62
2024-043AV,59141,TIGER-7,93.82,97.49,467,456,0.0007588,,0.59
2024-043AW,59142,2024-043AW,93.97,97.49,474,462,0.000881,,0.61
2024-043AX,59143,2024-043AX,92.51,97.49,402,393,0.0006624,,0.57
2024-043AZ,59145,MH-1,92.68,97.49,410,402,0.000649,,0.28
2024-043BA,59146,LEMUR-2-JOHNNYTRUONG,94.07,97.49,479,469,0.0007112,,0.58
2024-043BB,59147,LEMUR-2-ROCINANTE,94.08,97.49,479,469,0.0007732,,0.57
2024-043BC,59148,HAMMER,94.12,97.49,482,470,0.0009135,,0.2
2024-044A,59152,STARLINK-31312,93.46,43,446,442,0.0002679,,0.55
2024-044B,59153,STARLINK-31308,93.46,43,445,443,0.000114,,0.86
2024-044C,59154,STARLINK-31270,94.37,43,489,487,0.0001541,,0.51
2024-044D,59155,STARLINK-31341,94.37,43,489,487,0.0001186,,0.4
2024-044E,59156,STARLINK-31338,94.37,43,489,487,0.000147,,0.47
2024-044F,59157,STARLINK-31334,94.37,43,489,487,0.0001807,,0.54
2024-044G,59158,STARLINK-31297,94.37,43,489,487,0.000114,,0.38
2024-044H,59159,STARLINK-31182,94.37,43,489,488,0.0000918,,0.41
2024-044J,59160,STARLINK-31327,94.37,43,488,488,0.0000461,,0.39
2024-044K,59161,STARLINK-31256,94.37,43,489,487,0.0001444,,0.74
2024-044L,59162,STARLINK-31272,94.37,43,489,487,0.0001091,,0.75
2024-044M,59163,STARLINK-31278,94.37,43,489,487,0.0001194,,0.75
2024-044N,59164,STARLINK-31309,94.37,43,489,488,0.0000591,,0.75
2024-044P,59165,STARLINK-31325,94.37,43,488,488,0.0000576,,1.08
2024-044Q,59166,STARLINK-31342,94.37,43,489,487,0.0001306,,0.5
2024-044R,59167,STARLINK-31298,94.37,43,489,487,0.0000846,,0.82
2024-044S,59168,STARLINK-31322,94.37,43,489,488,0.0000886,,0.46
2024-044T,59169,STARLINK-31329,94.37,43,489,487,0.0001324,,0.52
2024-044U,59170,STARLINK-31340,93.46,43,445,443,0.0001533,,0.48
2024-044V,59171,STARLINK-31344,94.37,43,489,488,0.0000679,,0.79
2024-044W,59172,STARLINK-31348,93.47,43,445,443,0.000201,,0.54
2024-044X,59173,STARLINK-31289,94.37,43,489,487,0.0001308,,0.57
2024-044Y,59174,STARLINK-31283,93.46,43,445,443,0.0001909,,0.33
2023-174DK,59175,EXO-0,94.53,97.43,504,488,0.0011369,,0.55
2024-045A,59178,STARLINK-31439,93.46,43,445,443,0.0001234,,0.5
2024-045B,59179,STARLINK-31410,93.46,43,445,443,0.0001575,,0.72
2024-045C,59180,STARLINK-31395,93.46,43,445,442,0.0002185,,0.41
2024-045D,59181,STARLINK-31486,93.46,43,445,443,0.000131,,0.57
2024-045E,59182,STARLINK-31411,93.46,43,445,443,0.0001344,,0.57
2024-045F,59183,STARLINK-31347,91.12,42.99,334,325,0.0006655,,1.01
2024-045G,59184,STARLINK-31382,93.46,43,445,443,0.0001741,,1.12
2024-045H,59185,STARLINK-31394,93.46,43,447,442,0.000366,,1.13
2024-045J,59186,STARLINK-31403,93.46,43,445,443,0.0001413,,0.46
2024-045K,59187,STARLINK-31514,93.46,43,446,443,0.0002209,,1.12
2024-045L,59188,STARLINK-31478,93.46,43,445,443,0.0001715,,0.52
2024-045M,59189,STARLINK-31498,93.46,43,445,443,0.0001963,,0.43
2024-045N,59190,STARLINK-31563,93.46,43,445,443,0.0001286,,0.77
2024-045P,59191,STARLINK-31551,93.46,43,445,443,0.0000996,,0.84
2024-045Q,59192,STARLINK-31536,93.46,43,445,443,0.0001712,,0.25
2024-045R,59193,STARLINK-31548,93.46,43,445,444,0.0000744,,0.47
2024-045S,59194,STARLINK-31542,93.46,43,445,443,0.0001513,,0.51
2024-045T,59195,STARLINK-31554,93.46,43,445,443,0.0001451,,0.7
2024-045U,59196,STARLINK-31558,93.46,43,445,443,0.0001694,,0.57
2024-045V,59197,STARLINK-31275,93.46,43,445,443,0.0001443,,0.47
2024-045W,59198,STARLINK-31590,93.47,43,445,443,0.0001536,,0.49
2024-045X,59199,STARLINK-31567,93.46,43,446,442,0.0002447,,0.52
2024-045Y,59200,STARLINK-31503,93.46,43,446,443,0.000209,,0.53
2024-046A,59201,STARLINK-31603,94.11,53.16,476,475,0.0000701,,0.56
2024-046B,59202,STARLINK-31602,94.11,53.16,476,474,0.0001119,,0.6
2024-046C,59203,STARLINK-31577,94.11,53.16,476,474,0.0001412,,0.5
2024-046D,59204,STARLINK-31522,94.11,53.16,476,475,0.0001117,,0.57
2024-046E,59205,STARLINK-31586,94.11,53.16,476,475,0.0001002,,0.53
2024-046F,59206,STARLINK-31247,94.11,53.16,476,475,0.0000953,,0.58
2024-046G,59207,STARLINK-31591,94.11,53.16,476,474,0.0001432,,0.59
2024-046H,59208,STARLINK-31576,94.11,53.16,476,474,0.000109,,0.61
2024-046J,59209,STARLINK-31601,94.11,53.16,476,474,0.0001374,,0.55
2024-046K,59210,STARLINK-31520,94.11,53.16,476,474,0.0001213,,0.58
2024-046L,59211,STARLINK-31496,94.11,53.16,476,474,0.0001172,,0.33
2024-046M,59212,STARLINK-31492,94.11,53.16,476,474,0.0001389,,0.56
2024-046N,59213,STARLINK-31517,94.11,53.16,476,475,0.0001068,,0.53
2024-046P,59214,STARLINK-31604,94.11,53.16,476,475,0.0000998,,0.53
2024-046Q,59215,STARLINK-31434,94.11,53.16,476,474,0.000139,,0.56
2024-046R,59216,STARLINK-31417,94.11,53.16,476,474,0.0001409,,0.56
2024-046S,59217,STARLINK-31499,94.1,53.16,476,474,0.000106,,0.61
2024-046T,59218,STARLINK-31421,94.11,53.16,476,475,0.000103,,0.59
2024-046U,59219,STARLINK-31518,94.11,53.16,476,474,0.0001229,,0.61
2024-046V,59220,STARLINK-31523,94.11,53.16,476,475,0.0001053,,0.59
2024-046W,59221,STARLINK-31516,94.11,53.16,476,475,0.000121,,0.61
2024-046X,59222,STARLINK-31490,94.11,53.16,476,474,0.0001355,,0.57
2024-046Y,59223,STARLINK-31420,94.11,53.16,476,474,0.0001186,,0.57
2024-047A,59224,STRIX-3,95.47,97.61,554,529,0.0017552,,0.28
2024-049A,59231,STARLINK-31304,93.46,43,445,443,0.0002008,,0.36
2024-049B,59232,STARLINK-31305,93.47,43.01,446,443,0.0002193,,0.33
2024-049C,59233,STARLINK-31459,93.46,43,444,444,0.000053,,0.33
2024-049D,59234,STARLINK-31438,93.46,43,445,443,0.0001892,,0.3
2024-049E,59235,STARLINK-31467,93.46,43,446,442,0.0002519,,0.33
2024-049F,59236,STARLINK-31444,91.23,42.96,338,332,0.0004425,,0.25
2024-049G,59237,STARLINK-31505,93.46,43,445,443,0.0002107,,0.33
2024-049H,59238,STARLINK-31494,93.47,43.01,446,442,0.0002949,,0.51
2024-049J,59239,STARLINK-31303,93.09,43,430,422,0.0006298,,0.33
2024-049K,59240,STARLINK-31408,93.47,43,446,443,0.0002058,,0.51
2024-049L,59241,STARLINK-31427,93.46,43,445,443,0.0000916,,0.99
2024-049M,59242,STARLINK-31423,93.47,43,445,443,0.0001274,,0.35
2024-049N,59243,STARLINK-31433,93.46,43,445,444,0.0000793,,0.65
2024-049P,59244,STARLINK-31285,93.47,43,445,443,0.0000914,,0.31
2024-049Q,59245,STARLINK-31268,93.46,43,445,443,0.0001809,,0.31
2024-049R,59246,STARLINK-31284,93.47,43,445,443,0.000128,,0.65
2024-049S,59247,STARLINK-31424,93.47,43,445,443,0.0000943,,0.37
2024-049T,59248,STARLINK-31405,93.47,43,444,444,0.0000234,,0.34
2024-049U,59249,STARLINK-31426,93.47,43,445,443,0.0001712,,0.35
2024-049V,59250,STARLINK-31407,93.46,43,445,443,0.0000922,,0.37
2024-049W,59251,STARLINK-31418,91.77,42.99,374,348,0.0019377,,0.25
2024-049X,59252,STARLINK-31393,93.34,43,440,437,0.0002002,,0.25
2024-049Y,59253,STARLINK-31425,93.47,43,446,443,0.0002323,,0.32
2024-050A,59254,STARLINK-31659,94.11,53.16,476,474,0.0001371,,0.33
2024-050B,59255,STARLINK-31629,94.11,53.16,476,474,0.0001159,,0.58
2024-050C,59256,STARLINK-31652,94.11,53.16,476,474,0.0001566,,0.59
2024-050D,59257,STARLINK-31655,93.17,53.16,430,429,0.0000927,,0.56
2024-050E,59258,STARLINK-31637,94.11,53.16,476,474,0.0001266,,0.6
2024-050F,59259,STARLINK-31506,94.11,53.16,476,475,0.0000966,,0.58
2024-050G,59260,STARLINK-31288,94.11,53.16,476,474,0.0001454,,0.36
2024-050H,59261,STARLINK-31639,94.11,53.16,476,474,0.0001154,,0.34
2024-050J,59262,STARLINK-31673,94.11,53.16,476,475,0.0000543,,0.59
2024-050K,59263,STARLINK-31598,94.11,53.16,476,474,0.0001298,,1.01
2024-050L,59264,STARLINK-31645,94.11,53.16,476,475,0.0000851,,0.57
2024-050M,59265,STARLINK-31646,94.1,53.16,476,474,0.0001289,,0.37
2024-050N,59266,STARLINK-31648,94.11,53.16,476,474,0.0001273,,0.33
2024-050P,59267,STARLINK-31579,94.11,53.16,476,474,0.0001109,,0.58
2024-050Q,59268,STARLINK-31627,94.11,53.16,476,475,0.0000994,,1.01
2024-050R,59269,STARLINK-31609,94.11,53.16,476,475,0.0000969,,0.37
2024-050S,59270,STARLINK-31616,94.11,53.16,477,474,0.0002324,,0.37
2024-050T,59271,STARLINK-31630,93.53,53.16,448,446,0.0001196,,0.57
2024-050U,59272,STARLINK-31623,94.1,53.16,476,475,0.0000968,,0.6
2024-050V,59273,STARLINK-31595,94.11,53.16,476,474,0.000174,,0.56
2024-052A,59280,2024-052A,100.87,50.01,808,791,0.0011791,,0.31
2024-052B,59281,2024-052B,100.86,50.01,803,796,0.0004799,,0.26
2024-052C,59282,2024-052C,100.86,50.01,804,794,0.0006986,,0.29
2024-052D,59283,2024-052D,100.87,50.01,803,797,0.0004302,,0.31
2024-052E,59284,2024-052E,100.87,50.01,808,791,0.0011938,,0.29
2024-052F,59285,2024-052F,100.86,50.01,804,795,0.000593,,0.33
2024-053B,59289,MOLA,94.16,49.99,481,474,0.0005098,,0.52
2024-053C,59290,AEROCUBE 16A,94.31,49.99,489,481,0.0006379,,0.32
2024-053D,59291,AEROCUBE 16B,94.31,50,489,481,0.0006288,,0.51
2024-056A,59296,STARLINK-31463,93.46,43,445,443,0.000174,,1.09
2024-056B,59297,STARLINK-31487,93.46,43,445,443,0.0001018,,1
2024-056C,59298,STARLINK-31386,93.47,43,446,443,0.0002186,,1.12
2024-056D,59299,STARLINK-31409,93.46,43,445,443,0.0001321,,0.97
2024-056E,59300,STARLINK-31489,93.47,43.01,447,441,0.0003983,,1.11
2024-056F,59301,STARLINK-31502,93.46,43,444,444,0.0000403,,1.01
2024-056G,59302,STARLINK-31447,93.46,43,446,442,0.0002654,,0.99
2024-056H,59303,STARLINK-31504,93.46,43,445,443,0.0001333,,0.28
2024-056J,59304,STARLINK-31474,93.46,43,446,442,0.0002307,,0.43
2024-056K,59305,STARLINK-31500,93.46,43,445,443,0.0001616,,0.99
2024-056L,59306,STARLINK-31480,93.46,43,445,443,0.000162,,1.11
2024-056M,59307,STARLINK-31282,93.46,43.01,446,442,0.0003426,,1.06
2024-056N,59308,STARLINK-31485,93.47,43.01,446,443,0.0002282,,0.42
2024-056P,59309,STARLINK-31455,93.46,43,445,443,0.0001722,,1.36
2024-056Q,59310,STARLINK-31475,93.46,43,445,443,0.0001252,,1.09
2024-056S,59312,STARLINK-31445,93.46,43,445,443,0.0000802,,1.08
2024-056T,59313,STARLINK-31495,93.46,43,445,444,0.0000725,,0.95
2024-056U,59314,STARLINK-31477,93.46,43,445,443,0.0001606,,1.1
2024-056V,59315,STARLINK-31446,93.46,43,445,444,0.0000748,,1.11
2024-056W,59316,STARLINK-31479,93.46,43,445,443,0.0001548,,0.96
2024-056X,59317,STARLINK-31349,93.47,43,445,443,0.0001747,,1.11
2024-056Y,59318,STARLINK-31464,93.46,43,445,443,0.00014,,1.11
2024-057A,59320,STARLINK-31402,89.79,42.98,264,264,0.0000346,*D,2.55
2024-057B,59321,STARLINK-31578,93.46,43.01,446,442,0.0002562,,0.39
2024-057C,59322,STARLINK-31530,93.46,43,445,443,0.0001513,,0.5
2024-057D,59323,STARLINK-31565,93.46,43.01,445,443,0.0001416,,0.85
2024-057E,59324,STARLINK-31570,93.46,43,444,443,0.0000739,,0.4
2024-057F,59325,STARLINK-31611,93.46,43,445,443,0.0001183,,0.38
2024-057G,59326,STARLINK-31632,93.46,43,445,443,0.0001485,,0.47
2024-057H,59327,STARLINK-31599,93.46,43,445,443,0.0001414,,0.49
2024-057J,59328,STARLINK-31614,93.47,43.01,446,442,0.0002834,,0.5
2024-057K,59329,STARLINK-31493,93.46,43,445,443,0.0000916,,0.49
2024-057L,59330,STARLINK-31634,93.46,43.01,446,442,0.0002613,,0.52
2024-057M,59331,STARLINK-31633,93.46,43,445,443,0.0001309,,0.54
2024-057N,59332,STARLINK-31594,93.46,43,445,443,0.0001214,,1.13
2024-057P,59333,STARLINK-31572,93.46,43,445,443,0.0001665,,1.46
2024-057Q,59334,STARLINK-31573,93.46,43.01,445,443,0.0001091,,0.83
2024-057R,59335,STARLINK-31588,93.46,43,445,443,0.0001618,,0.83
2024-057S,59336,STARLINK-31596,93.46,43,445,443,0.000121,,0.5
2024-057T,59337,STARLINK-31612,93.46,43,445,443,0.0001409,,0.52
2024-057U,59338,STARLINK-31550,93.46,43,445,442,0.0002045,,0.52
2024-057V,59339,STARLINK-31473,93.46,43,446,442,0.000251,,0.5
2024-057W,59340,STARLINK-31562,93.46,43,445,443,0.0001691,,0.41
2024-057X,59341,STARLINK-31600,93.46,43,445,443,0.0001077,,0.4
2024-057Y,59342,STARLINK-31628,93.46,43,445,443,0.0001412,,0.53
2024-058A,59343,YUNHAI-3 02,101.88,98.82,848,847,0.0000803,,0.27
2024-059A,59346,EUTELSAT 36D,1436.11,0.02,35787,35786,0.0000149,*G,0.6
2024-060A,59348,STARLINK-31605,93.46,43,445,443,0.0001114,,0.33
2024-060B,59349,STARLINK-31532,93.47,43,445,443,0.0000889,,0.95
2024-060C,59350,STARLINK-31593,93.46,43,445,443,0.0001465,,0.35
2024-060D,59351,STARLINK-31555,93.46,43,445,443,0.0001633,,1.35
2024-060E,59352,STARLINK-31561,93.46,43,445,444,0.0000727,,0.34
2024-060F,59353,STARLINK-31413,93.46,43,445,443,0.0001379,,1
2024-060G,59354,STARLINK-31422,93.46,43,445,443,0.0001195,,0.33
2024-060H,59355,STARLINK-31416,93.46,43,445,443,0.0001061,,0.31
2024-060J,59356,STARLINK-31552,93.47,43,445,443,0.0001642,,0.34
2024-060K,59357,STARLINK-31557,93.38,43,440,440,0.0000083,,0.36
2024-060L,59358,STARLINK-31559,93.46,43,445,443,0.0000991,,0.36
2024-060M,59359,STARLINK-31501,93.47,43,445,443,0.0001257,,0.32
2024-060N,59360,STARLINK-31549,93.46,43,445,443,0.0001206,,0.35
2024-060P,59361,STARLINK-31560,93.47,43,445,443,0.0001018,,0.25
2024-060Q,59362,STARLINK-31571,93.46,43,445,443,0.0002192,,0.32
2024-060R,59363,STARLINK-31553,93.46,43,445,443,0.000145,,1.08
2024-060S,59364,STARLINK-31547,93.46,43,445,443,0.0001086,,0.99
2024-060T,59365,STARLINK-31537,93.46,43,445,443,0.0001715,,0.32
2024-060U,59366,STARLINK-31451,93.46,43,445,443,0.0001356,,0.93
2024-060V,59367,STARLINK-31428,93.46,43,445,443,0.0001566,,0.36
2024-060W,59368,STARLINK-31419,93.46,43,445,443,0.0001778,,0.36
2024-060X,59369,STARLINK-31583,93.46,43,445,443,0.0001151,,0.33
2024-060Y,59370,STARLINK-31461,93.47,43,446,443,0.0002208,,1.05
2024-061A,59371,RESURS-P 4,93.98,97.21,470,468,0.0001563,,0.29
2024-062A,59374,STARLINK-31641,94.11,53.16,476,474,0.0001354,,0.8
2024-062B,59375,STARLINK-31430,94.11,53.16,476,474,0.0001256,,0.81
2024-062C,59376,STARLINK-31695,94.11,53.16,476,474,0.0001365,,0.54
2024-062D,59377,STARLINK-31716,91.21,53.14,340,329,0.0008249,,0.33
2024-062E,59378,STARLINK-31710,94.11,53.16,476,474,0.0001232,,1.11
2024-062F,59379,STARLINK-31698,94.1,53.16,476,474,0.0001333,,0.54
2024-062G,59380,STARLINK-31680,94.11,53.16,476,474,0.0001236,,0.54
2024-062H,59381,STARLINK-31713,94.11,53.16,476,475,0.0001095,,0.55
2024-062J,59382,STARLINK-31705,94.11,53.16,476,474,0.0001473,,1.12
2024-062K,59383,STARLINK-31709,93.96,53.16,470,466,0.0002671,,0.53
2024-062L,59384,STARLINK-31715,94.11,53.16,476,475,0.000071,,0.55
2024-062M,59385,STARLINK-31717,94.11,53.16,476,474,0.0001235,,0.52
2024-062N,59386,STARLINK-31688,94.11,53.16,476,475,0.0001077,,0.55
2024-062P,59387,STARLINK-31714,94.11,53.16,476,474,0.000135,,0.84
2024-062Q,59388,STARLINK-31643,94.11,53.16,476,474,0.0001574,,0.52
2024-062R,59389,STARLINK-31647,94.11,53.16,476,475,0.0000995,,0.54
2024-062S,59390,STARLINK-31649,94.11,53.16,476,474,0.0001414,,1.12
2024-062T,59391,STARLINK-31644,94.11,53.16,476,474,0.0001443,,1.21
2024-062U,59392,STARLINK-31626,94.11,53.16,476,474,0.0001544,,1.27
2024-062V,59393,STARLINK-31443,94.11,53.16,476,474,0.0001132,,0.56
2024-062W,59394,STARLINK-31607,94.11,53.16,476,474,0.0001328,,0.54
2024-063A,59395,YAOGAN-42 02,94.56,34.99,499,495,0.0003119,,0.24
2024-062X,59397,STARLINK-31608,94.11,53.16,476,474,0.0001089,,0.51
2024-064A,59398,STARLINK-31534,93.47,43.01,450,438,0.0008317,,0.83
2024-064B,59399,STARLINK-31544,93.46,43.01,447,441,0.0004365,,0.52
2024-064C,59400,STARLINK-31545,93.46,43,446,442,0.000236,,0.55
2024-064D,59401,STARLINK-31507,93.46,43,445,443,0.0001892,,0.55
2024-064E,59402,STARLINK-31543,93.47,43,446,442,0.0002637,,0.59
2024-064F,59403,STARLINK-31366,93.46,43,445,443,0.0001466,,0.54
2024-064G,59404,STARLINK-31374,92.33,43,394,384,0.000779,,0.58
2024-064H,59405,STARLINK-31400,93.46,43,445,443,0.0001668,,0.58
2024-064J,59406,STARLINK-31391,93.47,43,446,443,0.0002349,,0.52
2024-064K,59407,STARLINK-31387,93.46,43,445,443,0.0001934,,0.53
2024-064L,59408,STARLINK-31367,92.19,43,393,371,0.0016007,,0.33
2024-064M,59409,STARLINK-31396,93.47,43,445,443,0.0001302,,0.57
2024-064N,59410,STARLINK-31412,93.47,43,445,443,0.0001458,,0.68
2024-064P,59411,STARLINK-31483,93.46,43,445,443,0.0001452,,0.6
2024-064Q,59412,STARLINK-31568,93.46,43,445,443,0.0001782,,0.53
2024-064R,59413,STARLINK-31615,93.46,43,445,443,0.0001282,,0.47
2024-064S,59414,STARLINK-31457,93.46,43,446,442,0.0002436,,0.54
2024-064T,59415,STARLINK-31398,93.46,43,445,443,0.0001687,,0.81
2024-064U,59416,STARLINK-31399,93.46,43,445,443,0.0001856,,0.56
2024-064V,59417,STARLINK-31401,93.46,43,446,442,0.0003268,,0.57
2024-064W,59418,STARLINK-31414,93.46,43,446,443,0.0002177,,0.59
2024-064X,59419,STARLINK-31415,93.46,43,445,443,0.0001077,,0.58
2024-064Y,59420,STARLINK-31466,93.46,43,445,443,0.0001076,,0.52
2024-065A,59421,STARLINK-11087 [DTC],91.33,53.16,341,338,0.0002579,,0.26
2024-065B,59422,STARLINK-11090 [DTC],91.33,53.16,341,339,0.0001344,,1.36
2024-065C,59423,STARLINK-11093 [DTC],91.33,53.16,341,339,0.0001726,,0.27
2024-065D,59424,STARLINK-11083 [DTC],91.33,53.16,342,338,0.000287,,0.26
2024-065E,59425,STARLINK-11085 [DTC],91.33,53.16,341,339,0.0001454,,0.28
2024-065F,59426,STARLINK-11089 [DTC],91.33,53.16,341,339,0.0001534,,0.94
2024-065G,59427,STARLINK-31757,94.1,53.16,476,474,0.0001534,,0.46
2024-065J,59429,STARLINK-31773,94.11,53.16,476,474,0.0001478,,1.13
2024-065K,59430,STARLINK-31772,94.11,53.16,476,475,0.0001024,,0.48
2024-065L,59431,STARLINK-31613,94.11,53.16,476,474,0.0001394,,1.18
2024-065M,59432,STARLINK-31780,94.11,53.16,476,474,0.0001331,,1.18
2024-065N,59433,STARLINK-31740,94.11,53.16,476,474,0.0001317,,1.14
2024-065P,59434,STARLINK-31580,94.11,53.16,476,474,0.0001733,,1.19
2024-065Q,59435,STARLINK-31696,94.11,53.16,476,474,0.0001348,,1.06
2024-065R,59436,STARLINK-31700,94.11,53.16,476,474,0.0001589,,0.48
2024-065S,59437,STARLINK-31706,94.11,53.16,476,474,0.0001615,,1.14
2024-065T,59438,STARLINK-31711,94.11,53.16,476,474,0.0001291,,1.06
2024-065U,59439,STARLINK-31708,94.11,53.16,476,474,0.0001448,,1.14
2024-065W,59441,STARLINK-31693,94.11,53.16,476,474,0.0001234,,0.46
2024-066A,59442,TSAT-1A,94.67,45.61,510,495,0.0010677,,0.3
2024-066B,59443,HAWK-8A,96.29,45.59,584,578,0.0003717,,1.07
2024-066C,59444,CAPELLA-14 (ACADIA-4),96.35,45.61,587,581,0.0004135,,0.4
2024-066D,59445,HAWK-8B,96.29,45.62,584,578,0.0003949,,1.01
2024-066E,59446,HAWK-9A,96.28,45.61,583,578,0.0003097,,0.38
2024-066F,59447,QPS-SAR-7 (TSUKUYOMI-II),96.04,45.61,570,568,0.0001679,,0.29
2024-066G,59448,HAWK-9C,96.28,45.6,583,579,0.0002789,,0.38
2024-066H,59449,HAWK-8C,96.29,45.61,584,578,0.0003707,,1.01
2024-066J,59450,HAWK-9B,96.28,45.62,583,578,0.000305,,0.31
2024-066K,59451,CENTAURI-6,96.11,45.61,574,570,0.0002742,,0.38
2024-066L,59452,KORSAT-1,96.07,45.41,572,568,0.0003036,,0.27
2024-068A,59455,STARLINK-31617,93.44,43,444,441,0.0001873,,0.56
2024-068B,59456,STARLINK-31622,93.47,43,445,443,0.0001739,,0.57
2024-068C,59457,STARLINK-31319,93.46,43,445,443,0.0001199,,0.61
2024-068D,59458,STARLINK-31625,93.46,43,445,443,0.0001419,,0.65
2024-068E,59459,STARLINK-31631,93.46,43,445,443,0.0001613,,0.53
2024-068F,59460,STARLINK-31620,93.46,43,445,443,0.0001701,,0.55
2024-068H,59462,STARLINK-31511,93.46,43,446,442,0.0002462,,0.63
2024-068J,59463,STARLINK-31364,93.46,43,445,443,0.0002042,,0.54
2024-068K,59464,STARLINK-31597,93.46,43,445,443,0.0001815,,0.59
2024-068L,59465,STARLINK-31621,93.47,43,445,444,0.0000615,,0.58
2024-068M,59466,STARLINK-31462,93.47,43,445,443,0.0001402,,0.79
2024-068N,59467,STARLINK-31592,93.46,43,446,442,0.0002602,,0.64
2024-068P,59468,STARLINK-31267,93.46,43,445,443,0.0001481,,0.62
2024-068Q,59469,STARLINK-31381,93.46,43,445,443,0.0001018,,0.62
2024-068R,59470,STARLINK-31546,93.46,43,445,443,0.0001655,,0.61
2024-068S,59471,STARLINK-31575,93.46,43,446,442,0.0003141,,0.61
2024-068U,59473,STARLINK-31610,93.46,43,445,443,0.0000979,,0.59
2024-068V,59474,STARLINK-31581,93.36,43,441,437,0.0002507,,0.64
2024-068W,59475,STARLINK-31566,93.46,43,445,443,0.0001231,,0.6
2024-068X,59476,STARLINK-31515,93.46,43,445,443,0.0001711,,0.59
2024-068Y,59477,STARLINK-31531,91.19,42.99,334,332,0.0001657,,0.25
2024-069A,59479,DUMMY SAT 3,1460.34,0.78,36472,36047,0.0049831,,1.43
2024-070A,59481,WSF-M,101.37,98.72,827,820,0.0004869,,0.52
2024-071A,59484,STARLINK-31753,93.47,43,445,443,0.000164,,0.74
2024-071B,59485,STARLINK-31653,91.18,42.99,334,332,0.0001477,,0.33
2024-071C,59486,STARLINK-31733,93.46,43,445,443,0.0001317,,0.82
2024-071D,59487,STARLINK-31657,93.46,43,445,443,0.0001136,,0.74
2024-071E,59488,STARLINK-31754,93.46,43,445,443,0.00013,,0.66
2024-071F,59489,STARLINK-31638,93.46,43,446,442,0.0002382,,0.84
2024-071G,59490,STARLINK-31670,93.46,43,445,443,0.0001402,,0.66
2024-071H,59491,STARLINK-31712,93.41,43,443,440,0.0002289,,0.72
2024-071J,59492,STARLINK-31684,93.46,43,445,443,0.0002037,,0.73
2024-071K,59493,STARLINK-31678,93.46,43,445,443,0.0002047,,0.67
2024-071L,59494,STARLINK-31744,93.46,43,446,442,0.0002325,,0.73
2024-071M,59495,STARLINK-31719,93.46,43,445,443,0.0001471,,0.68
2024-071N,59496,STARLINK-31728,93.46,43,445,443,0.0002004,,0.74
2024-071P,59497,STARLINK-31720,93.46,43,445,443,0.0002041,,0.76
2024-071Q,59498,STARLINK-31731,93.47,43,445,443,0.0001266,,0.69
2024-071R,59499,STARLINK-31742,93.46,43,445,443,0.0001617,,0.63
2024-071S,59500,STARLINK-31512,91.45,43,361,331,0.002241,,0.25
2024-071T,59501,STARLINK-31458,93.46,43.01,445,443,0.0000994,,0.82
2024-071U,59502,STARLINK-31357,93.46,43,445,443,0.0001446,,0.64
2024-071V,59503,STARLINK-31508,93.47,43,445,443,0.0001207,,0.84
2024-071W,59504,STARLINK-31535,93.46,43,444,444,0.0000436,,0.67
2024-071X,59505,STARLINK-31533,93.46,43,445,443,0.0001668,,0.71
2024-071Y,59506,STARLINK-31524,92.37,42.99,394,388,0.0004576,,0.25
2024-072A,59510,SUPERVIEW NEO-3 01,94.58,97.46,500,497,0.0002306,,0.25
2024-073A,59511,STARLINK-31635,93.46,43,445,443,0.0001774,,0.89
2024-073B,59512,STARLINK-31650,93.46,43,445,443,0.0001282,,0.86
2024-073C,59513,STARLINK-31658,93.46,43,445,443,0.0001412,,0.33
2024-073D,59514,STARLINK-31664,92.6,43,403,400,0.0002171,,0.79
2024-073E,59515,STARLINK-31669,93.47,43,446,443,0.0002315,,0.77
2024-073F,59516,STARLINK-31671,93.46,43,445,443,0.000092,,1.46
2024-073G,59517,STARLINK-31674,93.46,43,445,443,0.0001768,,0.71
2024-073J,59519,STARLINK-31679,93.47,43,444,444,0.0000407,,0.73
2024-073K,59520,STARLINK-31370,93.46,43,445,443,0.0001017,,0.81
2024-073L,59521,STARLINK-31404,93.46,43,445,443,0.0000934,,1.21
2024-073M,59522,STARLINK-31453,93.17,43,431,429,0.0001389,,0.58
2024-073N,59523,STARLINK-31476,93.47,43,445,443,0.0001226,,0.93
2024-073P,59524,STARLINK-31376,93.46,43,445,443,0.0000841,,0.77
2024-073Q,59525,STARLINK-31538,93.46,43,446,443,0.0002181,,0.84
2024-073R,59526,STARLINK-31564,93.46,43,446,442,0.0002593,,0.77
2024-073S,59527,STARLINK-31452,93.46,43.01,445,443,0.0002035,,0.24
2024-073T,59528,STARLINK-31618,93.46,43,445,443,0.0001436,,0.79
2024-073U,59529,STARLINK-31513,93.46,43,445,443,0.0000802,,1.21
2024-073V,59530,STARLINK-31392,93.46,43,445,443,0.0001032,,0.78
2024-073W,59531,STARLINK-31619,93.46,43,445,443,0.000103,,0.71
2024-073X,59532,STARLINK-31624,93.35,43,439,437,0.0001676,,1.02
2024-073Y,59533,STARLINK-31509,93.47,43,445,444,0.0000846,,0.89
2024-074A,59534,STARLINK-31734,93.47,43,444,444,0.0000136,,0.74
2024-074B,59535,STARLINK-31738,93.46,43,445,443,0.0001452,,1.4
2024-074C,59536,STARLINK-31721,93.46,43.01,445,443,0.0002035,,0.69
2024-074D,59537,STARLINK-31737,93.46,43,445,443,0.0001874,,0.71
2024-074E,59538,STARLINK-31725,93.46,43,445,443,0.0001029,,0.68
2024-074F,59539,STARLINK-31539,93.46,43,445,443,0.0001014,,0.84
2024-074G,59540,STARLINK-31397,93.46,43,445,443,0.0001532,,0.8
2024-074H,59541,STARLINK-31481,93.47,43,445,443,0.0001325,,0.75
2024-074J,59542,STARLINK-31540,93.46,43,445,443,0.0001255,,0.77
2024-074K,59543,STARLINK-31574,93.46,43,445,443,0.0001867,,1.11
2024-074L,59544,STARLINK-31556,93.46,43,445,443,0.0002027,,0.66
2024-074M,59545,STARLINK-31582,93.47,43,445,443,0.000107,,0.67
2024-074N,59546,STARLINK-31519,93.46,43.01,446,442,0.0003429,,1.08
2024-074P,59547,STARLINK-31736,93.46,43,445,443,0.0001738,,1.07
2024-074Q,59548,STARLINK-31675,93.47,43.01,446,442,0.0002673,,0.7
2024-074R,59549,STARLINK-31722,93.46,43.01,446,442,0.0002756,,1.08
2024-074S,59550,STARLINK-31741,93.47,43,445,443,0.0001848,,0.76
2024-074T,59551,STARLINK-31699,93.46,43,445,443,0.0001874,,0.77
2024-074U,59552,STARLINK-31750,93.47,43,445,444,0.0000899,,0.84
2024-074V,59553,STARLINK-31723,93.46,43,445,443,0.0001018,,0.65
2024-074W,59554,STARLINK-31724,91.43,43,346,343,0.0001792,,0.69
2024-074X,59555,STARLINK-31730,93.46,43,445,443,0.0001599,,0.86
2024-074Y,59556,STARLINK-31718,93.47,43,446,443,0.0002344,,0.73
2024-075A,59557,2024-075A,94.56,35,501,494,0.000527,,0.43
2024-076A,59564,STARLINK-31747,93.46,43,445,443,0.0001899,,0.68
2024-076B,59565,STARLINK-31388,93.47,43,445,443,0.0000968,,0.61
2024-076C,59566,STARLINK-31332,93.46,43,447,441,0.0004072,,0.66
2024-076D,59567,STARLINK-31689,93.46,43,446,442,0.0002918,,0.56
2024-076E,59568,STARLINK-31471,93.46,43,445,443,0.00021,,0.6
2024-076F,59569,STARLINK-31470,93.46,43,445,443,0.0001349,,1.33
2024-076G,59570,STARLINK-31587,93.46,43,445,443,0.0001657,,0.61
2024-076H,59571,STARLINK-31606,93.47,43,445,443,0.0001559,,0.58
2024-076J,59572,STARLINK-31666,93.46,43,445,443,0.0001233,,0.61
2024-076K,59573,STARLINK-31683,93.46,43,445,443,0.0001695,,0.6
2024-076L,59574,STARLINK-31751,93.46,43,445,443,0.0001437,,0.62
2024-076M,59575,STARLINK-31510,93.46,43,445,443,0.0001828,,0.75
2024-076N,59576,STARLINK-31663,93.47,43,445,443,0.0001239,,0.68
2024-076P,59577,STARLINK-31692,93.46,43,445,443,0.0001225,,0.64
2024-076Q,59578,STARLINK-31685,93.46,43,445,443,0.0001659,,0.65
2024-076R,59579,STARLINK-31686,93.47,43,445,444,0.0000777,,0.65
2024-076S,59580,STARLINK-31668,93.46,43,445,443,0.0001932,,0.63
2024-076T,59581,STARLINK-31690,93.46,43,445,443,0.0001297,,0.66
2024-076U,59582,STARLINK-31701,93.46,43,445,442,0.0002348,,0.67
2024-076V,59583,STARLINK-31697,93.46,43,445,443,0.0001205,,0.6
2024-076W,59584,STARLINK-31662,93.46,43,445,443,0.0001553,,0.61
2024-076X,59585,STARLINK-31702,93.46,43,446,442,0.0002409,,0.66
2024-076Y,59586,STARLINK-31704,93.46,43,445,443,0.0001508,,0.22
2024-077A,59587,NEONSAT-1,94.43,97.39,500,481,0.0013821,,0.29
2024-077B,59588,ACS3,104.71,97.51,1028,934,0.0063451,,0.83
2024-079A,59598,GSAT0225 (GALILEO 29),844.7,54.81,23230,23214,0.0002668,,0.6
2024-079C,59600,GSAT0227 (GALILEO 30),844.7,54.81,23228,23216,0.0001957,,2.17
2024-080A,59601,STARLINK-31770,93.46,43,445,443,0.0001977,,0.6
2024-080B,59602,STARLINK-31778,93.46,43,445,443,0.0001702,,0.58
2024-080C,59603,STARLINK-31776,93.46,43,445,443,0.000203,,0.55
2024-080D,59604,STARLINK-31765,93.46,43,446,442,0.0002835,,0.58
2024-080E,59605,STARLINK-31767,93.47,43,446,443,0.0002146,,0.59
2024-080F,59606,STARLINK-31782,93.46,43,445,443,0.0001123,,0.63
2024-080G,59607,STARLINK-31755,93.46,43,445,443,0.0001815,,0.56
2024-080H,59608,STARLINK-31585,93.47,43,445,443,0.0001114,,0.6
2024-080J,59609,STARLINK-31667,93.46,43,447,441,0.0003951,,0.55
2024-080K,59610,STARLINK-31729,93.46,43,446,442,0.0002432,,0.58
2024-080L,59611,STARLINK-31448,93.46,43,445,443,0.0001416,,0.57
2024-080M,59612,STARLINK-31748,93.46,43,445,443,0.0002084,,0.58
2024-080N,59613,STARLINK-31746,93.46,43,445,443,0.000139,,0.6
2024-080P,59614,STARLINK-31762,93.46,43,445,443,0.0001332,,0.52
2024-080Q,59615,STARLINK-31761,93.47,43,445,443,0.0001447,,0.62
2024-080R,59616,STARLINK-31768,93.46,43.01,446,442,0.0002737,,0.52
2024-080S,59617,STARLINK-31769,93.46,43,445,443,0.0001524,,0.61
2024-080T,59618,STARLINK-31784,93.46,43,445,443,0.0001137,,0.56
2024-080U,59619,STARLINK-31777,93.46,43,445,443,0.0001419,,0.62
2024-080V,59620,STARLINK-31771,93.46,43.01,446,443,0.0002227,,0.56
2024-080W,59621,STARLINK-31758,93.46,43,445,443,0.0001577,,0.57
2024-080X,59622,STARLINK-31774,93.46,43,445,443,0.0001954,,0.58
2024-080Y,59623,STARLINK-31763,93.46,43,445,443,0.0001689,,0.61
2024-081A,59625,LEGION 1,94.95,97.55,519,514,0.0003831,,0.33
2024-081B,59626,LEGION 2,94.96,97.55,517,516,0.0000641,,0.3
2024-082A,59631,STARLINK-31749,93.46,43,445,443,0.0001691,,0.33
2024-082B,59632,STARLINK-31781,93.47,43,445,443,0.0001692,,0.35
2024-082C,59633,STARLINK-31541,93.41,43,443,440,0.0001807,,0.69
2024-082D,59634,STARLINK-31797,93.46,43.01,445,443,0.0001663,,0.67
2024-082E,59635,STARLINK-31798,93.46,43,445,443,0.0001366,,0.31
2024-082F,59636,STARLINK-31802,93.46,43,446,442,0.0002311,,0.49
2024-082G,59637,STARLINK-31791,93.46,43,445,443,0.0001564,,0.46
2024-082H,59638,STARLINK-31727,93.46,43,445,443,0.0001086,,1.29
2024-082J,59639,STARLINK-31807,93.47,43.01,445,443,0.0001407,,0.3
2024-082K,59640,STARLINK-31806,93.46,43.01,445,443,0.00018,,0.67
2024-082L,59641,STARLINK-31804,93.46,43,445,443,0.0001523,,0.33
2024-082M,59642,STARLINK-31660,92.09,43,390,365,0.0018628,,0.25
2024-082N,59643,STARLINK-31800,93.47,43,445,443,0.0001594,,0.7
2024-082P,59644,STARLINK-31789,93.46,43,445,443,0.0001481,,0.34
2024-082Q,59645,STARLINK-31795,91.86,43,368,364,0.0002983,,0.73
2024-082R,59646,STARLINK-31796,93.46,43,445,443,0.0001789,,0.67
2024-082S,59647,STARLINK-31801,93.46,43,445,443,0.0001466,,0.31
2024-082T,59648,STARLINK-31790,93.39,43,442,439,0.000234,,0.58
2024-082U,59649,STARLINK-31803,92.57,43,402,399,0.0001688,,0.35
2024-082V,59650,STARLINK-31787,93.46,43.01,444,444,0.0000334,,0.35
2024-082W,59651,STARLINK-31277,93.46,43.01,446,443,0.0002258,,0.35
2024-082X,59652,STARLINK-31799,93.46,43,445,442,0.0002213,,0.56
2024-082Y,59653,STARLINK-31764,93.46,43,446,442,0.0002336,,0.34
2024-084A,59654,STARLINK-31589,93.46,43,446,442,0.0002921,,0.63
2024-084B,59655,STARLINK-31665,93.46,43,446,442,0.0002424,,0.61
2024-084C,59656,STARLINK-31912,93.46,43,445,443,0.0000971,,0.84
2024-084D,59657,STARLINK-31904,93.46,43,445,443,0.0001923,,0.59
2024-084E,59658,STARLINK-31858,93.46,43,446,443,0.0002291,,0.56
2024-084F,59659,STARLINK-31881,93.46,43,446,442,0.0002282,,0.54
2024-084G,59660,STARLINK-31885,93.46,43,445,443,0.0001778,,0.49
2024-084H,59661,STARLINK-31880,93.46,43,445,443,0.0002075,,0.61
2024-084J,59662,STARLINK-31886,93.46,43,445,443,0.0001694,,0.57
2024-084K,59663,STARLINK-31909,93.46,43,445,443,0.0002056,,0.53
2024-084L,59664,STARLINK-31910,93.46,43,445,443,0.0001921,,0.61
2024-084N,59666,STARLINK-31902,93.46,43,446,442,0.0002772,,0.57
2024-084P,59667,STARLINK-31913,93.46,43,446,442,0.0003249,,0.54
2024-084Q,59668,STARLINK-31866,93.31,43,438,434,0.0002771,,0.55
2024-084R,59669,STARLINK-31917,93.46,43,446,442,0.0003133,,0.59
2024-084S,59670,STARLINK-31860,93.46,43,445,443,0.0001275,,0.94
2024-084T,59671,STARLINK-31854,92.1,42.99,391,364,0.0020436,,0.25
2024-084U,59672,STARLINK-31842,93.46,43,446,442,0.0002323,,0.56
2024-084V,59673,STARLINK-31871,93.46,43,445,443,0.0001664,,0.53
2024-084W,59674,STARLINK-31875,93.47,43,445,443,0.0001109,,0.68
2024-084X,59675,STARLINK-31877,93.46,43,444,444,0.0000646,,0.58
2024-084Y,59676,STARLINK-31884,93.46,43,445,443,0.000187,,0.53
2024-085B,59678,2024-085B,94.01,97.39,478,463,0.0010742,,0.25
2024-085C,59679,2024-085C,94.6,97.38,523,475,0.0035541,,0.25
2024-085D,59680,2024-085D,94.35,97.38,495,479,0.0011661,,0.23
2024-085E,59681,2024-085E,93.02,97.35,452,393,0.00434,,0.58
2024-086A,59682,STARLINK-32108,93.46,43,446,442,0.0002426,,0.51
2024-086B,59683,STARLINK-32080,93.46,43,445,443,0.0001231,,0.55
2024-086C,59684,STARLINK-32091,93.46,43,445,443,0.0001641,,0.79
2024-086D,59685,STARLINK-32085,93.46,43,445,443,0.0001988,,0.56
2024-086E,59686,STARLINK-32100,93.46,43,445,443,0.0001155,,0.96
2024-086F,59687,STARLINK-32089,93.46,43,445,443,0.0001457,,0.54
2024-086G,59688,STARLINK-32103,93.46,43,445,443,0.0001937,,0.84
2024-086H,59689,STARLINK-32105,93.46,43,445,443,0.0001712,,0.54
2024-086J,59690,STARLINK-32106,93.46,43,445,443,0.0000961,,0.52
2024-086K,59691,STARLINK-32090,93.46,43,445,443,0.0001779,,0.55
2024-086L,59692,STARLINK-32095,92.48,43,406,386,0.0015013,,0.25
2024-086M,59693,STARLINK-32088,93.46,43,445,443,0.0001576,,0.53
2024-086N,59694,STARLINK-32107,93.46,43,445,443,0.0001429,,0.57
2024-086P,59695,STARLINK-32104,93.46,43,446,442,0.0002651,,0.49
2024-086Q,59696,STARLINK-32094,93.46,43,446,443,0.0002229,,0.9
2024-086R,59697,STARLINK-32099,93.46,43,445,443,0.0001667,,0.73
2024-086S,59698,STARLINK-32096,93.46,43,445,443,0.0001383,,0.49
2024-086T,59699,STARLINK-32102,93.46,43,445,443,0.0001575,,0.55
2024-086U,59700,STARLINK-32092,93.46,43,445,443,0.0001755,,0.57
2024-086V,59701,STARLINK-32093,93.46,43,445,443,0.0001516,,0.56
2024-086W,59702,STARLINK-32087,93.46,43,445,443,0.000122,,0.49
2024-086X,59703,STARLINK-32086,93.46,43,445,443,0.0001564,,1.5
2024-086Y,59704,STARLINK-32098,93.46,43,445,443,0.0001845,,0.76
2024-087A,59705,ZHIHUI TIANWANG-1 01A,717.98,53.14,20210,20155,0.0010406,,0.91
2024-087B,59706,ZHIHUI TIANWANG-1 01B,717.98,53.13,20207,20158,0.0009222,,2.4
2024-088A,59708,STARLINK-11107 [DTC],91.74,53.16,361,359,0.0001313,,0.64
2024-088B,59709,STARLINK-11088 [DTC],91.74,53.16,361,359,0.0001251,,0.59
2024-088C,59710,STARLINK-11092 [DTC],91.74,53.16,361,359,0.0001214,,0.72
2024-088D,59711,STARLINK-11082 [DTC],91.74,53.16,360,359,0.0000936,,0.6
2024-088E,59712,STARLINK-11108 [DTC],91.74,53.16,361,359,0.0001239,,0.6
2024-088F,59713,STARLINK-11100 [DTC],91.74,53.16,360,359,0.0001062,,0.54
2024-088G,59714,STARLINK-11094 [DTC],91.74,53.16,360,359,0.0001004,,0.74
2024-088H,59715,STARLINK-11101 [DTC],91.74,53.16,361,359,0.0001519,,0.62
2024-088J,59716,STARLINK-11099 [DTC],91.74,53.16,360,359,0.0000998,,0.61
2024-088K,59717,STARLINK-11084 [DTC],91.74,53.16,361,359,0.0001079,,0.62
2024-088L,59718,STARLINK-11103 [DTC],91.74,53.16,360,359,0.0000952,,0.63
2024-088M,59719,STARLINK-11096 [DTC],91.74,53.16,361,358,0.0002429,,0.64
2024-088N,59720,STARLINK-11095 [DTC],91.74,53.16,360,359,0.0000875,,0.76
2024-088P,59721,STARLINK-31834,94.11,53.16,476,474,0.0001126,,0.59
2024-088Q,59722,STARLINK-31843,94.11,53.16,476,474,0.0001237,,0.58
2024-088R,59723,STARLINK-31766,94.11,53.16,476,474,0.0001303,,0.47
2024-088S,59724,STARLINK-31836,94.11,53.16,476,474,0.0001439,,0.6
2024-088T,59725,STARLINK-31820,94.11,53.16,476,474,0.0001262,,0.59
2024-088U,59726,STARLINK-31642,94.11,53.16,476,474,0.000115,,0.58
2024-088V,59727,STARLINK-31827,94.11,53.16,476,475,0.0001027,,0.58
2024-089A,59728,SHIYAN 23 (SY-23),97.14,97.77,627,617,0.0007447,,0.53
2024-090A,59730,STARLINK-31472,93.46,43,445,443,0.0001911,,0.23
2024-090B,59731,STARLINK-31817,93.47,43,446,443,0.0002291,,0.47
2024-090C,59732,STARLINK-31841,92.11,43,380,376,0.0003104,,0.25
2024-090D,59733,STARLINK-31833,93.46,43.01,445,443,0.0001428,,0.24
2024-090E,59734,STARLINK-31849,93.46,43,446,442,0.0002613,,1.11
2024-090F,59735,STARLINK-31661,93.46,43,445,444,0.0000707,,1.1
2024-090G,59736,STARLINK-31707,93.46,43,446,443,0.000219,,0.87
2024-090H,59737,STARLINK-31821,93.46,43.01,445,443,0.0001084,,0.49
2024-090J,59738,STARLINK-31819,93.46,43.01,445,443,0.0001684,,0.88
2024-090K,59739,STARLINK-31726,93.47,43.01,446,442,0.0002727,,0.47
2024-090L,59740,STARLINK-31759,93.46,43,445,443,0.0001326,,0.57
2024-090M,59741,STARLINK-31818,93.46,43.01,445,443,0.0001809,,0.5
2024-090N,59742,STARLINK-31816,93.46,43.01,445,443,0.000162,,1.11
2024-090P,59743,STARLINK-31809,93.46,43,445,444,0.0000722,,0.52
2024-090Q,59744,STARLINK-31779,93.46,43,445,443,0.0001615,,0.54
2024-090R,59745,STARLINK-31805,93.46,43,445,443,0.0001464,,0.53
2024-090S,59746,STARLINK-31681,93.46,43,445,443,0.0001354,,0.52
2024-090T,59747,STARLINK-31636,93.47,43,445,443,0.0001442,,0.6
2024-090U,59748,STARLINK-31640,93.46,43,444,443,0.0000741,,0.5
2024-090V,59749,STARLINK-31677,93.46,43.01,445,443,0.0001704,,0.57
2024-090W,59750,STARLINK-31783,93.46,43,446,442,0.0002239,,0.25
2024-090X,59751,STARLINK-31808,93.46,43,445,443,0.0001551,,0.53
2024-090Y,59752,STARLINK-31822,93.46,43,445,443,0.0001762,,0.48
2024-091A,59753,STARLINK-11125 [DTC],91.74,53.16,361,359,0.0001152,,0.34
2024-091B,59754,STARLINK-11118 [DTC],91.74,53.16,360,359,0.0001004,,0.34
2024-091C,59755,STARLINK-11132 [DTC],91.74,53.16,360,359,0.0001037,,0.35
2024-091D,59756,STARLINK-11131 [DTC],91.74,53.16,360,359,0.000095,,0.35
2024-091E,59757,STARLINK-11114 [DTC],91.74,53.16,360,359,0.000052,,0.36
2024-091F,59758,STARLINK-11105 [DTC],91.74,53.16,361,359,0.0001614,,0.36
2024-091G,59759,STARLINK-11097 [DTC],91.74,53.16,361,359,0.0001316,,0.62
2024-091H,59760,STARLINK-11098 [DTC],91.74,53.16,360,359,0.0001087,,0.62
2024-091J,59761,STARLINK-11117 [DTC],91.74,53.16,361,359,0.0001207,,0.63
2024-091K,59762,STARLINK-11110 [DTC],91.74,53.16,361,359,0.0001708,,0.63
2024-091L,59763,STARLINK-11104 [DTC],91.74,53.16,361,359,0.0001659,,1.09
2024-091M,59764,STARLINK-11111 [DTC],91.74,53.16,360,359,0.0000438,,0.33
2024-091N,59765,STARLINK-11106 [DTC],91.74,53.16,360,360,0.0000224,,0.33
2024-091P,59766,STARLINK-31739,94.11,53.16,476,474,0.0001166,,0.76
2024-091Q,59767,STARLINK-31828,94.11,53.16,476,475,0.0001008,,0.88
2024-091R,59768,STARLINK-31826,94.11,53.16,476,475,0.0000896,,0.87
2024-091S,59769,STARLINK-31830,94.11,53.16,476,475,0.0000972,,0.87
2024-091T,59770,STARLINK-31829,94.11,53.16,476,475,0.0000729,,0.75
2024-091U,59771,STARLINK-31786,94.11,53.16,476,474,0.0001171,,0.74
2024-091V,59772,STARLINK-31835,94.11,53.16,476,474,0.0001135,,0.88
2024-092A,59773,COSMOS 2576,93.99,97.33,475,464,0.0008033,,0.54
2024-092B,59774,2024-092B,94.99,97.6,526,510,0.0011773,,0.24
2024-092C,59775,2024-092C,94.97,97.61,525,509,0.0011674,,0.22
2024-092D,59776,2024-092D,94.93,97.61,523,507,0.0011358,,0.59
2024-092E,59777,2024-092E,94.93,97.61,523,507,0.0011637,,0.59
2024-092F,59778,2024-092F,94.92,97.61,523,507,0.0011751,,0.21
2024-092G,59779,2024-092G,100.6,98.62,795,779,0.0011228,,0.22
2024-092H,59780,2024-092H,100.6,98.62,795,779,0.0011453,,0.22
2024-092J,59781,2024-092J,100.6,98.62,795,779,0.0011223,,0.22
2024-093A,59782,STARLINK-31363,93.46,43,444,444,0.0000524,,0.45
2024-093B,59783,STARLINK-31868,93.46,43,445,443,0.000084,,0.49
2024-093C,59784,STARLINK-31848,93.46,43,445,443,0.0001524,,1.13
2024-093D,59785,STARLINK-31890,93.46,43,445,443,0.0001952,,0.81
2024-093E,59786,STARLINK-31862,93.46,43.01,445,443,0.0001784,,0.49
2024-093F,59787,STARLINK-31870,93.46,43,445,443,0.0001616,,0.36
2024-093G,59788,STARLINK-31888,93.46,43,445,443,0.0001401,,0.49
2024-093H,59789,STARLINK-31863,93.46,43.01,445,443,0.0001279,,0.49
2024-093J,59790,STARLINK-31873,93.46,43.01,446,442,0.0002321,,1.21
2024-093K,59791,STARLINK-31865,93.46,43,445,443,0.0001275,,0.37
2024-093L,59792,STARLINK-31893,92.41,43,402,383,0.0014406,,0.25
2024-093M,59793,STARLINK-31901,92.09,43,379,375,0.0003523,,0.25
2024-093N,59794,STARLINK-31823,93.46,43,445,444,0.0000758,,0.37
2024-093P,59795,STARLINK-31916,93.46,43.01,445,443,0.0001027,,0.51
2024-093R,59797,STARLINK-31907,93.46,43,445,443,0.0001516,,1.09
2024-093S,59798,STARLINK-31687,93.46,43,445,443,0.0001469,,0.46
2024-093T,59799,STARLINK-31810,93.47,43,445,443,0.0001443,,0.45
2024-093U,59800,STARLINK-31812,93.46,43,445,443,0.0001078,,0.51
2024-093V,59801,STARLINK-31815,93.46,43,445,443,0.000138,,0.45
2024-093W,59802,STARLINK-31814,93.46,43.01,445,443,0.0001689,,0.47
2024-093X,59803,STARLINK-31794,93.46,43,445,443,0.0001332,,0.46
2024-093Y,59804,STARLINK-31824,93.46,43,444,444,0.0000711,,0.52
2024-094A,59805,2024-094A,94.51,97.45,497,493,0.0003271,,0.28
2024-094B,59806,2024-094B,94.51,97.45,497,493,0.0003333,,0.24
2024-094C,59807,2024-094C,94.51,97.45,497,492,0.0003571,,0.29
2024-094D,59808,2024-094D,94.57,97.44,500,495,0.0003351,,0.26
2024-092K,59809,2024-092K,94.94,97.61,524,508,0.0011821,,0.65
2024-095A,59810,2024-095A,95.23,97.58,532,527,0.0003549,,0.28
2024-095B,59811,2024-095B,91.59,97.57,358,347,0.0008335,,0.28
2024-095C,59812,2024-095C,94.51,97.58,501,489,0.0008542,,0.27
2024-095D,59813,2024-095D,94.36,97.58,493,483,0.0007384,,0.24
2024-097A,59835,STARLINK-31947,93.47,43,445,443,0.0001225,,0.32
2024-097B,59836,STARLINK-31929,93.46,43,445,443,0.0001331,,0.61
2024-097C,59837,STARLINK-31927,93.46,43,445,443,0.0001866,,0.86
2024-097D,59838,STARLINK-31855,93.46,43,445,443,0.0001793,,0.32
2024-097E,59839,STARLINK-31887,93.46,43.01,446,442,0.0002403,,0.29
2024-097F,59840,STARLINK-31925,93.46,43,445,443,0.0001225,,0.62
2024-097G,59841,STARLINK-31852,93.46,43,445,443,0.0001437,,0.31
2024-097H,59842,STARLINK-31906,93.46,43,445,443,0.0001532,,0.99
2024-097J,59843,STARLINK-31857,93.46,43,445,443,0.0001553,,0.31
2024-097K,59844,STARLINK-31851,93.47,43.01,446,442,0.0002773,,0.33
2024-097L,59845,STARLINK-31903,93.46,43,446,443,0.0002181,,0.3
2024-097M,59846,STARLINK-31922,93.46,43,445,443,0.0001955,,0.32
2024-097N,59847,STARLINK-31889,93.47,43,444,444,0.0000141,,0.28
2024-097P,59848,STARLINK-31859,93.46,43,445,443,0.0001185,,0.89
2024-097Q,59849,STARLINK-31895,93.46,43,446,442,0.0002821,,0.91
2024-097R,59850,STARLINK-31899,93.46,43,445,443,0.0001174,,0.33
2024-097S,59851,STARLINK-31896,93.46,43,445,443,0.0001821,,0.98
2024-097T,59852,STARLINK-31897,92.44,43,403,386,0.0012616,,0.34
2024-097U,59853,STARLINK-31892,93.46,43,444,444,0.0000583,,0.61
2024-097V,59854,STARLINK-31891,93.46,43,445,443,0.0002111,,0.61
2024-097W,59855,STARLINK-31882,93.47,43.01,447,441,0.0004328,,0.3
2024-097X,59856,STARLINK-31691,93.46,43,445,443,0.0001544,,0.31
2024-097Y,59857,STARLINK-31569,93.46,43,445,443,0.0001887,,0.34
2024-098A,59858,STARLINK-31654,93.47,43,445,443,0.0001475,,0.25
2024-098B,59859,STARLINK-31442,93.46,43.01,446,443,0.0002144,,0.28
2024-098C,59860,STARLINK-31651,93.46,43,445,443,0.0002074,,0.33
2024-098E,59862,STARLINK-31584,93.46,43.01,446,442,0.0002917,,0.84
2024-098F,59863,STARLINK-31950,93.46,43,446,442,0.000281,,0.92
2024-098G,59864,STARLINK-31931,93.46,43,445,444,0.0000617,,0.61
2024-098H,59865,STARLINK-31938,93.46,43,445,443,0.0000968,,0.3
2024-098J,59866,STARLINK-31941,93.24,43,434,432,0.0001472,,0.33
2024-098K,59867,STARLINK-31952,93.46,43,445,443,0.0000896,,0.27
2024-098L,59868,STARLINK-31921,93.46,43,445,443,0.0001808,,0.96
2024-098M,59869,STARLINK-31760,93.46,43,445,443,0.0001774,,0.93
2024-098N,59870,STARLINK-31945,93.46,43,445,443,0.0002024,,0.25
2024-098P,59871,STARLINK-31937,93.47,43,445,443,0.0001251,,0.32
2024-098R,59873,STARLINK-31940,93.46,43,445,443,0.000168,,0.84
2024-098S,59874,STARLINK-31933,93.47,43,447,442,0.0003568,,0.26
2024-098T,59875,STARLINK-31936,93.46,43,445,443,0.0001427,,0.28
2024-098U,59876,STARLINK-31935,93.47,43,445,443,0.0001602,,0.86
2024-098V,59877,STARLINK-31934,93.46,43,445,443,0.0002096,,0.29
2024-098W,59878,STARLINK-31943,93.46,43,445,443,0.0001731,,0.28
2024-098X,59879,STARLINK-31926,93.46,43,446,443,0.0002241,,0.99
2024-098Y,59880,STARLINK-31919,93.46,43,445,443,0.0001363,,0.27
2024-099A,59881,PREFIRE-2,95.01,97.47,528,510,0.0013194,,0.31
2024-100A,59885,STARLINK-31974,93.46,43,445,443,0.0001567,,1.01
2024-100B,59886,STARLINK-31975,93.47,43,445,443,0.0001061,,0.37
2024-100C,59887,STARLINK-31976,93.47,43,445,443,0.000148,,0.38
2024-100D,59888,STARLINK-31965,93.47,43,445,443,0.0001567,,0.37
2024-100E,59889,STARLINK-31969,93.46,43,445,443,0.0001445,,1.03
2024-100F,59890,STARLINK-31951,93.46,43,445,443,0.0001659,,0.41
2024-100G,59891,STARLINK-31949,93.47,43,445,444,0.000058,,0.68
2024-100H,59892,STARLINK-31977,93.46,43,445,443,0.0001828,,0.4
2024-100J,59893,STARLINK-31963,93.47,43.01,446,442,0.0002414,,0.37
2024-100K,59894,STARLINK-31961,93.46,43,445,443,0.0001207,,0.34
2024-100L,59895,STARLINK-31964,93.47,43,445,443,0.0001288,,0.54
2024-100M,59896,STARLINK-31905,93.46,43,445,443,0.0001555,,0.72
2024-100N,59897,STARLINK-31928,93.46,43,445,443,0.0001494,,0.31
2024-100P,59898,STARLINK-31953,93.46,43,445,443,0.0001818,,0.72
2024-100Q,59899,STARLINK-31942,93.47,43,445,443,0.0001414,,1
2024-100R,59900,STARLINK-31676,93.47,43,445,443,0.0000964,,0.37
2024-100S,59901,STARLINK-31908,93.46,43,445,443,0.000115,,0.73
2024-100T,59902,STARLINK-31914,93.47,43,445,443,0.0001733,,0.37
2024-100U,59903,STARLINK-31850,93.47,43,445,443,0.0001556,,0.35
2024-100V,59904,STARLINK-31924,93.47,43,445,444,0.0001051,,0.36
2024-100W,59905,STARLINK-31898,93.46,43.01,445,443,0.0001435,,1.04
2024-100X,59906,STARLINK-31861,93.31,43,439,434,0.0003699,,0.58
2024-100Y,59907,STARLINK-31920,92.35,43,395,385,0.0007644,,1.06
2024-101A,59908,EARTHCARE,92.47,97,397,394,0.0001861,,1.14
2024-102A,59909,TIANQI 25,102.94,44.98,906,889,0.0011988,,0.27
2024-102B,59910,TIANQI 26,102.94,44.97,905,890,0.0010614,,0.29
2024-102C,59911,TIANQI 27,102.94,44.98,903,892,0.0007454,,0.25
2024-102D,59912,TIANQI 28,102.94,44.98,906,889,0.001206,,0.31
2024-104A,59915,PAKSAT-MM1,1436.07,0.03,35794,35778,0.0001791,*G,0.6
2024-105A,59917,2024-105A,95.21,97.6,539,519,0.001408,,0.26
2024-105B,59918,2024-105B,95.22,97.6,538,520,0.0012552,,0.25
2024-105C,59919,2024-105C,95.13,97.6,534,515,0.0013532,,0.25
2024-105D,59920,2024-105D,95.08,97.6,532,513,0.0013442,,0.23
2024-105E,59921,2024-105E,95.14,97.6,534,516,0.0013529,,0.3
2024-106A,59922,STARLINK-31872,93.46,43,446,443,0.0002288,,0.68
2024-106B,59923,STARLINK-31972,93.46,43,445,443,0.0001447,,0.79
2024-106C,59924,STARLINK-31958,93.46,43,445,443,0.0001343,,0.7
2024-106D,59925,STARLINK-31959,93.01,43,423,421,0.000152,,0.33
2024-106E,59926,STARLINK-31957,93.46,43,445,443,0.0001591,,1.8
2024-106F,59927,STARLINK-31968,93.46,43,445,443,0.0001889,,1.16
2024-106G,59928,STARLINK-31970,93.47,43,445,444,0.0000717,,0.79
2024-106H,59929,STARLINK-31932,93.47,43,445,444,0.0000522,,0.78
2024-106J,59930,STARLINK-31956,93.46,43,445,443,0.0001734,,1.11
2024-106K,59931,STARLINK-31960,93.46,43,445,443,0.0001637,,0.71
2024-106L,59932,STARLINK-31432,93.46,43,448,440,0.0005937,,1.13
2024-106M,59933,STARLINK-31853,93.46,43,445,443,0.0000897,,0.85
2024-106N,59934,STARLINK-31971,93.47,43,445,443,0.0001088,,0.8
2024-106Q,59936,STARLINK-31962,93.46,43,446,442,0.0002386,,0.74
2024-106R,59937,STARLINK-31879,93.46,43,445,443,0.000106,,0.69
2024-106S,59938,STARLINK-31876,93.46,43,445,443,0.0001391,,0.71
2024-106T,59939,STARLINK-31955,93.47,43,445,443,0.0001307,,0.78
2024-106U,59940,STARLINK-31946,93.46,43,445,443,0.0001132,,0.88
2024-106V,59941,STARLINK-31948,93.46,43,445,443,0.0001543,,0.77
2024-106W,59942,STARLINK-31900,93.47,43,446,443,0.0002103,,1.74
2024-106X,59943,STARLINK-31973,93.46,43,446,443,0.0002131,,0.73
2024-106Y,59944,STARLINK-31966,93.46,43,445,443,0.0001048,,0.27
2024-107A,59945,STARLINK-11145 [DTC],91.74,53.16,360,359,0.0000788,,0.93
2024-107B,59946,STARLINK-11121 [DTC],91.33,53.16,340,339,0.0000839,,0.93
2024-107C,59947,STARLINK-11113 [DTC],91.74,53.16,360,359,0.0000931,,0.79
2024-107D,59948,STARLINK-11123 [DTC],91.74,53.16,361,359,0.0001246,,0.81
2024-107E,59949,STARLINK-11138 [DTC],91.74,53.16,360,359,0.0000701,,0.26
2024-107F,59950,STARLINK-11130 [DTC],91.74,53.16,360,359,0.0000951,,0.94
2024-107G,59951,STARLINK-11126 [DTC],91.33,53.16,340,339,0.0000657,,0.27
2024-107H,59952,STARLINK-11124 [DTC],91.74,53.16,360,359,0.0001044,,0.95
2024-107J,59953,STARLINK-11143 [DTC],91.74,53.16,360,359,0.0001004,,0.96
2024-107K,59954,STARLINK-11133 [DTC],91.74,53.16,361,359,0.0001226,,0.97
2024-107L,59955,STARLINK-11144 [DTC],91.74,53.16,360,359,0.0001123,,0.97
2024-107M,59956,STARLINK-11134 [DTC],91.74,53.16,361,359,0.0001198,,0.91
2024-107N,59957,STARLINK-11142 [DTC],91.74,53.16,360,359,0.0000921,,0.92
2024-107P,59958,STARLINK-31995,94.11,53.16,476,475,0.0000768,,0.84
2024-107Q,59959,STARLINK-31989,94.11,53.16,476,474,0.0001079,,0.78
2024-107R,59960,STARLINK-31856,94.11,53.16,476,474,0.0001079,,0.77
2024-107S,59961,STARLINK-31993,94.11,53.16,476,475,0.0000807,,0.63
2024-107T,59962,STARLINK-31980,94.11,53.16,476,474,0.0001341,,0.82
2024-107U,59963,STARLINK-31991,94.11,53.16,476,475,0.0001038,,0.83
2024-107V,59964,STARLINK-31979,94.11,53.16,476,474,0.0001321,,0.83
2024-108A,59965,PREFIRE-1,94.96,97.47,525,508,0.00122,,0.58
2024-110A,60012,2024-110A,95.11,97.59,531,517,0.0010214,,0.23
2024-110B,60013,2024-110B,95.21,97.59,537,521,0.0011471,,0.32
2024-110C,60014,2024-110C,96.27,97.59,589,571,0.001323,,0.28
2024-111A,60016,STARLINK-31978,94.11,53.16,476,474,0.0001157,,0.72
2024-111B,60017,STARLINK-31987,94.11,53.16,476,475,0.0000558,,0.66
2024-111C,60018,STARLINK-31984,94.11,53.16,476,475,0.0001107,,0.6
2024-111D,60019,STARLINK-31986,94.11,53.16,476,475,0.0001049,,0.61
2024-111E,60020,STARLINK-31883,94.11,53.16,476,474,0.0001244,,0.66
2024-111F,60021,STARLINK-31967,94.11,53.16,476,474,0.000136,,0.64
2024-111G,60022,STARLINK-31982,94.11,53.16,476,474,0.0001217,,0.78
2024-111H,60023,STARLINK-31992,94.11,53.16,476,474,0.0001297,,0.64
2024-111J,60024,STARLINK-31990,94.11,53.16,476,474,0.0001104,,0.62
2024-111K,60025,STARLINK-31864,94.11,53.16,476,474,0.0001324,,0.65
2024-111L,60026,STARLINK-31939,94.11,53.16,476,475,0.000105,,0.63
2024-111M,60027,STARLINK-32012,94.11,53.16,476,474,0.0001142,,0.63
2024-111N,60028,STARLINK-32008,94.11,53.16,476,474,0.0001173,,0.63
2024-111P,60029,STARLINK-32006,94.11,53.16,476,474,0.000108,,0.62
2024-111Q,60030,STARLINK-32011,94.11,53.16,476,474,0.0001286,,0.65
2024-111R,60031,STARLINK-31878,94.16,53.16,479,477,0.0001444,,0.74
2024-111S,60032,STARLINK-32017,94.11,53.16,476,475,0.000102,,0.66
2024-111T,60033,STARLINK-31998,94.11,53.16,476,475,0.0000912,,0.61
2024-111U,60034,STARLINK-32005,94.11,53.16,476,474,0.0001374,,0.62
2024-111V,60035,STARLINK-31981,94.11,53.16,476,475,0.0000902,,0.8
2024-111W,60036,STARLINK-31985,94.11,53.16,476,475,0.0000988,,0.74
2024-111X,60037,STARLINK-31918,94.11,53.16,476,474,0.0001242,,0.77
2024-112A,60038,STARLINK-11129 [DTC],91.74,53.16,360,359,0.0001049,,0.77
2024-112B,60039,STARLINK-11140 [DTC],91.74,53.16,360,359,0.0000866,,0.9
2024-112C,60040,STARLINK-11122 [DTC],91.74,53.16,361,359,0.000129,,0.78
2024-112D,60041,STARLINK-11149 [DTC],91.74,53.16,360,359,0.000095,,0.91
2024-112E,60042,STARLINK-11120 [DTC],91.74,53.16,360,359,0.0001017,,0.79
2024-112F,60043,STARLINK-11086 [DTC],91.74,53.16,360,359,0.0001102,,0.79
2024-112G,60044,STARLINK-11148 [DTC],91.74,53.16,361,359,0.0001162,,0.8
2024-112H,60045,STARLINK-11116 [DTC],91.74,53.16,360,359,0.0000934,,0.93
2024-112J,60046,STARLINK-11155 [DTC],91.74,53.16,360,359,0.0001102,,0.81
2024-112K,60047,STARLINK-11163 [DTC],91.74,53.16,361,359,0.0001195,,0.87
2024-112L,60048,STARLINK-11135 [DTC],91.74,53.16,361,359,0.0001386,,0.76
2024-112M,60049,STARLINK-11151 [DTC],91.73,53.16,361,359,0.0001337,,0.88
2024-112N,60050,STARLINK-11137 [DTC],91.74,53.16,360,359,0.0000686,,0.88
2024-112P,60051,STARLINK-31811,94.11,53.16,476,475,0.0001012,,0.8
2024-112Q,60052,STARLINK-31775,94.11,53.16,476,474,0.000109,,0.61
2024-112R,60053,STARLINK-31793,94.11,53.16,476,474,0.000113,,0.8
2024-112S,60054,STARLINK-31735,94.11,53.16,476,474,0.0001109,,0.75
2024-112T,60055,STARLINK-31788,94.11,53.16,476,474,0.0001123,,0.62
2024-112U,60056,STARLINK-31825,94.11,53.16,476,474,0.0001194,,0.75
2024-112V,60057,STARLINK-31437,94.11,53.16,476,474,0.0001104,,0.61
2024-113A,60059,STARLINK-11181 [DTC],91.74,53.16,361,359,0.0001785,,0.98
2024-113B,60060,STARLINK-11176 [DTC],91.74,53.16,361,359,0.0001236,,0.98
2024-113C,60061,STARLINK-11167 [DTC],91.73,53.16,360,359,0.0001209,,1.11
2024-113D,60062,STARLINK-11166 [DTC],91.74,53.16,360,359,0.0001213,,1.12
2024-113E,60063,STARLINK-11165 [DTC],91.74,53.16,361,359,0.0001259,,1
2024-113F,60064,STARLINK-11169 [DTC],91.74,53.16,361,359,0.0001526,,1
2024-113G,60065,STARLINK-11102 [DTC],91.74,53.16,361,359,0.0001628,,1.13
2024-113H,60066,STARLINK-11141 [DTC],91.74,53.16,361,359,0.0001174,,1.14
2024-113J,60067,STARLINK-11153 [DTC],91.74,53.16,361,359,0.0001214,,1.08
2024-113K,60068,STARLINK-11170 [DTC],91.74,53.16,361,359,0.0001297,,1.08
2024-113L,60069,STARLINK-11171 [DTC],91.74,53.16,361,359,0.0001248,,1.09
2024-113M,60070,STARLINK-11186 [DTC],91.74,53.16,361,359,0.0001326,,1.09
2024-113N,60071,STARLINK-11184 [DTC],91.74,53.16,361,359,0.0001227,,1.1
2024-113U,60077,STARLINK-32032,94.11,53.16,476,474,0.0001198,,0.55
2024-114A,60079,KINEIS-1B,97.37,98.02,634,631,0.0001876,,0.25
2024-114C,60081,KINEIS-1C,97.39,98.02,635,632,0.0002205,,0.33
2024-114D,60082,KINEIS-1D,97.62,98.02,647,643,0.0002476,,0.27
2024-114E,60083,KINEIS-1E,97.37,98.02,633,632,0.0001208,,0.28
2024-114F,60084,KINEIS-1A,97.37,98.02,635,630,0.0003383,,0.3
2024-114G,60085,ELECTRON KICK STAGE R/B,95.73,98,609,499,0.007983,,0.85
2024-115A,60086,ASTRA 1P (SES-24),1433.37,0.07,35770,35696,0.00088,*G,14.38
2024-116A,60088,CATCH-1,97.16,29,626,620,0.0003934,,0.3
2024-116B,60089,SVOM,97.21,29,629,621,0.0005203,,0.23
2024-117A,60091,STARLINK-31441,94.11,53.16,476,474,0.0001106,,0.9
2024-117B,60092,STARLINK-32044,94.11,53.16,476,474,0.000134,,0.73
2024-117C,60093,STARLINK-31239,94.11,53.16,476,474,0.0001216,,0.74
2024-117D,60094,STARLINK-32007,94.11,53.16,476,474,0.0001357,,0.76
2024-117E,60095,STARLINK-32028,94.11,53.16,476,474,0.0001118,,0.76
2024-117F,60096,STARLINK-32016,94.11,53.16,476,474,0.000129,,0.75
2024-117G,60097,STARLINK-32003,94.11,53.16,476,475,0.0000836,,0.84
2024-117H,60098,STARLINK-32026,94.11,53.16,476,474,0.0001322,,0.77
2024-117J,60099,STARLINK-31732,94.11,53.16,476,474,0.0001247,,0.87
2024-117K,60100,STARLINK-31996,94.11,53.16,476,474,0.0001111,,0.72
2024-117L,60101,STARLINK-31999,94.11,53.16,476,474,0.0001234,,0.74
2024-117M,60102,STARLINK-31954,94.11,53.16,476,474,0.0001252,,0.88
2024-117N,60103,STARLINK-32013,94.11,53.16,476,475,0.0000981,,0.88
2024-117P,60104,STARLINK-32009,94.11,53.16,476,474,0.0001326,,0.74
2024-117Q,60105,STARLINK-32018,94.11,53.16,476,474,0.0001147,,0.76
2024-117R,60106,STARLINK-32045,94.11,53.16,476,474,0.0001207,,0.76
2024-117S,60107,STARLINK-32035,94.11,53.16,476,475,0.0001116,,0.77
2024-117T,60108,STARLINK-32042,94.11,53.16,476,474,0.0001164,,0.85
2024-117U,60109,STARLINK-32040,94.11,53.16,476,475,0.0000944,,0.84
2024-117V,60110,STARLINK-32001,94.11,53.16,476,475,0.0000964,,0.73
2024-117W,60111,STARLINK-32015,94.11,53.16,476,474,0.0001198,,0.73
2024-117X,60112,STARLINK-32024,94.11,53.16,476,475,0.000071,,0.85
2024-118A,60113,STARLINK-11201 [DTC],91.74,53.16,361,359,0.0001157,,0.59
2024-118B,60114,STARLINK-11198 [DTC],91.74,53.16,360,359,0.0001127,,1.04
2024-118C,60115,STARLINK-11112 [DTC],91.74,53.16,360,359,0.0000848,,0.28
2024-118D,60116,STARLINK-11210 [DTC],91.74,53.16,360,359,0.0001133,,0.29
2024-118E,60117,STARLINK-11203 [DTC],91.74,53.16,361,358,0.0001964,,0.29
2024-118F,60118,STARLINK-11177 [DTC],91.73,53.16,361,358,0.0001676,,0.3
2024-118G,60119,STARLINK-11127 [DTC],91.74,53.16,360,359,0.0001068,,1
2024-118H,60120,STARLINK-11164 [DTC],91.74,53.16,360,359,0.0001044,,1.01
2024-118J,60121,STARLINK-11119 [DTC],91.74,53.16,361,359,0.0001126,,0.32
2024-118K,60122,STARLINK-11157 [DTC],91.74,53.16,360,359,0.0000991,,0.32
2024-118L,60123,STARLINK-11162 [DTC],91.74,53.16,361,359,0.0001018,,0.58
2024-118M,60124,STARLINK-11161 [DTC],91.74,53.16,361,359,0.0001383,,0.59
2024-118N,60125,STARLINK-11160 [DTC],91.74,53.16,361,359,0.0001333,,1.01
2024-118P,60126,STARLINK-31846,94.1,53.16,476,475,0.0000954,,0.77
2024-118Q,60127,STARLINK-31840,94.11,53.16,476,474,0.000145,,0.31
2024-118R,60128,STARLINK-31813,94.11,53.16,476,474,0.0001271,,0.77
2024-118S,60129,STARLINK-31845,94.11,53.16,476,474,0.0001281,,0.77
2024-118T,60130,STARLINK-31838,94.11,53.16,476,474,0.0001208,,0.89
2024-118U,60131,STARLINK-31785,94.11,53.16,476,474,0.0001426,,0.58
2024-118V,60132,STARLINK-31792,94.11,53.16,476,474,0.0001212,,0.79
2024-119A,60133,GOES 19,1436.1,0.02,35793,35780,0.0001618,*G,0.89
2024-120A,60135,STARLINK-32043,94.11,53.16,476,474,0.0001168,,1.03
2024-120B,60136,STARLINK-32112,94.1,53.16,476,474,0.0001287,,0.35
2024-120C,60137,STARLINK-32050,94.11,53.16,476,474,0.0001419,,1.06
2024-120D,60138,STARLINK-32025,94.11,53.16,476,475,0.0000923,,0.98
2024-120E,60139,STARLINK-31867,94.1,53.16,476,474,0.0001581,,0.35
2024-120F,60140,STARLINK-31694,94.11,53.16,476,474,0.0001242,,0.35
2024-120G,60141,STARLINK-32036,94.1,53.16,476,474,0.0001312,,0.35
2024-120H,60142,STARLINK-32031,94.11,53.16,476,474,0.0001313,,1.08
2024-120J,60143,STARLINK-32027,94.1,53.16,476,474,0.0000919,,0.33
2024-120K,60144,STARLINK-32033,94.11,53.16,476,474,0.000123,,1.08
2024-120L,60145,STARLINK-32029,94.11,53.16,476,474,0.0001224,,0.63
2024-120M,60146,STARLINK-32127,94.11,53.16,476,475,0.0000788,,0.34
2024-120N,60147,STARLINK-32019,94.11,53.16,476,474,0.0001107,,0.98
2024-120P,60148,STARLINK-32021,93.58,53.16,454,445,0.0006228,,0.63
2024-120Q,60149,STARLINK-32022,94.11,53.16,476,474,0.0001376,,0.64
2024-120R,60150,STARLINK-32014,94.11,53.16,476,474,0.0001305,,0.97
2024-120S,60151,STARLINK-32004,94.11,53.16,476,474,0.0001262,,0.64
2024-120T,60152,STARLINK-32147,94.11,53.16,476,474,0.0001329,,1.06
2024-120U,60153,STARLINK-32131,94.11,53.16,476,474,0.0001491,,0.62
2024-120V,60154,STARLINK-32145,94.11,53.16,476,474,0.00014,,1.11
2024-120W,60155,STARLINK-32137,94.11,53.16,476,474,0.0001316,,0.63
2024-120X,60156,STARLINK-32048,94.11,53.16,476,474,0.0001512,,0.63
2024-120Y,60157,STARLINK-32129,94.11,53.16,476,475,0.0001091,,1.06
2024-122A,60179,ZHONGXING-3A,1436.1,0.05,35794,35779,0.0001693,*G,0.44
1998-067WR,60181,ILLUMA-T,91.82,51.63,369,358,0.0008157,,0.35
2024-123A,60182,ALOS-4 (DAICHI-4),97.33,97.92,632,630,0.0001455,,0.24
2024-124A,60183,STARLINK-11168 [DTC],91.74,53.16,361,359,0.0001558,,1.2
2024-124B,60184,STARLINK-11187 [DTC],91.74,53.16,361,359,0.000152,,0.44
2024-124C,60185,STARLINK-11180 [DTC],91.74,53.16,360,359,0.0001034,,0.45
2024-124D,60186,STARLINK-11197 [DTC],91.74,53.16,360,359,0.0000579,,0.45
2024-124E,60187,STARLINK-11194 [DTC],91.74,53.16,360,359,0.000106,,0.46
2024-124F,60188,STARLINK-11189 [DTC],91.74,53.16,361,359,0.0001533,,1.1
2024-124G,60189,STARLINK-11183 [DTC],91.74,53.16,361,359,0.0001399,,0.47
2024-124H,60190,STARLINK-11179 [DTC],91.74,53.16,361,359,0.0001268,,0.47
2024-124J,60191,STARLINK-11175 [DTC],91.74,53.16,361,358,0.0001873,,0.48
2024-124K,60192,STARLINK-11173 [DTC],91.74,53.16,361,359,0.0001928,,1.06
2024-124L,60193,STARLINK-11172 [DTC],91.74,53.16,361,359,0.0001314,,0.49
2024-124M,60194,STARLINK-11152 [DTC],91.74,53.16,361,359,0.0001265,,0.49
2024-124N,60195,STARLINK-11193 [DTC],91.73,53.16,361,358,0.0001896,,1.2
2024-124P,60196,STARLINK-31869,94.11,53.16,476,474,0.0001252,,1.03
2024-124Q,60197,STARLINK-32023,94.1,53.16,476,474,0.0001528,,0.34
2024-124R,60198,STARLINK-32046,94.11,53.16,476,474,0.0001367,,1.08
2024-124S,60199,STARLINK-32049,94.11,53.16,476,474,0.00012,,0.35
2024-124T,60200,STARLINK-32002,94.11,53.16,476,474,0.0001233,,0.63
2024-124U,60201,STARLINK-32020,94.11,53.16,476,475,0.0001064,,0.33
2024-124V,60202,STARLINK-32041,94.11,53.16,476,474,0.0001265,,1.09
2024-125A,60203,2024-125A,94.16,97.3,493,463,0.0021227,,0.55
2024-125B,60204,2024-125B,93.37,97.29,448,431,0.0012883,,0.44
2024-125C,60205,2024-125C,93.97,97.29,480,457,0.0016363,,0.95
2024-125D,60206,R5-S4,94.31,97.3,500,470,0.0021887,,0.46
2024-125E,60207,R5-S2,94.28,97.3,499,469,0.0021954,,0.49
2024-125F,60208,TECHEDSAT-11,94.28,97.3,499,469,0.0022036,,0.92
2024-125G,60209,MESAT1,94.19,97.3,493,465,0.0020615,,0.91
2024-126A,60211,TIANHUI 5C,96.83,97.83,608,606,0.0001378,,0.28
2024-126B,60212,TIANHUI 5D,96.83,97.83,608,606,0.0001744,,0.21
2024-127A,60233,TURKSAT 6A,1436.07,0.05,35801,35771,0.0003621,*G,0.59
2024-128B,60236,3CAT-4,96.07,61.99,596,544,0.0037137,,0.57
2024-128C,60237,GRBBETA,95.97,61.99,591,540,0.003663,,0.6
2024-128D,60238,ISTSAT-1,95.87,61.99,586,535,0.0036338,,0.36
2024-128F,60240,OOV-CUBE (TUBSAT-30),96.07,62,595,546,0.0035115,,0.59
2024-128H,60242,CURIUM ONE,95.9,61.98,588,537,0.0036542,,0.59
2024-128J,60243,ROBUSTA-3A (MEDITERRANEE),95.92,61.99,587,539,0.0034745,,0.63
2024-125J,60246,CATSAT,94.35,97.28,518,456,0.0045119,,0.92
2024-130A,60249,GAOFEN-11 05,94.51,97.45,499,492,0.0005107,,0.36
2024-131A,60255,STARLINK-32138,94.11,53.16,476,474,0.000132,,0.83
2024-131B,60256,STARLINK-32212,93.86,53.16,464,463,0.0001046,,0.72
2024-131C,60257,STARLINK-32166,94.11,53.16,476,475,0.000096,,0.68
2024-131D,60258,STARLINK-32200,94.11,53.16,476,474,0.000118,,0.82
2024-131E,60259,STARLINK-32207,93.86,53.16,464,462,0.0001277,,0.84
2024-131F,60260,STARLINK-32125,94.11,53.16,476,475,0.0001012,,0.81
2024-131G,60261,STARLINK-32160,94.11,53.16,476,474,0.0001095,,0.82
2024-131H,60262,STARLINK-32163,94.1,53.16,476,474,0.0001117,,0.79
2024-131J,60263,STARLINK-32148,94.11,53.16,476,474,0.0001215,,0.78
2024-131K,60264,STARLINK-32121,94.11,53.16,476,474,0.0001255,,0.84
2024-131L,60265,STARLINK-32120,94.11,53.16,476,474,0.0001458,,0.81
2024-131M,60266,STARLINK-32205,93.86,53.16,464,463,0.0001011,,0.67
2024-131N,60267,STARLINK-32158,94.11,53.16,476,475,0.0001038,,0.73
2024-131P,60268,STARLINK-32167,93.86,53.16,464,462,0.0001115,,0.59
2024-131Q,60269,STARLINK-32144,94.11,53.16,476,475,0.0000988,,0.78
2024-131R,60270,STARLINK-32211,93.86,53.16,464,462,0.000112,,0.78
2024-131S,60271,STARLINK-32164,94.11,53.16,476,475,0.0001052,,0.88
2024-131T,60272,STARLINK-32128,94.11,53.16,476,474,0.0001203,,0.86
2024-131U,60273,STARLINK-32206,93.86,53.16,464,462,0.0001405,,0.73
2024-131V,60274,STARLINK-32155,94.11,53.16,476,474,0.00012,,0.7
2024-131W,60275,STARLINK-32152,94.11,53.16,476,475,0.0000762,,0.67
2024-131X,60276,STARLINK-32154,94.11,53.16,476,475,0.0001072,,0.81
2024-131Y,60277,STARLINK-32135,94.11,53.16,476,475,0.0001064,,0.73
2024-132A,60278,STARLINK-32156,94.11,53.16,476,475,0.0000945,,0.67
2024-132B,60279,STARLINK-32010,94.11,53.16,476,474,0.000163,,0.83
2024-132C,60280,STARLINK-32118,94.11,53.16,476,475,0.0000832,,0.81
2024-132D,60281,STARLINK-32038,94.11,53.16,476,475,0.0000844,,0.87
2024-132E,60282,STARLINK-32113,94.11,53.16,476,475,0.0000834,,0.67
2024-132F,60283,STARLINK-32037,94.11,53.16,476,475,0.0000956,,0.72
2024-132G,60284,STARLINK-32123,93.76,53.16,459,458,0.0000612,,0.8
2024-132H,60285,STARLINK-32122,94.11,53.16,476,474,0.0001116,,0.72
2024-132J,60286,STARLINK-31656,94.11,53.16,476,475,0.0000992,,0.81
2024-132K,60287,STARLINK-32114,94.11,53.16,476,475,0.0000979,,0.7
2024-132L,60288,STARLINK-31997,94.11,53.16,476,474,0.0001224,,0.82
2024-132M,60289,STARLINK-32000,94.11,53.16,476,474,0.0001166,,0.71
2024-132N,60290,STARLINK-32141,94.11,53.16,476,474,0.0001138,,0.67
2024-132P,60291,STARLINK-32142,94.11,53.16,476,475,0.0000978,,0.82
2024-132Q,60292,STARLINK-32149,94.11,53.16,476,474,0.0001333,,0.78
2024-132R,60293,STARLINK-32159,94.11,53.16,476,475,0.000104,,0.82
2024-132S,60294,STARLINK-32150,94.11,53.16,476,474,0.0001255,,0.84
2024-132T,60295,STARLINK-32126,94.11,53.16,476,474,0.0001248,,0.7
2024-132U,60296,STARLINK-32143,94.11,53.16,476,474,0.0001113,,0.71
2024-132V,60297,STARLINK-32034,94.11,53.16,476,474,0.0001157,,0.72
2024-132W,60298,STARLINK-32124,94.11,53.16,476,474,0.0001484,,0.71
2024-132X,60299,STARLINK-32151,92.43,53.15,398,389,0.0006426,,0.25
2024-132Y,60300,STARLINK-32134,94.11,53.16,476,475,0.0000994,,0.66
2024-133A,60301,STARLINK-11147 [DTC],91.74,53.16,361,359,0.0001236,,0.8
2024-133B,60302,STARLINK-11128 [DTC],91.74,53.16,361,359,0.0001706,,0.48
2024-133C,60303,STARLINK-11227 [DTC],91.74,53.16,361,359,0.000149,,1.12
2024-133D,60304,STARLINK-11224 [DTC],91.74,53.16,361,359,0.0001489,,1.13
2024-133E,60305,STARLINK-11115 [DTC],91.74,53.16,361,359,0.000119,,0.5
2024-133F,60306,STARLINK-11109 [DTC],91.74,53.16,361,359,0.0001597,,0.5
2024-133G,60307,STARLINK-11223 [DTC],91.74,53.16,361,359,0.0001766,,0.51
2024-133H,60308,STARLINK-11192 [DTC],91.74,53.16,361,359,0.0001359,,1.08
2024-133J,60309,STARLINK-11213 [DTC],91.74,53.16,361,359,0.0001152,,0.52
2024-133K,60310,STARLINK-11200 [DTC],91.74,53.16,361,359,0.0001471,,0.52
2024-133L,60311,STARLINK-11208 [DTC],91.74,53.16,361,359,0.0001523,,0.53
2024-133M,60312,STARLINK-11206 [DTC],91.74,53.16,361,359,0.000141,,0.53
2024-133N,60313,STARLINK-11205 [DTC],91.74,53.16,361,359,0.0001337,,0.79
2024-133P,60314,STARLINK-32191,93.72,53.16,457,456,0.0001166,,0.58
2024-133Q,60315,STARLINK-32194,93.53,53.16,448,447,0.0001065,,1.15
2024-133R,60316,STARLINK-32192,93.53,53.16,448,446,0.0001232,,1.14
2024-133S,60317,STARLINK-32189,93.53,53.16,448,446,0.0001433,,0.44
2024-133T,60318,STARLINK-32190,93.53,53.16,448,446,0.0001581,,1.18
2024-133U,60319,STARLINK-32182,93.53,53.16,448,446,0.0001089,,1.14
2024-133V,60320,STARLINK-32199,93.53,53.16,448,446,0.0001151,,0.46
2024-133W,60321,STARLINK-32198,93.53,53.16,448,446,0.000126,,0.32
2024-135A,60327,HULIANWAN GAOGUI-02 (HG-02),1436.1,0.03,35800,35774,0.000307,*G,0.98
2024-136A,60329,STARLINK-31745,94.1,53.16,476,474,0.0000973,,0.66
2024-136B,60330,STARLINK-32153,94.11,53.16,476,474,0.0001237,,0.66
2024-136C,60331,STARLINK-32203,93.53,53.16,448,446,0.0001704,,0.66
2024-136D,60332,STARLINK-32171,94.11,53.16,476,475,0.0000756,,0.6
2024-136E,60333,STARLINK-32133,94.11,53.16,476,475,0.000096,,0.6
2024-136F,60334,STARLINK-32132,94.11,53.16,476,475,0.0000999,,0.8
2024-136G,60335,STARLINK-32168,94.11,53.16,476,475,0.0000946,,0.74
2024-136H,60336,STARLINK-32079,94.11,53.16,476,475,0.0000786,,0.74
2024-136K,60338,STARLINK-32078,94.11,53.16,476,474,0.0001095,,0.62
2024-136L,60339,STARLINK-32175,94.11,53.16,476,474,0.0001073,,0.82
2024-136M,60340,STARLINK-32176,94.11,53.16,476,474,0.0001165,,0.62
2024-136N,60341,STARLINK-32185,94.11,53.16,476,474,0.0001282,,0.63
2024-136P,60342,STARLINK-32221,94.11,53.16,476,474,0.00012,,0.63
2024-136Q,60343,STARLINK-32083,94.11,53.16,476,474,0.0001237,,0.63
2024-136R,60344,STARLINK-32077,94.11,53.16,476,474,0.0001195,,0.63
2024-136S,60345,STARLINK-32075,94.11,53.16,476,474,0.000114,,0.64
2024-136T,60346,STARLINK-32082,94.11,53.16,476,475,0.0001066,,0.64
2024-136U,60347,STARLINK-32084,94.11,53.16,476,474,0.0001442,,0.77
2024-136V,60348,STARLINK-32081,94.1,53.16,476,474,0.000114,,0.64
2024-136W,60349,STARLINK-32181,94.11,53.16,476,474,0.0001193,,0.65
2024-136X,60350,STARLINK-32076,94.11,53.16,476,474,0.0001408,,0.78
2024-136Y,60351,STARLINK-32097,94.11,53.16,476,474,0.0001224,,0.59
2024-137A,60352,STRIX-4,95.08,43.02,530,515,0.0011264,,0.41
2024-138A,60355,STARLINK-32285,94.11,53.16,476,474,0.0001658,,1
2024-138B,60356,STARLINK-32278,94.11,53.16,476,475,0.0001064,,0.55
2024-138D,60358,STARLINK-32287,94.11,53.16,476,474,0.0001414,,1.07
2024-138E,60359,STARLINK-32290,94.11,53.16,476,474,0.0001371,,1
2024-138F,60360,STARLINK-32275,94.11,53.16,476,474,0.0001275,,1.1
2024-138G,60361,STARLINK-32227,94.11,53.16,476,474,0.0001284,,1.08
2024-138H,60362,STARLINK-32256,94.11,53.16,476,474,0.0001837,,1.01
2024-138J,60363,STARLINK-32267,94.11,53.16,476,475,0.0001058,,1.08
2024-138K,60364,STARLINK-32270,94.11,53.16,476,474,0.000142,,0.96
2024-138L,60365,STARLINK-32188,94.11,53.16,476,474,0.000117,,1.1
2024-138M,60366,STARLINK-32230,94.11,53.16,476,474,0.0001194,,1.08
2024-138N,60367,STARLINK-32243,94.11,53.16,476,474,0.0001366,,0.96
2024-138P,60368,STARLINK-32271,94.11,53.16,476,474,0.0001273,,1.07
2024-138Q,60369,STARLINK-32266,94.1,53.16,476,474,0.0001205,,0.25
2024-138R,60370,STARLINK-32220,94.11,53.16,476,474,0.0001221,,1.09
2024-138S,60371,STARLINK-32263,94.11,53.16,476,474,0.0001401,,1
2024-138T,60372,STARLINK-32268,94.11,53.16,476,474,0.0001155,,1.07
2024-138U,60373,STARLINK-32223,94.11,53.16,476,474,0.0001213,,1.09
2024-138V,60374,STARLINK-32180,94.11,53.16,476,474,0.000142,,1.09
2024-138W,60375,STARLINK-32281,94.11,53.16,476,474,0.000133,,0.99
2024-138X,60376,STARLINK-32277,94.11,53.16,476,475,0.0000983,,1.08
2024-138Y,60377,STARLINK-32269,94.11,53.16,476,474,0.0001351,,1.1
2024-139A,60378,CYGNUS NG-21,92.88,51.64,417,414,0.0002468,ISS,0.53
2024-140A,60379,QIANFAN-1,106.59,88.99,1084,1054,0.0019675,,0.58
2024-140B,60380,QIANFAN-2,106.59,88.99,1080,1058,0.0014652,,0.55
2024-140C,60381,QIANFAN-3,106.59,88.99,1081,1057,0.0015961,,0.32
2024-140D,60382,QIANFAN-4,106.59,88.99,1080,1058,0.0014948,,0.57
2024-140E,60383,QIANFAN-5,106.59,88.99,1082,1056,0.0017321,,0.3
2024-140F,60384,QIANFAN-6,106.2,88.99,1062,1039,0.0015549,,0.24
2024-140G,60385,QIANFAN-7,100.9,88.99,813,789,0.0016722,,0.31
2024-140H,60386,QIANFAN-8,106.59,88.99,1083,1055,0.0018609,,0.27
2024-140J,60387,QIANFAN-9,106.59,88.99,1083,1055,0.0018252,,0.22
2024-140K,60388,QIANFAN-10,104.57,88.99,987,962,0.0017134,,0.35
2024-140L,60389,QIANFAN-11,106.59,88.99,1081,1057,0.0016216,,0.25
2024-140M,60390,QIANFAN-12,106.59,88.99,1080,1058,0.0015227,,0.23
2024-140N,60391,QIANFAN-13,106.59,88.99,1080,1058,0.0015072,,0.26
2024-140P,60392,QIANFAN-14,106.59,88.99,1083,1055,0.0018758,,0.24
2024-140Q,60393,QIANFAN-15,106.59,88.99,1080,1058,0.0014325,,0.3
2024-140R,60394,QIANFAN-16,106.59,88.99,1081,1056,0.0016709,,0.24
2024-140S,60395,QIANFAN-17,106.59,88.99,1082,1056,0.0017036,,0.32
2024-140T,60396,QIANFAN-18,106.74,88.99,1087,1064,0.001573,,0.27
2024-141A,60398,STARLINK-11228 [DTC],91.74,53.16,361,359,0.0001494,,1.25
2024-141B,60399,STARLINK-11182 [DTC],91.74,53.16,360,359,0.0001098,,0.95
2024-141C,60400,STARLINK-11234 [DTC],91.74,53.16,361,359,0.000131,,0.7
2024-141D,60401,STARLINK-11232 [DTC],91.74,53.16,361,359,0.0001276,,0.7
2024-141E,60402,STARLINK-11139 [DTC],91.74,53.16,361,359,0.0001533,,0.96
2024-141F,60403,STARLINK-11158 [DTC],91.74,53.16,361,359,0.0001532,,0.27
2024-141G,60404,STARLINK-11199 [DTC],91.74,53.16,361,359,0.0001762,,0.27
2024-141H,60405,STARLINK-11081 [DTC],91.74,53.16,361,358,0.0001791,,0.66
2024-141J,60406,STARLINK-11150 [DTC],91.74,53.16,360,359,0.0001042,,0.28
2024-141K,60407,STARLINK-11136 [DTC],91.74,53.16,361,359,0.0001446,,0.29
2024-141L,60408,STARLINK-11196 [DTC],91.74,53.16,361,359,0.0001181,,0.29
2024-141M,60409,STARLINK-11174 [DTC],91.74,53.16,361,359,0.0001724,,0.68
2024-141N,60410,STARLINK-11191 [DTC],91.74,53.16,361,359,0.0001219,,1.26
2024-141P,60411,STARLINK-32244,94.11,53.16,476,474,0.0001421,,0.58
2024-141Q,60412,STARLINK-32186,94.11,53.16,476,474,0.0001256,,0.58
2024-141R,60413,STARLINK-32178,94.11,53.16,476,475,0.0000954,,0.59
2024-141S,60414,STARLINK-32234,94.11,53.16,476,474,0.0001043,,0.58
2024-141T,60415,STARLINK-32265,94.11,53.16,476,474,0.000142,,0.59
2024-141U,60416,STARLINK-32197,93.6,53.16,452,449,0.0002164,,0.38
2024-141V,60417,STARLINK-32255,94.11,53.16,476,474,0.0001645,,0.86
2024-141W,60418,STARLINK-32236,94.11,53.16,476,474,0.0001361,,0.54
2024-142A,60419,CAPELLA-13 (ACADIA-3),96.8,53.01,606,604,0.0001397,,1.2
2024-143B,60423,ASBM-2,957.3,62.42,43093,8501,0.5375573,,1.21
2024-144A,60425,STARLINK-32250,94.11,53.16,476,475,0.0000526,,0.24
2024-144B,60426,STARLINK-32226,94.11,53.16,476,474,0.000129,,1.35
2024-144C,60427,STARLINK-32254,94.11,53.16,476,474,0.0001287,,0.64
2024-144D,60428,STARLINK-32193,94.11,53.16,476,475,0.000078,,0.63
2024-144E,60429,STARLINK-32242,94.11,53.16,476,475,0.0000913,,1.23
2024-144F,60430,STARLINK-32196,94.11,53.16,476,474,0.0001274,,0.25
2024-144G,60431,STARLINK-32232,94.11,53.16,476,474,0.00013,,0.64
2024-144H,60432,STARLINK-32246,94.11,53.16,476,474,0.0001126,,0.26
2024-144J,60433,STARLINK-32183,94.11,53.16,476,474,0.0001131,,0.65
2024-144K,60434,STARLINK-32233,94.11,53.16,476,474,0.000111,,0.27
2024-144L,60435,STARLINK-32222,94.11,53.16,476,474,0.000126,,0.92
2024-144M,60436,STARLINK-32229,94.11,53.16,476,474,0.0001312,,0.27
2024-144N,60437,STARLINK-32241,94.11,53.16,476,475,0.0001009,,0.27
2024-144P,60438,STARLINK-32240,94.11,53.16,476,475,0.0000847,,0.27
2024-144Q,60439,STARLINK-32231,94.11,53.16,476,475,0.0000932,,0.28
2024-144R,60440,STARLINK-32195,94.11,53.16,476,475,0.0000922,,0.67
2024-144S,60441,STARLINK-32177,94.11,53.16,476,475,0.0000817,,0.61
2024-144T,60442,STARLINK-32252,94.11,53.16,476,475,0.0001007,,0.94
2024-144U,60443,STARLINK-32237,94.11,53.16,476,475,0.0000683,,0.29
2024-144V,60444,STARLINK-32249,94.1,53.16,476,475,0.0000813,,0.62
2024-144W,60445,STARLINK-32228,94.11,53.16,476,475,0.000091,,0.62
2024-144X,60446,STARLINK-32247,94.11,53.16,476,474,0.0001551,,0.29
2024-144Y,60447,STARLINK-32101,94.11,53.16,476,474,0.00011,,0.29
2024-145A,60450,PROGRESS-MS 28,92.88,51.64,417,414,0.0002468,ISS,0.53
2024-146A,60452,LEGION 3,94.91,45,535,493,0.0030352,,0.38
2024-146B,60453,LEGION 4,95.94,45.04,567,561,0.0004736,,0.25
2024-147A,60454,EOS-08,93.57,37.38,451,447,0.000304,,0.36
2024-148A,60458,YAOGAN-43 01A,94.54,35,501,492,0.0006455,,0.75
2024-148B,60459,YAOGAN-43 01B,94.54,35,502,491,0.0007925,,0.75
2024-148C,60460,YAOGAN-43 01C,94.54,35,500,492,0.0005944,,0.75
2024-148D,60461,YAOGAN-43 01D,94.55,35,501,492,0.0006464,,0.83
2024-148E,60462,YAOGAN-43 01E,94.54,34.99,500,493,0.0005433,,0.77
2024-148F,60463,YAOGAN-43 01F,94.54,35,502,490,0.0008951,,0.75
2024-148G,60464,YAOGAN-43 01G,94.56,35,502,492,0.0007305,,0.76
2024-148H,60465,YAOGAN-43 01H,94.56,35,504,490,0.000971,,0.75
2024-148J,60466,YAOGAN-43 01J,94.54,35,502,491,0.0007908,,0.76
2024-149A,60468,2024-149A,94.62,97.42,502,498,0.0002953,,0.74
2024-149B,60469,WARATAH SEED-1,94.62,97.42,501,499,0.0001447,,0.76
2024-149C,60470,PHISAT 2,94.65,97.43,502,501,0.000089,,0.73
2024-149D,60471,LEMUR-2-TOMATOKECHUP,94.57,97.43,499,497,0.0001226,,0.52
2024-149E,60472,CONNECTA IOT-1,94.71,97.43,505,504,0.0000889,,0.42
2024-149F,60473,LOPEN,94.54,97.43,497,496,0.0000767,,0.23
2024-149G,60474,ROCK,94.54,97.43,497,496,0.0000776,,0.56
2024-149H,60475,CONNECTA IOT-3,94.68,97.42,505,501,0.0002659,,0.71
2024-149J,60476,QUBE,94.46,97.43,494,491,0.0001829,,0.75
2024-149K,60477,SATORO-T2,94.3,97.42,486,484,0.0001774,,0.76
2024-149L,60478,WREN-1,94.44,97.42,495,488,0.0005309,,0.72
2024-149M,60479,TOMORROW-S1,94.56,97.42,499,496,0.000201,,0.6
2024-149N,60480,FLOCK 4BE-18,94.52,97.42,498,492,0.0004258,,0.84
2024-149P,60481,FLOCK 4BE-7,94.54,97.43,499,494,0.00032,,0.76
2024-149Q,60482,FLOCK 4BE-4,93.51,97.42,447,445,0.0001464,,0.53
2024-149R,60483,FLOCK 4BE-16,94.52,97.42,497,494,0.0002464,,0.78
2024-149S,60484,FLOCK 4BE-26,94.53,97.42,498,494,0.000337,,0.84
2024-149T,60485,TOMORROW-S2,94.56,97.43,499,496,0.0002183,,0.7
2024-149U,60486,FLOCK 4BE-36,94.5,97.42,497,491,0.0004441,,0.73
2024-149V,60487,FLOCK 4BE-25,94.54,97.43,498,495,0.0002299,,0.71
2024-149W,60488,FLOCK 4BE-31,94.49,97.43,496,492,0.0002855,,0.74
2024-149X,60489,FLOCK 4BE-20,94.55,97.42,499,494,0.0003788,,0.84
2024-149Y,60490,FLOCK 4BE-23,94.57,97.43,500,495,0.000358,,0.29
2024-149Z,60491,FLOCK 4BE-15,94.51,97.42,497,492,0.0003635,,0.27
2024-149AA,60492,FLOCK 4BE-17,94.54,97.43,498,494,0.0002821,,0.77
2024-149AB,60493,NUSAT-50 (NANCY ROMAN),94.53,97.43,498,493,0.0003578,,0.72
2024-149AC,60494,FLOCK 4BE-22,94.51,97.42,498,492,0.0004532,,0.73
2024-149AD,60495,FLOCK 4BE-34,94.5,97.43,497,492,0.0004104,,0.77
2024-149AE,60496,TYCHE,94.67,97.43,505,500,0.0003661,,0.55
2024-149AF,60497,FLOCK 4BE-32,94.49,97.42,497,491,0.0003874,,0.82
2024-149AG,60498,NUSAT-48 (HENRIETTA LEAVITT),94.52,97.42,499,492,0.0004485,,0.53
2024-149AH,60499,FLOCK 4BE-30,94.5,97.43,496,492,0.0002743,,0.56
2024-149AJ,60500,NUSAT-49 (KLARA DAN VON NEUMANN),94.52,97.43,498,493,0.0003439,,0.73
2024-149AK,60501,FLOCK 4BE-11,94.49,97.42,497,491,0.0004669,,0.82
2024-149AL,60502,FLOCK 4BE-33,94.53,97.42,499,493,0.0004407,,0.6
2024-149AM,60503,FLOCK 4BE-10,94.53,97.43,498,494,0.0002896,,0.74
2024-149AN,60504,YAM-7,94.6,97.43,501,497,0.0003067,,0.29
2024-149AP,60505,FLOCK 4BE-24,94.48,97.42,496,490,0.0004683,,0.72
2024-149AQ,60506,LUR-1,94.64,97.42,504,498,0.0003899,,0.72
2024-149AR,60507,TANAGER-1,93.23,97.42,440,426,0.0009915,,0.42
2024-149AS,60508,EAGLEEYE,94.31,97.42,488,482,0.000395,,0.71
2024-149AT,60509,FLOCK 4BE-29,94.45,97.43,495,490,0.0003469,,0.74
2024-149AU,60510,2024-149AU,94.49,97.42,497,491,0.0004208,,0.71
2024-149AV,60511,FLOCK 4BE-2,94.43,97.43,493,489,0.0003258,,0.57
2024-149AW,60512,FLOCK 4BE-13,94.46,97.42,496,489,0.0004843,,0.6
2024-149AX,60513,FLOCK 4BE-27,94.55,97.43,500,494,0.0004612,,0.6
2024-149AY,60514,FLOCK 4BE-9,94.49,97.43,496,491,0.0003369,,0.73
2024-149AZ,60515,FLOCK 4BE-8,94.51,97.42,498,491,0.0004816,,0.71
2024-149BA,60516,FLOCK 4BE-6,94.51,97.43,498,492,0.0003997,,0.71
2024-149BB,60517,FLOCK 4BE-14,94.48,97.42,497,490,0.0005436,,0.69
2024-149BC,60518,FLOCK 4BE-1,94.45,97.43,495,489,0.000473,,0.77
2024-149BD,60519,FLOCK 4BE-28,94.44,97.42,495,487,0.0006104,,0.7
2024-149BE,60520,IPERDRONE.0,94.28,97.42,487,480,0.0005272,,0.7
2024-149BF,60521,2024-149BF,94.24,97.43,485,478,0.0005159,,0.67
2024-149BG,60522,CONNECTA IOT-2,94.55,97.43,501,493,0.0005881,,0.69
2024-149BH,60523,PTD-R (TYVAK-0127),94.13,97.42,481,473,0.0005873,,0.76
2024-149BJ,60524,CONNECTA IOT-4,94.54,97.42,501,491,0.0007455,,0.68
2024-149BK,60525,ORESAT0.5,94.4,97.42,494,485,0.0007033,,0.76
2024-149BL,60526,DEIMOS,94.41,97.43,495,485,0.0007342,,0.82
2024-149BM,60527,CUAVA-2,94.54,97.42,502,491,0.0007517,,0.73
2024-149BN,60528,ERNST,94.51,97.43,500,490,0.000735,,0.32
2024-149BP,60529,GAINDESAT-1A,94.07,97.43,478,469,0.0006828,,0.76
2024-149BQ,60530,TORO,96.44,97.73,589,587,0.0001065,,0.55
2024-149BR,60531,HYPSO-2,96.38,97.73,586,585,0.0000884,,0.73
2024-149BS,60532,LEMU NGE,96.42,97.73,587,587,0.0000455,,0.71
2024-149BT,60533,LEMUR-2-STELLA,96.15,97.73,574,574,0.0000339,,0.73
2024-149BU,60534,SATELIOT_2,96.43,97.73,588,587,0.000127,,0.7
2024-149BV,60535,NIGHTJAR,96.37,97.73,586,584,0.0001546,,0.75
2024-149BW,60536,LEMUR-2-MARHISYAM,96.16,97.73,575,574,0.0000678,,0.32
2024-149BX,60537,SATELIOT_4,96.42,97.72,588,586,0.0001248,,0.32
2024-149BY,60538,2024-149BY,96.28,97.73,582,579,0.0001943,,0.31
2024-149BZ,60539,ICEYE-X43,96.32,97.73,585,580,0.0003081,,0.75
2024-149CA,60540,HAWK-10A,96.4,97.74,588,584,0.0003461,,0.7
2024-149CB,60541,UMBRA-09,95.99,97.73,569,564,0.0003826,,0.34
2024-149CC,60542,QPS-SAR-8 (AMATERU-IV),96.24,97.73,581,576,0.0003607,,0.23
2024-149CD,60543,ARCTIC WEATHER SATELLITE,96.66,97.73,600,597,0.0002634,,0.74
2024-149CE,60544,CAPELLA-15 (ACADIA-5),96.48,97.73,595,586,0.00064,,0.74
2024-149CF,60545,HAWK-10B,96.4,97.73,590,582,0.0005735,,0.7
2024-149CG,60546,ICEYE-X39,96.32,97.73,586,579,0.0004721,,0.72
2024-149CH,60547,UMBRA-10,96.02,97.73,570,566,0.0002915,,0.35
2024-149CJ,60548,ICEYE-X33,96.24,97.73,582,575,0.0004931,,0.71
2024-149CK,60549,ICEYE-X40,96.3,97.73,585,578,0.0005012,,0.34
2024-149CL,60550,SATELIOT_1,96.32,97.72,587,578,0.000703,,0.74
2024-149CM,60551,BRO-14,96.38,97.74,590,580,0.0007201,,0.7
2024-149CN,60552,SATELIOT_3,96.3,97.73,587,576,0.0008069,,0.7
2024-149CP,60553,BRO-15,96.35,97.73,590,578,0.0008312,,0.33
2024-149CQ,60554,UM5-RIBAT,96.25,97.72,585,573,0.0008108,,0.75
2024-149CR,60555,UM5-EOSAT,96.23,97.73,584,572,0.0008399,,0.3
2024-149CS,60556,KANYINI,94.55,97.42,498,495,0.0001825,,0.71
2024-149CT,60557,TROOP-F2,94.3,97.42,487,482,0.0003645,,0.42
2024-149CU,60558,FLOCK 4BE-35,94.51,97.43,497,493,0.0002766,,0.71
2024-149CV,60559,FLOCK 4BE-5,94.51,97.43,497,492,0.0003435,,0.71
2024-149CW,60560,FLOCK 4BE-12,94.47,97.42,496,489,0.0004681,,0.74
2024-149CX,60561,FLOCK 4BE-3,94.48,97.42,497,490,0.0005351,,0.27
2024-149CY,60562,HYPERFIELD-1A,94.59,97.43,503,495,0.0005322,,0.77
2024-149CZ,60563,FLOCK 4BE-19,94.44,97.42,495,488,0.000516,,0.7
2024-149DA,60564,2024-149DA,95.7,97.72,554,550,0.0002721,,0.3
2024-149DB,60565,PTD-4 (LISA-T),96.01,97.74,569,566,0.0002439,,0.26
2024-149DC,60566,2024-149DC,95.68,97.73,553,550,0.0001843,,0.31
2024-149DD,60567,2024-149DD,95.67,97.73,552,551,0.0000771,,0.38
2024-149DE,60568,2024-149DE,95.68,97.73,553,550,0.0001726,,0.71
2024-149DF,60569,2024-149DF,95.67,97.73,552,550,0.000092,,0.32
2024-149DG,60570,2024-149DG,95.68,97.73,553,550,0.0001987,,0.51
2024-149DH,60571,2024-149DH,95.57,97.73,549,543,0.0004143,,0.72
2024-149DJ,60572,2024-149DJ,95.62,97.74,550,547,0.0002152,,0.42
2024-149DK,60573,ION SCV-012,96.45,97.73,591,586,0.0003482,,0.31
2024-149DL,60574,GNOMES-5,96.3,97.73,583,579,0.0002882,,0.31
2024-149DM,60575,HAWK-10C,96.4,97.72,588,584,0.0003032,,0.7
2024-149DN,60576,LEMUR-2-AHMED-ASRAR,96.09,97.73,575,567,0.0005778,,0.3
2024-149DP,60577,LEMUR-2-LLOYD,96.22,97.73,580,575,0.0003352,,0.32
2024-149DQ,60578,LEMUR-2-SQUIRRELCOMM,96.16,97.73,578,571,0.000456,,0.31
2024-149DR,60579,LEMUR-2-SIERRINI,96.19,97.73,577,575,0.0001891,,0.35
2024-149DS,60580,SEDNA-1,96.16,97.73,579,570,0.0006351,,0.57
2024-150A,60583,STARLINK-31844,94.11,53.16,476,474,0.000169,,1.09
2024-150B,60584,STARLINK-32204,94.11,53.16,476,474,0.0001347,,1
2024-150C,60585,STARLINK-32130,94.11,53.16,476,474,0.0001209,,1.1
2024-150D,60586,STARLINK-32173,94.11,53.16,476,474,0.0001329,,1.07
2024-150E,60587,STARLINK-31911,94.11,53.16,476,474,0.0001093,,0.98
2024-150F,60588,STARLINK-31994,94.11,53.16,476,474,0.0001148,,1.08
2024-150G,60589,STARLINK-32169,94.11,53.16,476,475,0.000103,,1.09
2024-150H,60590,STARLINK-32209,94.11,53.16,476,474,0.000132,,0.55
2024-150J,60591,STARLINK-32170,94.11,53.16,476,474,0.0001158,,1.1
2024-150K,60592,STARLINK-31497,94.11,53.16,476,474,0.0001244,,0.99
2024-150L,60593,STARLINK-32161,94.11,53.16,476,474,0.0001291,,1.07
2024-150M,60594,STARLINK-32210,94.11,53.16,477,474,0.0001839,,0.95
2024-150N,60595,STARLINK-32202,94.11,53.16,476,474,0.0001191,,0.98
2024-150P,60596,STARLINK-31930,94.11,53.16,476,474,0.0001159,,1.08
2024-150Q,60597,STARLINK-32162,94.11,53.16,476,474,0.0001108,,1.09
2024-150R,60598,STARLINK-32208,94.11,53.16,476,474,0.0001238,,1.09
2024-150S,60599,STARLINK-32165,94.11,53.16,476,474,0.0001556,,1.1
2024-150T,60600,STARLINK-31923,94.11,53.16,476,474,0.00012,,0.98
2024-150U,60601,STARLINK-31988,94.11,53.16,476,474,0.0001167,,1.12
2024-150V,60602,STARLINK-31983,94.11,53.16,476,474,0.000154,,1.13
2024-150W,60603,STARLINK-31874,94.11,53.16,476,475,0.0001017,,0.99
2024-150X,60604,STARLINK-32039,94.11,53.16,476,474,0.0001413,,0.55
2024-151A,60606,ZHONGXING-4A,1436.07,2.64,35798,35774,0.0002783,*G,0.79
2024-152A,60720,STARLINK-11247 [DTC],91.74,53.16,361,359,0.0001489,,0.6
2024-152B,60721,STARLINK-11259 [DTC],91.74,53.16,361,359,0.0001417,,0.61
2024-152C,60722,STARLINK-11188 [DTC],91.74,53.16,361,359,0.000117,,0.61
2024-152D,60723,STARLINK-11272 [DTC],91.74,53.16,361,359,0.0001243,,0.62
2024-152E,60724,STARLINK-11261 [DTC],91.74,53.16,361,359,0.0001495,,0.62
2024-152F,60725,STARLINK-11263 [DTC],91.74,53.16,362,357,0.0003446,,0.25
2024-152G,60726,STARLINK-11235 [DTC],91.74,53.16,361,359,0.0001684,,0.89
2024-152H,60727,STARLINK-11080 [DTC],91.74,53.16,361,359,0.0001484,,0.57
2024-152J,60728,STARLINK-11249 [DTC],91.74,53.16,361,359,0.000136,,0.58
2024-152K,60729,STARLINK-11146 [DTC],91.74,53.16,361,359,0.0001342,,0.9
2024-152L,60730,STARLINK-11255 [DTC],91.74,53.16,361,359,0.0001207,,0.27
2024-152M,60731,STARLINK-11254 [DTC],91.74,53.16,360,359,0.0001196,,1.29
2024-152N,60732,STARLINK-11266 [DTC],91.74,53.16,360,359,0.000114,,1.3
2024-152P,60733,STARLINK-32253,94.11,53.16,476,475,0.000104,,0.48
2024-152Q,60734,STARLINK-32179,94.1,53.16,476,474,0.000121,,1.22
2024-152R,60735,STARLINK-32272,94.11,53.16,476,474,0.0001343,,1.22
2024-152S,60736,STARLINK-32280,94.11,53.16,476,474,0.0001557,,0.47
2024-152T,60737,STARLINK-32289,94.11,53.16,476,474,0.000121,,0.51
2024-152U,60738,STARLINK-32304,94.11,53.16,476,474,0.000127,,0.78
2024-152V,60739,STARLINK-32235,94.11,53.16,476,474,0.0001447,,0.78
2024-152W,60740,STARLINK-32315,94.11,53.16,476,474,0.0001347,,0.78
2024-153A,60745,2024-153A,95.04,97.62,531,510,0.0014786,,0.21
2024-153B,60746,2024-153B,94.97,97.62,527,507,0.0014428,,0.2
2024-153C,60747,2024-153C,94.91,97.62,525,504,0.0015206,,0.24
2024-153D,60748,2024-153D,94.88,97.62,523,502,0.0015011,,0.27
2024-153E,60749,2024-153E,94.86,97.62,522,502,0.0014216,,0.22
2024-153F,60750,2024-153F,94.86,97.62,522,502,0.0015111,,0.22
2024-154A,60903,STARLINK-11242 [DTC],91.74,53.16,361,359,0.0001293,,0.58
2024-154B,60904,STARLINK-11256 [DTC],91.74,53.16,361,359,0.0001474,,1.29
2024-154C,60905,STARLINK-11159 [DTC],91.74,53.16,361,359,0.0001553,,0.54
2024-154D,60906,STARLINK-11264 [DTC],91.74,53.16,361,359,0.0001168,,0.54
2024-154E,60907,STARLINK-11226 [DTC],91.74,53.16,361,358,0.0002195,,1.25
2024-154F,60908,STARLINK-11229 [DTC],91.74,53.16,361,359,0.0001326,,0.55
2024-154G,60909,STARLINK-11265 [DTC],91.74,53.16,361,359,0.0001638,,0.53
2024-154H,60910,STARLINK-11250 [DTC],91.74,53.16,361,359,0.000124,,1.26
2024-154J,60911,STARLINK-11190 [DTC],91.74,53.16,361,359,0.0001341,,0.56
2024-154K,60912,STARLINK-11225 [DTC],91.74,53.16,360,359,0.0001049,,0.56
2024-154L,60913,STARLINK-11273 [DTC],91.74,53.16,361,359,0.0001281,,0.57
2024-154M,60914,STARLINK-11248 [DTC],91.74,53.16,361,359,0.000118,,0.57
2024-154N,60915,STARLINK-11271 [DTC],91.74,53.16,361,359,0.0001325,,0.58
2024-154P,60916,STARLINK-32371,94.11,53.16,476,474,0.0001142,,1.21
2024-154Q,60917,STARLINK-32369,94.11,53.16,476,474,0.000125,,1.17
2024-154R,60918,STARLINK-32317,94.11,53.16,476,474,0.0001362,,1.06
2024-154S,60919,STARLINK-32367,94.11,53.16,476,474,0.0001379,,1.18
2024-154T,60920,STARLINK-32345,94.11,53.16,476,474,0.0001314,,1.19
2024-154U,60921,STARLINK-32356,94.11,53.16,476,474,0.0001157,,0.44
2024-154V,60922,STARLINK-32274,94.11,53.16,476,474,0.0001447,,1.08
2024-154W,60923,STARLINK-32373,94.11,53.16,476,474,0.0001538,,1.13
2024-155A,60924,STARLINK-11239 [DTC],91.74,53.16,361,359,0.0001393,,0.71
2024-155B,60925,STARLINK-11245 [DTC],91.74,53.16,361,359,0.0001469,,0.72
2024-155C,60926,STARLINK-11244 [DTC],91.73,53.16,360,359,0.0001022,,0.61
2024-155D,60927,STARLINK-11243 [DTC],91.74,53.16,360,359,0.000082,,0.6
2024-155E,60928,STARLINK-11238 [DTC],91.74,53.16,360,359,0.0000757,,0.55
2024-155F,60929,STARLINK-11240 [DTC],91.74,53.16,360,359,0.0000607,,0.68
2024-155G,60930,STARLINK-11251 [DTC],91.74,53.16,360,359,0.0001121,,0.75
2024-155H,60931,STARLINK-11204 [DTC],91.74,53.16,361,359,0.0001237,,0.56
2024-155J,60932,STARLINK-11246 [DTC],91.74,53.16,360,359,0.0001018,,0.69
2024-155K,60933,STARLINK-11207 [DTC],91.74,53.16,360,359,0.0001092,,0.7
2024-155L,60934,STARLINK-11237 [DTC],91.74,53.16,360,359,0.0001084,,0.58
2024-155M,60935,STARLINK-11253 [DTC],91.74,53.16,360,359,0.0001026,,0.59
2024-155N,60936,STARLINK-11241 [DTC],91.74,53.16,360,359,0.0000968,,0.59
2024-155P,60937,STARLINK-32259,94.11,53.16,476,474,0.0001269,,0.52
2024-155Q,60938,STARLINK-32262,94.11,53.16,476,474,0.0001738,,0.49
2024-155R,60939,STARLINK-32258,94.11,53.16,476,474,0.000123,,0.6
2024-155S,60940,STARLINK-32251,94.11,53.16,476,475,0.000105,,0.59
2024-155T,60941,STARLINK-32224,94.11,53.16,476,474,0.0001084,,0.59
2024-155U,60942,STARLINK-32184,94.11,53.16,476,475,0.0000967,,0.52
2024-155V,60943,STARLINK-32288,94.11,53.16,476,474,0.0001359,,0.51
2024-155W,60944,STARLINK-32276,94.11,53.16,476,474,0.0001108,,0.52
2024-156A,60945,YAOGAN-43 02A,94.56,35,499,495,0.0003071,,0.62
2024-156B,60946,YAOGAN-43 02B,94.56,34.99,502,493,0.0006372,,0.62
2024-156C,60947,YAOGAN-43 02C,94.55,35,499,494,0.0003552,,0.62
2024-156D,60948,YAOGAN-43 02D,94.57,34.99,500,496,0.0002902,,0.61
2024-156E,60949,YAOGAN-43 02E,94.56,34.99,505,489,0.0011896,,0.61
2024-156F,60950,YAOGAN-43 02F,94.55,34.99,497,496,0.0000686,,0.62
2024-157A,60989,SENTINEL-2C,100.64,98.57,790,788,0.0001024,,0.3
2024-158B,60991,STARLINK-11289 [DTC],91.74,53.16,360,359,0.0000873,,0.71
2024-158C,60992,STARLINK-11282 [DTC],91.74,53.16,360,359,0.0001028,,0.89
2024-158D,60993,STARLINK-11283 [DTC],91.74,53.16,361,359,0.0001271,,0.72
2024-158E,60994,STARLINK-11267 [DTC],91.74,53.16,361,359,0.0001219,,0.86
2024-158F,60995,STARLINK-11269 [DTC],91.74,53.16,360,359,0.0001002,,0.86
2024-158G,60996,STARLINK-11281 [DTC],91.74,53.16,361,359,0.0001277,,0.74
2024-158H,60997,STARLINK-11260 [DTC],91.33,53.17,340,339,0.0000937,,0.76
2024-158J,60998,STARLINK-11287 [DTC],91.74,53.16,360,359,0.0001107,,0.74
2024-158K,60999,STARLINK-11270 [DTC],91.74,53.16,360,359,0.0000787,,0.75
2024-158L,61000,STARLINK-11290 [DTC],91.74,53.16,360,359,0.0001129,,0.88
2024-158M,61001,STARLINK-11274 [DTC],91.74,53.16,361,359,0.0001467,,0.76
2024-158N,61002,STARLINK-11288 [DTC],91.74,53.16,361,358,0.0002143,,0.77
2024-158P,61003,STARLINK-32279,94.11,53.16,476,474,0.0001234,,0.66
2024-158Q,61004,STARLINK-32336,94.11,53.16,476,474,0.0001328,,0.8
2024-158R,61005,STARLINK-32284,94.1,53.16,476,474,0.0001155,,0.66
2024-158S,61006,STARLINK-32282,94.11,53.16,476,474,0.0001275,,0.68
2024-158T,61007,STARLINK-32360,94.1,53.16,476,474,0.0001713,,0.28
2024-158U,61008,STARLINK-32340,94.11,53.16,476,474,0.0001197,,0.65
2024-158V,61009,STARLINK-32357,91.79,53.16,363,361,0.0001163,,0.83
2024-158W,61010,STARLINK-32347,94.1,53.16,476,474,0.0001186,,0.67
2024-159A,61011,GEESAT-3 01,96.52,50,597,587,0.000706,,0.28
2024-159B,61012,GEESAT-3 02,96.52,49.99,598,586,0.000816,,0.28
2024-159C,61013,GEESAT-3 03,96.53,49.99,596,588,0.0005436,,0.26
2024-159D,61014,GEESAT-3 04,92.64,50,411,397,0.0010344,,0.33
2024-159E,61015,GEESAT-3 05,96.52,50,597,586,0.0007929,,0.27
2024-159F,61016,GEESAT-3 06,96.52,50,601,583,0.001305,,0.24
2024-159G,61017,GEESAT-3 07,96.52,49.99,600,584,0.0011737,,0.25
2024-159H,61018,GEESAT-3 08,96.52,50.01,596,588,0.000514,,0.3
2024-159J,61019,GEESAT-3 09,96.52,50,597,587,0.0006932,,0.22
2024-159K,61020,GEESAT-3 10,96.52,50,605,579,0.0018363,,0.25
2024-162A,61043,SOYUZ-MS 26,92.88,51.64,417,414,0.0002468,ISS,0.53
2024-163A,61045,SPACEMOBILE-003,94.8,52.97,516,501,0.0011281,,0.78
2024-163B,61046,SPACEMOBILE-005,94.8,52.98,517,501,0.0011522,,0.8
2024-163C,61047,SPACEMOBILE-001,94.8,52.97,516,501,0.0011325,,0.8
2024-163D,61048,SPACEMOBILE-002,94.79,52.98,516,501,0.0011179,,0.82
2024-163E,61049,SPACEMOBILE-004,94.79,52.98,516,501,0.0011531,,0.76
2024-164A,61050,STARLINK-11286 [DTC],91.74,53.16,360,359,0.0000814,,0.65
2024-164B,61051,STARLINK-11252 [DTC],91.74,53.16,360,359,0.0000918,,0.79
2024-164C,61052,STARLINK-11284 [DTC],91.74,53.16,361,359,0.0001388,,0.66
2024-164D,61053,STARLINK-11230 [DTC],91.74,53.16,360,359,0.0000908,,0.67
2024-164E,61054,STARLINK-11294 [DTC],91.74,53.16,361,359,0.0001186,,0.67
2024-164F,61055,STARLINK-11268 [DTC],91.74,53.16,360,359,0.0001072,,0.8
2024-164G,61056,STARLINK-11156 [DTC],91.74,53.16,360,359,0.0000934,,0.81
2024-164H,61057,STARLINK-11231 [DTC],91.74,53.16,361,359,0.0001618,,0.75
2024-164J,61058,STARLINK-11299 [DTC],91.74,53.16,360,359,0.0000692,,0.63
2024-164K,61059,STARLINK-11154 [DTC],91.74,53.16,360,359,0.0000966,,0.76
2024-164L,61060,STARLINK-11297 [DTC],91.74,53.16,360,359,0.000093,,0.77
2024-164M,61061,STARLINK-11233 [DTC],91.74,53.16,360,359,0.0001161,,0.77
2024-164N,61062,STARLINK-11236 [DTC],91.74,53.16,360,359,0.0001095,,0.65
2024-164P,61063,STARLINK-32350,93.53,53.16,448,446,0.0001039,,0.59
2024-164Q,61064,STARLINK-32378,93.53,53.16,448,447,0.0000973,,0.58
2024-164R,61065,STARLINK-32321,93.53,53.16,448,447,0.000057,,0.75
2024-164S,61066,STARLINK-32381,93.53,53.16,448,446,0.0001267,,0.6
2024-164U,61068,STARLINK-32385,93.53,53.16,448,446,0.0001066,,0.69
2024-164V,61069,STARLINK-32380,93.53,53.16,448,447,0.0000903,,0.7
2024-164W,61070,STARLINK-32375,93.53,53.16,449,446,0.0001974,,0.61
2024-165A,61071,QAEM 100 R/B,95.41,64.08,549,528,0.0015398,,0.56
2024-165B,61072,CHAMRAN-1,95.6,64.09,557,538,0.001346,,0.24
2024-166A,61179,2024-166A,89.75,96.77,269,256,0.0009897,*D,0.24
2024-166B,61180,2024-166B,90.42,96.75,303,287,0.0011649,,0.23
2024-167A,61182,GSAT0232 (GALILEO 32),844.7,55.36,23227,23217,0.0001614,,0.88
2024-167B,61183,GSAT0226 (GALILEO 31),844.7,55.36,23228,23217,0.0001796,,1.15
2024-169A,61189,JILIN-01 KUANFU 02B 1,95.28,97.59,538,526,0.0008642,,0.28
2024-169B,61190,JILIN-01 KUANFU 02B 2,95.27,97.58,536,527,0.000655,,0.23
2024-169C,61191,JILIN-01 KUANFU 02B 3,95.27,97.59,535,528,0.0004709,,0.24
2024-169D,61192,JILIN-01 KUANFU 02B 4,95.27,97.58,535,528,0.0004509,,0.26
2024-169E,61193,JILIN-01 KUANFU 02B 5,95.28,97.59,537,528,0.0006661,,0.27
2024-169F,61194,JILIN-01 KUANFU 02B 6,95.28,97.59,539,525,0.0010171,,0.28
2024-170A,61195,TIANQI 29,102.14,44.86,864,856,0.0005812,,0.29
2024-170B,61196,TIANQI 30,102.14,44.86,865,855,0.0006881,,0.41
2024-170C,61197,TIANQI 31,102.14,44.86,865,855,0.0006827,,0.25
2024-171A,61200,STARLINK-11209 [DTC],91.74,53.16,361,359,0.0001164,,0.45
2024-171B,61201,STARLINK-11257 [DTC],91.74,53.16,361,359,0.0001545,,0.45
2024-171C,61202,STARLINK-11309 [DTC],91.74,53.16,361,359,0.0001684,,1.16
2024-171D,61203,STARLINK-11292 [DTC],91.74,53.16,361,359,0.0001249,,1.16
2024-171E,61204,STARLINK-11302 [DTC],91.74,53.16,361,359,0.0001625,,1.17
2024-171F,61205,STARLINK-11277 [DTC],91.74,53.16,361,359,0.0001461,,1.18
2024-171G,61206,STARLINK-11279 [DTC],91.74,53.16,361,359,0.0001727,,1.18
2024-171H,61207,STARLINK-11091 [DTC],91.74,53.16,361,359,0.0001574,,1.17
2024-171J,61208,STARLINK-11291 [DTC],91.74,53.16,361,359,0.0001628,,1.12
2024-171K,61209,STARLINK-11304 [DTC],91.74,53.16,361,358,0.0002025,,1.13
2024-171L,61210,STARLINK-11307 [DTC],91.74,53.16,361,359,0.000135,,1
2024-171M,61211,STARLINK-11298 [DTC],91.74,53.16,361,359,0.0001452,,1.14
2024-171N,61212,STARLINK-11310 [DTC],91.74,53.16,361,359,0.0001413,,0.44
2024-171P,61213,STARLINK-32386,94.11,53.16,476,474,0.0001174,,0.35
2024-171Q,61214,STARLINK-32392,94.11,53.16,476,474,0.0001247,,1.05
2024-171R,61215,STARLINK-32436,94.11,53.16,476,474,0.0001349,,0.94
2024-171S,61216,STARLINK-32425,94.11,53.16,476,474,0.0001263,,0.97
2024-171T,61217,STARLINK-32342,94.11,53.16,476,474,0.0001146,,0.65
2024-171U,61218,STARLINK-32423,94.11,53.16,476,475,0.0000773,,0.32
2024-171V,61219,STARLINK-32248,94.11,53.16,476,474,0.00014,,1.09
2024-172A,61220,KINEIS-3C,97.79,98.01,654,652,0.0001258,,0.7
2024-172B,61221,KINEIS-3D,97.79,98.01,654,652,0.0001463,,0.3
2024-172C,61222,KINEIS-3E,97.79,98.01,653,652,0.0000685,,0.38
2024-172D,61223,KINEIS-3A,97.82,98.02,655,654,0.0000254,,0.81
2024-172E,61224,KINEIS-3B,97.82,98.02,655,653,0.0001301,,0.69
2024-173A,61227,2024-173A,94.14,97.39,481,472,0.00064,,0.26
2024-173B,61228,2024-173B,93.83,97.39,468,455,0.0009629,,0.25
2024-173C,61229,2024-173C,94.38,97.39,497,480,0.001211,,0.26
2024-173D,61230,2024-173D,93.88,97.39,471,457,0.0010272,,0.27
2024-173E,61231,2024-173E,94.79,97.41,510,507,0.0001721,,0.27
2024-173F,61232,2024-173F,93.88,97.39,471,457,0.0010144,,0.28
2024-173G,61233,2024-173G,93.6,97.39,457,444,0.0009287,,0.25
2024-173H,61234,2024-173H,93.44,97.39,449,437,0.0009006,,0.27
2024-174A,61238,2024-174A,94.8,97.46,518,500,0.0013141,,0.27
2024-174B,61239,2024-174B,94.83,97.45,519,501,0.0013033,,0.24
2024-174C,61240,2024-174C,94.82,97.45,519,501,0.0013533,,0.24
2024-174D,61241,2024-174D,94.77,97.45,517,498,0.0013323,,0.21
2024-174E,61242,2024-174E,94.8,97.46,519,499,0.0014401,,0.26
2024-175A,61243,STARLINK-11300 [DTC],91.74,53.16,361,359,0.0001138,,0.57
2024-175B,61244,STARLINK-11276 [DTC],91.74,53.16,360,359,0.0000796,,0.58
2024-175C,61245,STARLINK-11280 [DTC],91.74,53.16,361,359,0.0001414,,0.59
2024-175D,61246,STARLINK-11308 [DTC],91.74,53.16,361,359,0.0001481,,0.58
2024-175E,61247,STARLINK-11305 [DTC],91.74,53.16,361,359,0.0001466,,0.59
2024-175F,61248,STARLINK-11317 [DTC],91.74,53.16,360,359,0.0000858,,0.6
2024-175G,61249,STARLINK-11293 [DTC],91.74,53.16,360,359,0.0000753,,0.6
2024-175H,61250,STARLINK-11334 [DTC],91.74,53.16,361,359,0.0001193,,0.61
2024-175J,61251,STARLINK-11319 [DTC],91.74,53.16,360,359,0.0001021,,1.06
2024-175K,61252,STARLINK-11318 [DTC],91.74,53.16,361,359,0.0001303,,0.62
2024-175L,61253,STARLINK-11311 [DTC],91.74,53.16,361,358,0.0001889,,0.37
2024-175M,61254,STARLINK-11306 [DTC],91.74,53.16,360,359,0.0001105,,0.37
2024-175N,61255,STARLINK-11313 [DTC],91.74,53.16,360,359,0.0001069,,0.38
2024-175P,61256,STARLINK-32431,93.53,53.16,448,447,0.0001015,,0.57
2024-175Q,61257,STARLINK-32432,93.53,53.16,448,446,0.0001387,,0.3
2024-175R,61258,STARLINK-32382,93.53,53.16,448,447,0.0000898,,0.29
2024-175S,61259,STARLINK-32435,93.53,53.16,448,447,0.0000803,,0.34
2024-175T,61260,STARLINK-32474,93.53,53.16,448,447,0.000065,,0.33
2024-175U,61261,STARLINK-32447,93.53,53.16,448,447,0.0000868,,0.32
2024-175V,61262,STARLINK-32446,93.53,53.16,448,446,0.0001508,,0.28
2024-178A,61447,CREW DRAGON 9,92.88,51.64,417,414,0.0002468,ISS,0.53
2024-181A,61503,HULIANWAN GAOGUI-03 (HG-03),1436.09,0.03,35795,35778,0.0001981,*G,0.9
2024-183A,61509,STARLINK-32174,93.53,53.16,449,446,0.000179,,0.61
2024-183B,61510,STARLINK-32139,93.53,53.16,448,447,0.0001052,,0.61
2024-183C,61511,STARLINK-32140,93.53,53.16,448,447,0.0001068,,0.55
2024-183D,61512,STARLINK-32201,93.53,53.16,448,446,0.0001184,,0.59
2024-183E,61513,STARLINK-32030,93.53,53.16,448,446,0.0001382,,0.6
2024-183F,61514,STARLINK-31837,93.53,53.16,448,446,0.000125,,0.54
2024-183G,61515,STARLINK-32136,93.53,53.16,448,446,0.0001205,,0.6
2024-183H,61516,STARLINK-32047,93.53,53.16,448,447,0.000087,,0.61
2024-183J,61517,STARLINK-31756,93.53,53.16,448,446,0.0001113,,0.55
2024-183K,61518,STARLINK-32172,93.53,53.16,448,446,0.0001206,,0.62
2024-183L,61519,STARLINK-32338,93.53,53.16,448,447,0.0001036,,0.62
2024-183M,61520,STARLINK-32306,93.53,53.16,448,447,0.0001062,,0.56
2024-183N,61521,STARLINK-32297,93.53,53.16,448,446,0.0001413,,0.56
2024-183P,61522,STARLINK-32260,93.53,53.16,448,447,0.0001017,,0.57
2024-183Q,61523,STARLINK-32305,93.53,53.16,448,447,0.0000904,,0.6
2024-183R,61524,STARLINK-32296,93.53,53.16,448,447,0.0001014,,0.57
2024-183S,61525,STARLINK-32298,93.53,53.16,448,446,0.000114,,0.58
2024-183T,61526,STARLINK-32293,93.53,53.16,448,446,0.0001252,,0.58
2024-183U,61527,STARLINK-32313,93.53,53.16,448,447,0.0000871,,0.46
2024-183V,61528,STARLINK-32319,93.53,53.16,448,446,0.000115,,0.59
2024-183W,61529,STARLINK-32351,93.53,53.16,448,447,0.0000924,,0.54
2024-183X,61530,STARLINK-32261,93.53,53.16,448,447,0.0000922,,0.6
2024-183Y,61531,STARLINK-32358,93.53,53.16,448,447,0.0000676,,0.61
2024-184A,61532,STARLINK-11354 [DTC],91.33,53.16,340,339,0.0000969,,1.01
2024-184B,61533,STARLINK-11323 [DTC],91.33,53.16,340,339,0.0001084,,1.01
2024-184C,61534,STARLINK-11338 [DTC],91.33,53.16,341,339,0.0001368,,0.76
2024-184D,61535,STARLINK-11362 [DTC],91.33,53.16,340,339,0.0000803,,0.26
2024-184E,61536,STARLINK-11295 [DTC],91.33,53.16,340,339,0.0001101,,0.26
2024-184F,61537,STARLINK-11331 [DTC],91.33,53.16,341,339,0.0001213,,0.97
2024-184G,61538,STARLINK-11325 [DTC],91.33,53.16,340,339,0.0001086,,0.97
2024-184H,61539,STARLINK-11332 [DTC],91.33,53.16,341,339,0.0001398,,0.28
2024-184J,61540,STARLINK-11350 [DTC],91.33,53.16,340,339,0.000105,,0.98
2024-184K,61541,STARLINK-11357 [DTC],91.33,53.16,340,339,0.0001092,,0.29
2024-184L,61542,STARLINK-11322 [DTC],91.48,53.16,348,346,0.0001591,,0.98
2024-184M,61543,STARLINK-11364 [DTC],91.33,53.16,340,339,0.0000958,,0.55
2024-184N,61544,STARLINK-11349 [DTC],91.33,53.16,341,339,0.0001229,,1
2024-184P,61545,STARLINK-32406,93.53,53.16,448,447,0.0000698,,0.96
2024-184Q,61546,STARLINK-32445,93.53,53.16,448,446,0.0001272,,0.81
2024-184R,61547,STARLINK-32411,93.53,53.16,448,447,0.0000866,,0.91
2024-184S,61548,STARLINK-32424,93.53,53.16,448,447,0.0001033,,0.23
2024-184T,61549,STARLINK-32389,93.53,53.16,448,446,0.0001105,,0.79
2024-184U,61550,STARLINK-32476,93.53,53.16,448,447,0.0001104,,0.89
2024-184V,61551,STARLINK-32366,93.53,53.16,448,446,0.0000937,,0.8
2024-185A,61552,QIANFAN-19,101.85,88.99,850,842,0.0005367,,0.57
2024-185B,61553,QIANFAN-20,102.24,88.99,868,862,0.0004382,,0.58
2024-185C,61554,QIANFAN-21,101.27,88.98,826,812,0.0009861,,0.36
2024-185D,61555,QIANFAN-22,101.65,88.99,840,833,0.0004763,,0.56
2024-185E,61556,QIANFAN-23,101.71,88.99,844,835,0.0006131,,0.28
2024-185F,61557,QIANFAN-24,101.18,88.99,820,809,0.0007744,,0.57
2024-185G,61558,QIANFAN-25,101.2,88.99,819,811,0.0005699,,0.27
2024-185H,61559,QIANFAN-26,101.5,88.99,833,826,0.0004614,,0.43
2024-185J,61560,QIANFAN-27,100.91,88.99,807,797,0.0007017,,0.59
2024-185K,61561,QIANFAN-28,100.91,88.99,807,797,0.0006901,,0.6
2024-185L,61562,QIANFAN-29,102.41,88.99,879,867,0.0008113,,0.6
2024-185M,61563,QIANFAN-30,101.13,88.99,816,808,0.000566,,0.41
2024-185N,61564,QIANFAN-31,101.43,88.99,831,822,0.0006174,,0.36
2024-185P,61565,QIANFAN-32,101.5,88.99,835,824,0.0007675,,0.42
2024-185Q,61566,QIANFAN-33,101.64,88.99,841,832,0.000618,,0.58
2024-185R,61567,QIANFAN-34,101.49,88.99,834,825,0.0005696,,0.58
2024-185S,61568,QIANFAN-35,100.9,88.99,805,798,0.0004992,,0.61
2024-185T,61569,QIANFAN-36,102.78,88.99,893,887,0.000405,,0.36
2024-186A,61571,GAOFEN-12 05,97.26,97.91,628,627,0.0001066,,0.27
2024-187A,61574,STARLINK-11356 [DTC],91.74,53.16,361,359,0.0001249,,0.73
2024-187B,61575,STARLINK-11376 [DTC],91.74,53.16,360,359,0.000094,,0.86
2024-187C,61576,STARLINK-11372 [DTC],91.74,53.16,360,359,0.0000946,,0.67
2024-187D,61577,STARLINK-11375 [DTC],91.74,53.16,360,359,0.00008,,0.8
2024-187E,61578,STARLINK-11285 [DTC],91.74,53.16,361,359,0.0001165,,0.81
2024-187F,61579,STARLINK-11275 [DTC],91.74,53.16,361,359,0.0001356,,0.81
2024-187G,61580,STARLINK-11342 [DTC],91.74,53.16,361,359,0.0001183,,0.69
2024-187H,61581,STARLINK-11374 [DTC],91.74,53.16,360,359,0.0000859,,0.82
2024-187J,61582,STARLINK-11373 [DTC],91.74,53.16,360,359,0.0001061,,0.7
2024-187K,61583,STARLINK-11368 [DTC],91.74,53.16,360,359,0.0000704,,0.83
2024-187L,61584,STARLINK-11370 [DTC],91.74,53.16,361,359,0.0001244,,0.71
2024-187M,61585,STARLINK-11361 [DTC],91.74,53.16,361,359,0.0001391,,0.72
2024-187N,61586,STARLINK-11360 [DTC],91.74,53.16,361,359,0.000133,,0.85
2024-187P,61587,STARLINK-32353,93.53,53.16,448,447,0.0000811,,0.63
2024-187Q,61588,STARLINK-32325,93.34,53.16,439,437,0.0001241,,0.78
2024-187R,61589,STARLINK-32416,93.53,53.16,447,447,0.0000047,,0.68
2024-187S,61590,STARLINK-32413,93.53,53.16,448,447,0.0000781,,0.64
2024-187T,61591,STARLINK-32409,93.53,53.16,448,446,0.0001281,,0.68
2024-187U,61592,STARLINK-32422,93.53,53.16,448,447,0.0000787,,0.78
2024-187V,61593,STARLINK-32397,93.53,53.16,448,446,0.0001195,,0.73
2024-188A,61594,ONEWEB-0015,98.36,86.7,683,678,0.0003428,,0.33
2024-188B,61595,ONEWEB-0687,97.08,86.58,620,617,0.0002535,,0.66
2024-188C,61596,ONEWEB-0688,97.08,86.58,620,617,0.0002091,,0.25
2024-188D,61597,ONEWEB-0689,98.87,86.74,705,704,0.0000619,,0.25
2024-188E,61598,ONEWEB-0690,98.55,86.73,692,687,0.0003918,,0.33
2024-188F,61599,ONEWEB-0691,98.73,86.75,700,695,0.0003365,,0.33
2024-188G,61600,ONEWEB-0692,98.8,86.75,702,701,0.0000697,,0.58
2024-188H,61601,ONEWEB-0693,97.08,86.57,619,618,0.0000428,,0.66
2024-188J,61602,ONEWEB-0695,98.84,86.75,704,702,0.0000999,,0.33
2024-188K,61603,ONEWEB-0697,98.88,86.75,706,704,0.0000897,,0.33
2024-188L,61604,ONEWEB-0698,98.83,86.75,705,700,0.0003348,,0.25
2024-188M,61605,ONEWEB-0699,108.1,87.76,1140,1138,0.0001337,,0.25
2024-188N,61606,ONEWEB-0700,107.8,87.78,1126,1124,0.0000991,,0.25
2024-188P,61607,ONEWEB-0701,108,87.78,1136,1132,0.000263,,0.25
2024-188Q,61608,ONEWEB-0702,98.74,86.75,700,696,0.0003024,,0.58
2024-188R,61609,ONEWEB-0704,108.18,87.73,1144,1141,0.0002359,,0.25
2024-188S,61610,ONEWEB-0705,108.03,87.77,1137,1134,0.0002321,,0.25
2024-188T,61611,ONEWEB-0706,107.76,87.75,1125,1121,0.0002452,,0.25
2024-188U,61612,ONEWEB-0707,107.92,87.76,1133,1128,0.0003663,,0.25
2024-188V,61613,ONEWEB-0708,108.12,87.74,1142,1138,0.0002297,,0.25
2024-189A,61614,2024-189A,95.91,97.61,565,560,0.0004108,,0.26
2024-191A,61621,STARLINK-32302,93.46,43.01,446,443,0.0002217,,0.62
2024-191B,61622,STARLINK-32364,93.46,43,445,443,0.0001257,,0.63
2024-191C,61623,STARLINK-32331,93.46,43,446,443,0.0002209,,0.27
2024-191D,61624,STARLINK-32398,93.46,43.01,445,443,0.0001162,,0.24
2024-191E,61625,STARLINK-32365,93.46,43.01,445,443,0.0001537,,0.49
2024-191F,61626,STARLINK-32333,93.46,43,445,443,0.0001655,,0.28
2024-191G,61627,STARLINK-32399,93.46,43,445,443,0.000162,,0.52
2024-191H,61628,STARLINK-32421,93.46,43,445,443,0.0001231,,0.25
2024-191J,61629,STARLINK-32403,93.47,43,445,444,0.0000789,,0.31
2024-191K,61630,STARLINK-32390,93.47,43,445,443,0.0001189,,0.26
2024-191L,61631,STARLINK-32348,93.46,43,445,443,0.00013,,0.53
2024-191M,61632,STARLINK-32455,93.46,43,445,443,0.0001667,,0.28
2024-191N,61633,STARLINK-32396,93.47,43,445,443,0.0001601,,0.6
2024-191P,61634,STARLINK-32355,93.46,43.01,445,443,0.0001548,,0.28
2024-191Q,61635,STARLINK-32370,93.46,43,445,443,0.0001033,,0.29
2024-191R,61636,STARLINK-32405,93.47,43.01,446,442,0.0002777,,0.48
2024-191S,61637,STARLINK-32419,93.46,43,445,443,0.0001181,,0.51
2024-191T,61638,STARLINK-32320,93.46,43,445,443,0.0001175,,0.61
2024-191U,61639,STARLINK-32341,93.46,43,445,443,0.0001516,,0.31
2024-191V,61640,STARLINK-32339,93.46,43,445,443,0.0002049,,0.29
2024-191W,61641,STARLINK-32327,93.46,43,445,443,0.000175,,0.3
2024-191X,61642,STARLINK-32264,93.46,43.01,446,442,0.0002436,,0.6
2024-191Y,61643,STARLINK-32337,93.46,43,445,443,0.0001479,,0.63
2024-193A,61661,STARLINK-32238,93.53,53.16,448,447,0.0000981,,0.59
2024-193B,61662,STARLINK-32310,93.53,53.16,448,446,0.0001243,,0.6
2024-193C,61663,STARLINK-32308,93.53,53.16,448,447,0.0001084,,0.62
2024-193D,61664,STARLINK-32301,93.53,53.16,448,447,0.0001081,,0.71
2024-193E,61665,STARLINK-32439,94.11,53.16,476,474,0.0001243,,0.58
2024-193F,61666,STARLINK-32428,93.53,53.16,448,446,0.0001534,,0.74
2024-193G,61667,STARLINK-32414,93.53,53.16,448,447,0.0000854,,0.58
2024-193H,61668,STARLINK-32441,93.53,53.16,448,446,0.0001348,,0.59
2024-193J,61669,STARLINK-32400,93.82,53.16,462,461,0.0000629,,0.59
2024-193K,61670,STARLINK-32449,93.53,53.16,448,447,0.0000964,,0.59
2024-193L,61671,STARLINK-32453,93.53,53.16,448,446,0.0001161,,0.6
2024-193M,61672,STARLINK-32443,93.53,53.16,448,446,0.0001199,,0.6
2024-193N,61673,STARLINK-32417,93.53,53.16,448,447,0.0000818,,0.61
2024-193P,61674,STARLINK-32326,93.53,53.16,448,446,0.0001116,,0.61
2024-193Q,61675,STARLINK-32294,93.53,53.16,448,447,0.0001037,,0.68
2024-193R,61676,STARLINK-32309,93.53,53.16,448,446,0.0000976,,0.56
2024-193S,61677,STARLINK-32323,93.53,53.16,448,447,0.0000833,,0.62
2024-193T,61678,STARLINK-32363,93.53,53.16,448,446,0.000129,,0.62
2024-193U,61679,STARLINK-32395,94.11,53.16,476,475,0.0000971,,0.58
2024-193V,61680,STARLINK-32412,94.11,53.16,476,474,0.0001223,,0.58
2024-193W,61681,STARLINK-32426,94.11,53.16,476,474,0.000124,,0.58
2024-193X,61682,STARLINK-32429,94.11,53.16,476,474,0.0001443,,0.58
2024-194A,61683,SHENZHOU-19 (SZ-19),92.41,41.46,395,390,0.0003466,CSS,0.65
2024-195A,61687,STARLINK-11335 [DTC],91.74,53.16,360,359,0.0000851,,0.59
2024-195B,61688,STARLINK-11344 [DTC],91.74,53.16,361,359,0.0001402,,0.47
2024-195C,61689,STARLINK-11312 [DTC],91.74,53.16,360,359,0.0001066,,0.47
2024-195D,61690,STARLINK-11340 [DTC],91.74,53.16,361,359,0.0001372,,0.48
2024-195E,61691,STARLINK-11339 [DTC],91.74,53.16,361,359,0.0001146,,0.61
2024-195F,61692,STARLINK-11315 [DTC],91.74,53.16,361,359,0.0001426,,0.61
2024-195G,61693,STARLINK-11366 [DTC],91.74,53.16,361,359,0.000142,,0.62
2024-195H,61694,STARLINK-11348 [DTC],91.74,53.16,360,359,0.0001045,,0.56
2024-195J,61695,STARLINK-11327 [DTC],91.74,53.16,360,359,0.0000872,,0.57
2024-195K,61696,STARLINK-11341 [DTC],91.74,53.16,361,359,0.0001699,,0.57
2024-195L,61697,STARLINK-11346 [DTC],91.74,53.16,361,359,0.0001151,,0.58
2024-195M,61698,STARLINK-11336 [DTC],91.33,53.16,340,339,0.0001098,,0.62
2024-195N,61699,STARLINK-11296 [DTC],91.74,53.16,361,359,0.0001136,,0.52
2024-195P,61700,STARLINK-32349,93.53,53.16,448,446,0.0001123,,0.58
2024-195Q,61701,STARLINK-32461,93.53,53.16,448,446,0.0001238,,0.39
2024-195R,61702,STARLINK-32299,93.53,53.16,448,447,0.0000796,,0.58
2024-195S,61703,STARLINK-32335,93.53,53.16,448,446,0.000101,,0.58
2024-195T,61704,STARLINK-32387,93.53,53.16,448,446,0.0001188,,0.59
2024-195U,61705,STARLINK-32515,93.53,53.16,448,447,0.0000933,,0.53
2024-195V,61706,STARLINK-32533,93.53,53.16,448,447,0.0000998,,0.52
2024-196A,61707,STARLINK-32376,93.53,53.16,448,447,0.0000884,,0.58
2024-196B,61708,STARLINK-32402,93.53,53.16,448,447,0.0001053,,0.55
2024-196C,61709,STARLINK-32314,93.53,53.16,448,447,0.000089,,0.56
2024-196D,61710,STARLINK-32404,93.53,53.16,448,446,0.0001148,,0.59
2024-196E,61711,STARLINK-32312,93.52,53.16,447,446,0.0000533,,0.57
2024-196F,61712,STARLINK-32343,93.53,53.16,448,447,0.000093,,0.54
2024-196G,61713,STARLINK-32467,93.53,53.16,448,446,0.0001374,,0.58
2024-196H,61714,STARLINK-32440,93.53,53.16,448,447,0.0000957,,0.54
2024-196J,61715,STARLINK-32459,93.53,53.16,448,447,0.0001026,,0.75
2024-196K,61716,STARLINK-32465,93.53,53.16,448,446,0.0001187,,0.59
2024-196L,61717,STARLINK-32457,93.53,53.16,448,446,0.0001243,,0.69
2024-196M,61718,STARLINK-32591,93.53,53.16,448,447,0.0001004,,0.76
2024-196N,61719,STARLINK-32344,93.53,53.16,448,446,0.0001145,,0.6
2024-196P,61720,STARLINK-32322,93.53,53.16,448,446,0.0001175,,0.59
2024-196Q,61721,STARLINK-32469,93.53,53.16,448,447,0.0001043,,0.7
2024-196R,61722,STARLINK-32438,93.53,53.16,448,446,0.0001269,,0.59
2024-196S,61723,STARLINK-32540,91.13,53.14,331,329,0.0001149,,0.64
2024-196T,61724,STARLINK-32528,93.53,53.16,448,447,0.0001005,,0.65
2024-196U,61725,STARLINK-32573,93.53,53.16,448,447,0.0000766,,0.6
2024-196V,61726,STARLINK-32478,93.53,53.16,448,447,0.000098,,0.54
2024-196W,61727,STARLINK-32511,93.53,53.16,448,447,0.0000978,,0.67
2024-196X,61728,STARLINK-32475,93.53,53.16,448,447,0.0000662,,0.68
2024-196Y,61729,STARLINK-32442,93.53,53.16,448,446,0.000125,,0.55
2024-197A,61730,COSMOS 2579,94.58,97.56,504,493,0.0008024,,0.25
2024-198A,61733,DSN-3 (KIRAMEKI-3),1436.09,0.07,35793,35780,0.0001545,*G,0.92
2024-199A,61735,IONOSFERA-M 1,101.22,98.79,818,815,0.0001432,,0.24
2024-199B,61736,IONOSFERA-M 2,101.22,98.79,818,816,0.0001399,,0.28
2024-199C,61737,SITRO-AIS 16,96.42,97.38,592,582,0.000749,,0.25
2024-199D,61738,SITRO-AIS 15,96.42,97.38,592,582,0.0007231,,0.25
2024-199E,61739,SITRO-AIS 21,96.52,97.38,601,583,0.0013412,,0.24
2024-199F,61740,SITRO-AIS 22,96.52,97.38,601,582,0.0013556,,0.24
2024-199G,61741,SITRO-AIS 24,96.52,97.38,601,582,0.0013495,,0.24
2024-199H,61742,SITRO-AIS 23,96.51,97.38,601,582,0.0013393,,0.24
2024-199J,61743,SITRO-AIS 13,96.41,97.38,592,582,0.0007066,,0.26
2024-199K,61744,2024-199K,94.27,97.38,492,474,0.001296,,0.29
2024-199L,61745,2024-199L,94.25,97.38,490,475,0.0010929,,0.3
2024-199M,61746,COLIBRI-S (RS67S),94.29,97.38,493,476,0.0012951,,0.28
2024-199N,61747,2024-199N,94.3,97.38,494,476,0.0012905,,0.27
2024-199P,61748,SITRO-AIS 44,94.23,97.38,489,474,0.0010879,,0.24
2024-199Q,61749,VIZARD-ION (RS68S),94.26,97.38,491,474,0.0012589,,0.29
2024-199R,61750,2024-199R,94.3,97.38,494,476,0.0013334,,0.26
2024-199S,61751,2024-199S,94.37,97.38,496,480,0.0011933,,0.24
2024-199T,61752,SITRO-AIS 14,96.41,97.38,592,582,0.0007115,,0.25
2024-199U,61753,HORS 3 (RS81S),94.28,97.38,492,476,0.0011694,,0.28
2024-199V,61754,HORS 4 (RS82S),94.26,97.38,491,474,0.0011857,,0.29
2024-199W,61755,SITRO-AIS 43,94.22,97.38,488,474,0.0010805,,0.24
2024-199X,61756,SITRO-AIS 42,94.22,97.38,488,473,0.0010838,,0.24
2024-199Y,61757,HORIZON (RS59S),94.2,97.38,489,471,0.001269,,0.25
2024-199Z,61758,SITRO-AIS 20,96.4,97.38,591,582,0.0006929,,0.26
2024-199AA,61759,SITRO-AIS 19,96.4,97.38,591,582,0.0006859,,0.26
2024-199AB,61760,SITRO-AIS 41,94.23,97.38,488,474,0.0010644,,0.24
2024-199AC,61761,2024-199AC,94.25,97.38,489,475,0.0010514,,0.24
2024-199AD,61762,ARCTICSAT 1 (RS74S),94.19,97.38,488,471,0.0012479,,0.26
2024-199AE,61763,SIT-HSE,94.22,97.38,488,474,0.0010448,,0.25
2024-199AF,61764,SIT-2086,94.22,97.38,488,474,0.0010195,,0.25
2024-199AG,61765,MORDOVIA-IOT (RS50S),94.12,97.38,484,468,0.0012278,,0.29
2024-199AH,61766,RUZAEVKA 390 (RS44S),94.14,97.38,485,469,0.0012086,,0.28
2024-199AJ,61767,2024-199AJ,94.09,97.38,482,466,0.0011877,,0.24
2024-199AK,61768,2024-199AK,94.25,97.38,488,476,0.0008635,,0.25
2024-199AL,61769,KOSAR,94.23,97.38,487,475,0.0008492,,0.26
2024-199AM,61770,2024-199AM,93.19,97.36,440,421,0.001407,,0.23
2024-199AN,61771,SITRO-AIS 48,94.31,97.37,495,475,0.0014463,,0.24
2024-199AP,61772,HYPERVIEW 1G (RS66S),94.28,97.38,495,473,0.0015813,,0.26
2024-199AQ,61773,SITRO-AIS 47,94.31,97.37,495,475,0.0014558,,0.24
2024-199AR,61774,SITRO-AIS 46,94.31,97.37,495,475,0.001475,,0.24
2024-199AS,61775,2024-199AS,94.4,97.38,500,478,0.0016028,,0.27
2024-199AT,61776,SITRO-AIS 40,94.31,97.37,495,475,0.0014915,,0.24
2024-199AU,61777,2024-199AU,94.39,97.38,500,478,0.0016074,,0.27
2024-199AV,61778,SITRO-AIS 39,94.32,97.37,496,476,0.0014918,,0.23
2024-199AW,61779,ALTAIR (RS65S),94.41,97.38,501,479,0.0016303,,0.27
2024-199AX,61780,SITRO-AIS 37,94.32,97.37,496,475,0.0015258,,0.23
2024-199AY,61781,ASRTU-1 (AO-123),94.42,97.38,502,479,0.0016496,,0.26
2024-199AZ,61782,TUSUR GO (RS78S),94.3,97.38,496,473,0.0016995,,0.24
2024-199BA,61783,ZIMSAT-2,94.22,97.38,493,469,0.0017503,,0.27
2024-199BB,61784,SAMSAT-IONOSPHERE (RS75S),94.33,97.38,498,475,0.0016818,,0.23
2024-199BC,61785,RTU MIREA 1 (RS51S),94.32,97.38,497,474,0.0016685,,0.23
2024-199BD,61786,SITRO-AIS 38,94.33,97.37,496,476,0.0015207,,0.23
2024-199BE,61787,2024-199BE,94.43,97.38,502,479,0.0016666,,0.26
2024-199BF,61788,SITRO-AIS 45,94.32,97.37,496,475,0.0014846,,0.24
2024-199BG,61789,SITRO-AIS 17,96.4,97.38,591,581,0.000712,,0.26
2024-199BH,61790,SITRO-AIS 18,96.4,97.38,591,582,0.0006926,,0.26
2024-201B,61793,PROTOSAT-1,97.09,97.92,627,612,0.0010825,,0.81
2024-202A,61845,STARLINK-32362,93.46,43,445,443,0.0001341,,1.09
2024-202B,61846,STARLINK-32472,93.46,43,445,443,0.0001153,,1.09
2024-202C,61847,STARLINK-32352,93.47,43,445,443,0.0001027,,0.31
2024-202D,61848,STARLINK-32427,93.46,43,446,442,0.0002621,,1.09
2024-202E,61849,STARLINK-32346,93.46,43,445,443,0.0001262,,1.1
2024-202F,61850,STARLINK-32330,93.46,43,446,442,0.0003084,,0.45
2024-202G,61851,STARLINK-32379,93.46,43,445,443,0.0001388,,1.1
2024-202H,61852,STARLINK-32433,93.46,43,445,443,0.0001119,,1.1
2024-202J,61853,STARLINK-32394,93.46,43,445,443,0.0001529,,1.1
2024-202K,61854,STARLINK-32486,93.47,43,445,444,0.0000573,,1.11
2024-202L,61855,STARLINK-32391,93.47,43,445,444,0.0000667,,1.11
2024-202M,61856,STARLINK-32483,93.47,43,445,443,0.0001684,,0.83
2024-202N,61857,STARLINK-32451,93.46,43,445,443,0.0001692,,0.27
2024-202P,61858,STARLINK-32556,93.46,43,445,443,0.0001113,,0.98
2024-202Q,61859,STARLINK-32466,93.46,43,445,443,0.0001286,,1.12
2024-202R,61860,STARLINK-32316,93.46,43,445,443,0.0001229,,1
2024-202S,61861,STARLINK-32415,93.46,43.01,445,443,0.0000953,,0.41
2024-202T,61862,STARLINK-32393,93.46,43,445,443,0.0001268,,0.28
2024-202U,61863,STARLINK-32324,93.46,43,445,443,0.0000878,,0.28
2024-202V,61864,STARLINK-32318,93.46,43,445,443,0.0000867,,1
2024-202W,61865,STARLINK-32401,93.46,43,445,443,0.0001121,,1.13
2024-202X,61866,STARLINK-32588,93.47,43,445,444,0.0001002,,0.29
2024-202Y,61867,STARLINK-32569,93.46,43,445,443,0.0001346,,1.14
2024-203A,61869,2024-203A,94.99,97.48,529,508,0.0015032,,0.24
2024-203B,61870,2024-203B,94.99,97.48,528,508,0.0014666,,0.24
2024-203C,61871,2024-203C,94.98,97.49,528,507,0.0015699,,0.25
2024-203D,61872,2024-203D,94.98,97.49,528,507,0.0015651,,0.26
2024-204A,61874,STARLINK-11402 [DTC],91.74,53.16,360,359,0.0000854,,0.66
2024-204B,61875,STARLINK-11316 [DTC],91.74,53.16,360,359,0.0000943,,0.66
2024-204C,61876,STARLINK-11401 [DTC],91.74,53.16,360,359,0.0001102,,0.67
2024-204D,61877,STARLINK-11321 [DTC],91.74,53.16,361,358,0.0001979,,0.54
2024-204E,61878,STARLINK-11314 [DTC],91.74,53.16,360,359,0.0001118,,0.55
2024-204F,61879,STARLINK-11324 [DTC],91.74,53.16,361,359,0.0001144,,0.68
2024-204G,61880,STARLINK-11328 [DTC],91.74,53.16,361,359,0.0001264,,0.56
2024-204H,61881,STARLINK-11329 [DTC],91.74,53.16,361,359,0.0001199,,0.69
2024-204J,61882,STARLINK-11398 [DTC],91.74,53.16,361,359,0.0001166,,0.7
2024-204K,61883,STARLINK-11383 [DTC],91.74,53.16,360,359,0.0000907,,0.71
2024-204L,61884,STARLINK-11359 [DTC],91.74,53.16,360,359,0.0000846,,0.64
2024-204M,61885,STARLINK-11301 [DTC],91.74,53.16,360,359,0.0001039,,0.65
2024-204N,61886,STARLINK-11351 [DTC],91.74,53.16,360,359,0.0000957,,0.52
2024-204P,61887,STARLINK-32410,94.11,53.16,476,474,0.0001258,,0.58
2024-204Q,61888,STARLINK-32377,94.11,53.16,476,475,0.0000812,,0.52
2024-204R,61889,STARLINK-32292,94.11,53.16,476,474,0.0001261,,0.64
2024-204S,61890,STARLINK-32501,94.11,53.16,476,474,0.0001379,,0.62
2024-204T,61891,STARLINK-32383,94.11,53.16,476,474,0.0001312,,0.63
2024-204U,61892,STARLINK-32239,94.11,53.16,476,474,0.0001209,,0.62
2024-204V,61893,STARLINK-32489,94.11,53.16,476,475,0.0000915,,0.47
2024-205A,61894,2024-205A,95.05,97.47,530,511,0.0013678,,0.23
2024-205B,61895,2024-205B,94.95,97.47,526,506,0.0014647,,0.24
2024-205C,61896,2024-205C,95.04,97.47,528,513,0.00111,,0.28
2024-205D,61897,2024-205D,95.05,97.47,532,510,0.0015652,,0.22
2024-205E,61898,2024-205E,95.04,97.47,532,510,0.0016175,,0.24
2024-205F,61899,2024-205F,94.92,97.46,525,504,0.0015374,,0.27
2024-205G,61900,2024-205G,94.93,97.47,523,507,0.0012086,,0.26
2024-205H,61901,2024-205H,94.94,97.46,525,506,0.0014155,,0.25
2024-205J,61902,2024-205J,95.05,97.47,533,508,0.0017939,,0.25
2024-205K,61903,2024-205K,95,97.47,529,508,0.0015801,,0.24
2024-205L,61904,2024-205L,95,97.47,532,505,0.0020195,,0.93
2024-205M,61905,2024-205M,94.97,97.47,528,507,0.0015427,,0.24
2024-205N,61906,2024-205N,94.89,97.47,523,503,0.0014424,,0.28
2024-205P,61907,2024-205P,95,97.47,529,508,0.0015692,,0.25
2024-205Q,61908,2024-205Q,95,97.47,529,507,0.0016133,,0.25
2024-206A,61910,KOREASAT 6A,1436.1,0.04,35793,35780,0.0001611,*G,0.99
2024-207A,61912,STARLINK-32303,93.99,43.01,471,468,0.0002496,,0.89
2024-207B,61913,STARLINK-32434,93.99,43.01,471,468,0.0002442,,0.98
2024-207C,61914,STARLINK-32460,93.99,43,470,469,0.0001328,,0.27
2024-207D,61915,STARLINK-32559,93.99,43.01,471,469,0.0001471,,0.93
2024-207E,61916,STARLINK-32541,93.99,43,471,469,0.0001544,,1.03
2024-207F,61917,STARLINK-32544,93.99,43,471,468,0.0001602,,0.88
2024-207G,61918,STARLINK-32555,93.99,43,470,469,0.0000845,,0.32
2024-207H,61919,STARLINK-32547,93.99,43,470,469,0.0000801,,0.6
2024-207J,61920,STARLINK-32616,93.99,43,470,469,0.0000927,,0.83
2024-207K,61921,STARLINK-32605,93.99,43.01,470,469,0.0001279,,0.29
2024-207L,61922,STARLINK-32579,93.99,43,471,468,0.0002584,,0.96
2024-207M,61923,STARLINK-32537,93.99,43,471,468,0.0001625,,0.91
2024-207N,61924,STARLINK-32564,93.99,43,471,468,0.0002173,,0.25
2024-207P,61925,STARLINK-32536,93.99,43,471,469,0.0001261,,0.33
2024-207Q,61926,STARLINK-32624,93.99,43,471,468,0.0001859,,0.99
2024-207R,61927,STARLINK-32622,93.99,43,471,469,0.0001433,,0.6
2024-207S,61928,STARLINK-32620,93.99,43,470,469,0.0001011,,0.89
2024-207T,61929,STARLINK-32609,93.99,43,470,469,0.0001123,,0.3
2024-207U,61930,STARLINK-32567,93.46,43,446,442,0.000255,,0.29
2024-207V,61931,STARLINK-32420,93.99,43.01,471,468,0.0002703,,0.93
2024-207W,61932,STARLINK-32354,93.99,43,471,468,0.0002134,,0.32
2024-207X,61933,STARLINK-32361,93.46,43,445,443,0.0001179,,0.91
2024-207Y,61934,STARLINK-32563,93.99,43,470,469,0.000088,,0.61
2024-207Z,61935,STARLINK-32500,93.99,43,470,469,0.0001347,,0.31
2024-208A,61936,HAIYANG 4-01,97.74,98.01,652,649,0.0001598,,0.3
2024-209A,61939,STARLINK-11407 [DTC],91.33,53.16,340,339,0.0000807,,0.67
2024-209B,61940,STARLINK-11337 [DTC],91.33,53.15,340,339,0.000096,,0.62
2024-209C,61941,STARLINK-11353 [DTC],91.33,53.16,341,339,0.0001569,,0.62
2024-209D,61942,STARLINK-11320 [DTC],91.74,53.16,360,359,0.0000584,,0.33
2024-209E,61943,STARLINK-11425 [DTC],91.74,53.16,360,359,0.0000849,,0.33
2024-209F,61944,STARLINK-11422 [DTC],91.73,53.16,360,359,0.0000962,,0.33
2024-209G,61945,STARLINK-11421 [DTC],91.73,53.16,360,359,0.0000958,,0.33
2024-209H,61946,STARLINK-11410 [DTC],91.74,53.16,361,359,0.0001211,,0.51
2024-209J,61947,STARLINK-11390 [DTC],91.6,53.16,354,353,0.0000779,,0.58
2024-209K,61948,STARLINK-11414 [DTC],91.51,53.16,349,348,0.0000861,,0.33
2024-209L,61949,STARLINK-11424 [DTC],91.47,53.16,348,346,0.0001681,,0.27
2024-209M,61950,STARLINK-11423 [DTC],91.5,53.16,349,348,0.0000998,,0.63
2024-209N,61951,STARLINK-11395 [DTC],91.74,53.16,360,359,0.0000833,,0.58
2024-209P,61952,STARLINK-32572,94.1,53.16,476,474,0.0001788,,0.58
2024-209Q,61953,STARLINK-32585,94.11,53.16,476,475,0.000102,,0.62
2024-209R,61954,STARLINK-32574,94.11,53.16,476,474,0.0001352,,0.61
2024-209S,61955,STARLINK-32583,94.11,53.16,476,474,0.0001126,,0.56
2024-209T,61956,STARLINK-32273,94.11,53.16,476,474,0.0001224,,0.59
2024-209U,61957,STARLINK-32359,94.11,53.16,476,474,0.0001424,,0.57
2024-209V,61958,STARLINK-32566,94.11,53.16,476,474,0.0001307,,0.59
2024-210A,61959,STARLINK-32499,93.46,43.01,445,443,0.0001616,,0.9
2024-210B,61960,STARLINK-32372,93.46,43.01,445,443,0.0001112,,0.25
2024-210C,61961,STARLINK-32452,93.46,43.01,446,442,0.0003032,,0.56
2024-210D,61962,STARLINK-32458,93.46,43,445,443,0.0001124,,0.57
2024-210E,61963,STARLINK-32487,93.46,43,445,443,0.0001696,,0.5
2024-210F,61964,STARLINK-32513,93.46,43,445,443,0.0001065,,0.57
2024-210G,61965,STARLINK-32514,93.46,43,445,443,0.0001552,,0.56
2024-210H,61966,STARLINK-32498,93.46,43,445,443,0.0001444,,0.24
2024-210J,61967,STARLINK-32518,93.47,43,446,443,0.0002295,,0.5
2024-210K,61968,STARLINK-32471,93.46,43,445,443,0.0002018,,0.26
2024-210L,61969,STARLINK-32450,93.47,43,445,444,0.0000827,,0.41
2024-210M,61970,STARLINK-32613,93.47,43,445,443,0.0001584,,0.55
2024-210N,61971,STARLINK-32610,93.46,43,446,442,0.0002605,,0.48
2024-210P,61972,STARLINK-32612,93.46,43,445,443,0.000196,,0.55
2024-210Q,61973,STARLINK-32601,93.46,43.01,445,443,0.0001909,,0.25
2024-210R,61974,STARLINK-32593,93.46,43,445,443,0.0001017,,1.25
2024-210S,61975,STARLINK-32586,93.47,43,445,444,0.0000749,,1.31
2024-210T,61976,STARLINK-32611,93.46,43,445,443,0.0001394,,0.27
2024-210U,61977,STARLINK-32607,93.46,43,445,443,0.0001709,,0.49
2024-210V,61978,STARLINK-32606,93.46,43,446,443,0.0002227,,0.87
2024-210W,61979,STARLINK-32578,93.46,43.01,446,443,0.000226,,0.59
2024-210X,61980,STARLINK-32517,93.46,43,445,443,0.0001708,,0.61
2024-210Y,61981,STARLINK-32522,93.46,43,445,443,0.0001757,,0.27
2024-210Z,61982,STARLINK-32560,93.46,43,445,443,0.0001545,,0.26
2024-211A,61983,TIANZHOU-8,92.41,41.46,395,390,0.0003466,CSS,0.65
2024-212A,62006,OPTUS-X (ADS-01),1436.08,0.04,35790,35783,0.0000832,*G,0.36
2024-213A,62008,STARLINK-11433 [DTC],91.33,53.16,340,339,0.000101,,0.56
2024-213B,62009,STARLINK-11262 [DTC],91.33,53.16,340,339,0.0000683,,0.56
2024-213C,62010,STARLINK-11326 [DTC],91.33,53.16,341,339,0.0001134,,0.61
2024-213D,62011,STARLINK-11330 [DTC],91.33,53.16,340,339,0.0000908,,0.52
2024-213E,62012,STARLINK-11363 [DTC],91.33,53.16,341,339,0.0001438,,0.59
2024-213F,62013,STARLINK-11377 [DTC],91.33,53.16,341,339,0.0001581,,0.57
2024-213G,62014,STARLINK-11385 [DTC],91.33,53.16,341,339,0.0001162,,0.58
2024-213H,62015,STARLINK-11396 [DTC],91.33,53.16,340,339,0.0001075,,0.56
2024-213J,62016,STARLINK-11393 [DTC],91.33,53.16,341,339,0.0001339,,0.6
2024-213K,62017,STARLINK-11343 [DTC],91.33,53.16,341,339,0.0001372,,0.57
2024-213L,62018,STARLINK-11411 [DTC],91.33,53.16,341,339,0.0001106,,0.57
2024-213M,62019,STARLINK-11404 [DTC],91.33,53.16,340,339,0.0001115,,0.54
2024-213N,62020,STARLINK-11378 [DTC],91.33,53.16,340,339,0.0000909,,0.61
2024-213P,62021,STARLINK-32520,93.53,53.16,448,446,0.000118,,0.35
2024-213Q,62022,STARLINK-32539,93.53,53.16,448,446,0.0001416,,0.38
2024-213R,62023,STARLINK-32334,93.53,53.16,448,447,0.0001031,,0.36
2024-213S,62024,STARLINK-32504,93.53,53.16,448,447,0.0001079,,0.37
2024-213T,62025,STARLINK-32493,93.53,53.16,448,446,0.0001107,,0.6
2024-213U,62026,STARLINK-32561,93.53,53.16,448,447,0.0000833,,0.6
2024-213V,62027,STARLINK-32512,93.53,53.16,448,446,0.000147,,0.34
2024-214A,62028,GSAT-N2 (GSAT-20),1436.04,0.06,35796,35775,0.0002543,*G,1.09
2024-215A,62030,PROGRESS-MS 29,92.88,51.64,417,414,0.0002468,ISS,0.53
2024-216A,62032,STARLINK-32637,93.46,43,445,443,0.0001563,,0.62
2024-216B,62033,STARLINK-32582,93.46,43,445,443,0.0000984,,0.32
2024-216C,62034,STARLINK-32615,93.46,43.01,446,442,0.0002964,,0.31
2024-216D,62035,STARLINK-32592,93.46,43,445,443,0.0001585,,0.99
2024-216E,62036,STARLINK-32225,93.46,43,445,444,0.0000713,,0.88
2024-216F,62037,STARLINK-32595,93.46,43.01,446,442,0.0002725,,0.98
2024-216G,62038,STARLINK-32477,93.46,43,445,443,0.0001459,,1
2024-216H,62039,STARLINK-32480,93.46,43,445,443,0.000128,,0.32
2024-216J,62040,STARLINK-32510,93.46,43,445,443,0.0001724,,0.94
2024-216K,62041,STARLINK-32456,93.46,43,445,443,0.0001409,,0.3
2024-216L,62042,STARLINK-32509,93.47,43,446,442,0.0002629,,0.36
2024-216M,62043,STARLINK-32491,93.46,43,445,443,0.0002053,,0.35
2024-216N,62044,STARLINK-32577,93.46,43,445,443,0.0001127,,0.33
2024-216P,62045,STARLINK-32618,93.46,43,445,443,0.0001922,,0.31
2024-216Q,62046,STARLINK-32598,93.46,43,445,443,0.0001551,,1.27
2024-216R,62047,STARLINK-32630,93.46,43,446,443,0.0002135,,0.33
2024-216S,62048,STARLINK-32599,93.46,43,445,443,0.0001535,,1.05
2024-216T,62049,STARLINK-32473,93.46,43,445,443,0.0001344,,0.31
2024-216U,62050,STARLINK-32492,93.46,43,446,443,0.0002226,,0.91
2024-216V,62051,STARLINK-32496,93.46,43,445,443,0.0001917,,0.99
2024-216W,62052,STARLINK-32495,93.46,43,446,442,0.0002229,,0.31
2024-216X,62053,STARLINK-32494,93.46,43,445,443,0.0001858,,0.33
2024-216Y,62054,STARLINK-32408,93.46,43,445,443,0.000112,,0.94
2024-216Z,62055,STARLINK-32571,93.46,43,445,443,0.0001937,,1.27
2024-217A,62057,STARLINK-11465 [DTC],91.33,53.16,341,338,0.0002336,,0.33
2024-217B,62058,STARLINK-11426 [DTC],91.33,53.16,341,339,0.0001167,,1.54
2024-217C,62059,STARLINK-11454 [DTC],91.33,53.16,341,339,0.0001667,,0.34
2024-217D,62060,STARLINK-11473 [DTC],91.48,53.16,348,346,0.0001126,,0.58
2024-217E,62061,STARLINK-11429 [DTC],91.33,53.16,341,339,0.000123,,0.35
2024-217F,62062,STARLINK-11470 [DTC],91.74,53.16,360,359,0.0000996,,0.25
2024-217G,62063,STARLINK-11427 [DTC],91.55,53.16,351,350,0.0000872,,0.58
2024-217H,62064,STARLINK-11456 [DTC],91.33,53.15,341,339,0.0001175,,0.36
2024-217J,62065,STARLINK-11474 [DTC],91.33,53.16,341,339,0.0001167,,1
2024-217K,62066,STARLINK-11463 [DTC],91.37,53.16,343,341,0.0001159,,1.25
2024-217L,62067,STARLINK-11472 [DTC],91.74,53.16,361,359,0.0001344,,1.42
2024-217M,62068,STARLINK-11467 [DTC],91.6,53.16,354,352,0.0000898,,0.58
2024-217N,62069,STARLINK-11460 [DTC],91.74,53.16,361,359,0.0001303,,0.34
2024-217P,62070,STARLINK-32604,93.53,53.16,448,447,0.0001051,,0.3
2024-217Q,62071,STARLINK-32553,93.53,53.16,448,447,0.0000881,,0.28
2024-217R,62072,STARLINK-32603,93.53,53.16,448,447,0.000053,,0.32
2024-217S,62073,STARLINK-32444,93.53,53.16,448,447,0.0000391,,0.98
2024-217T,62074,STARLINK-32619,93.53,53.16,448,446,0.000145,,0.31
2024-217U,62075,STARLINK-32580,93.53,53.16,448,447,0.0001027,,1.27
2024-217V,62076,STARLINK-32617,93.53,53.16,448,447,0.0000802,,0.68
2024-078F,62077,SZ-18 MODULE,91.69,41.47,364,351,0.0009801,,0.59
2024-218B,62079,SUPERVIEW NEO-2 03,94.75,97.44,508,506,0.0001686,,0.79
2024-218C,62080,SUPERVIEW NEO-2 04,94.75,97.44,508,506,0.0001518,,0.85
2024-219A,62081,KINEIS-5C,97.48,97.95,639,637,0.0001443,,0.73
2024-219B,62082,KINEIS-5D,97.48,97.95,639,637,0.0001783,,0.73
2024-219C,62083,KINEIS-5E,97.46,97.95,638,636,0.0001079,,0.8
2024-219D,62084,KINEIS-5A,97.45,97.95,638,634,0.0002838,,0.74
2024-219E,62085,KINEIS-5B,97.45,97.95,638,635,0.0002708,,0.75
2024-220A,62088,STARLINK-11384 [DTC],91.67,43,357,356,0.0001193,,0.42
2024-220B,62089,STARLINK-11379 [DTC],91.67,43,358,355,0.0002389,,0.48
2024-220C,62090,STARLINK-11387 [DTC],91.67,43,357,356,0.0000718,,0.55
2024-220D,62091,STARLINK-11389 [DTC],91.67,43,360,353,0.0004546,,0.56
2024-220E,62092,STARLINK-11388 [DTC],91.67,43,358,356,0.0001472,,0.5
2024-220F,62093,STARLINK-11345 [DTC],91.67,43,357,356,0.0001233,,1.08
2024-220G,62094,STARLINK-11381 [DTC],91.67,43,357,356,0.0001361,,0.51
2024-220H,62095,STARLINK-11369 [DTC],91.67,43,358,355,0.0001857,,0.52
2024-220J,62096,STARLINK-11303 [DTC],91.67,43,357,356,0.0001249,,0.52
2024-220K,62097,STARLINK-11367 [DTC],91.67,43,358,355,0.0001823,,0.53
2024-220L,62098,STARLINK-11386 [DTC],91.67,43,357,356,0.0001233,,0.21
2024-220M,62099,STARLINK-11380 [DTC],91.67,43,357,356,0.0000722,,1.17
2024-220N,62100,STARLINK-33566,93.46,43,445,443,0.0001731,,0.45
2024-220P,62101,STARLINK-33545,93.46,43,445,443,0.0001057,,1.08
2024-220Q,62102,STARLINK-33562,93.46,43,445,443,0.0001406,,1.23
2024-220R,62103,STARLINK-33554,93.46,43.01,445,443,0.0001616,,1.08
2024-220S,62104,STARLINK-33555,93.46,43.01,445,443,0.0001694,,1.07
2024-220T,62105,STARLINK-33542,91.09,43,332,325,0.0005188,,0.53
2024-220U,62106,STARLINK-33557,93.46,43,445,443,0.0001214,,0.38
2024-220V,62107,STARLINK-33559,93.47,43,444,444,0.0000247,,0.47
2024-220W,62108,STARLINK-33553,93.46,43,445,443,0.0001655,,0.52
2024-220X,62109,STARLINK-33556,93.46,43,445,443,0.0001892,,1.02
2024-220Y,62110,STARLINK-33551,93.46,43,444,444,0.000058,,0.53
2024-221A,62111,GUANGCHUAN 01,94.59,49.96,506,492,0.001045,,0.29
2024-221B,62112,GUANGCHUAN 02,94.59,49.96,505,493,0.0009196,,0.29
2024-222A,62114,STARLINK-32311,93.47,43,445,443,0.0001688,,0.38
2024-222B,62115,STARLINK-32470,93.46,43,445,443,0.000152,,0.35
2024-222C,62116,STARLINK-32502,93.47,43,445,443,0.0001381,,0.36
2024-222D,62117,STARLINK-32521,93.46,43,445,443,0.0001578,,0.31
2024-222E,62118,STARLINK-32549,93.46,43,445,443,0.0001153,,0.66
2024-222F,62119,STARLINK-32535,93.47,43,445,443,0.0001661,,0.33
2024-222G,62120,STARLINK-32548,93.46,43,445,443,0.0001786,,0.37
2024-222H,62121,STARLINK-32525,93.46,43,445,443,0.0000999,,0.34
2024-222J,62122,STARLINK-32628,93.46,43,445,443,0.0001216,,0.36
2024-222K,62123,STARLINK-32626,93.46,43,445,443,0.0001856,,0.69
2024-222L,62124,STARLINK-32608,93.46,42.99,445,443,0.0001354,,0.55
2024-222M,62125,STARLINK-32488,93.46,43,445,443,0.0001302,,0.51
2024-222N,62126,STARLINK-32490,93.46,43,445,443,0.0001601,,0.99
2024-222P,62127,STARLINK-32557,93.46,43,445,443,0.0001997,,0.38
2024-222Q,62128,STARLINK-32568,93.47,43,445,443,0.0001799,,0.37
2024-222R,62129,STARLINK-32462,93.47,43,446,443,0.0002285,,0.52
2024-222S,62130,STARLINK-32463,93.46,43,445,443,0.0001938,,0.34
2024-222T,62131,STARLINK-32550,93.46,43,445,443,0.0001921,,0.24
2024-222U,62132,STARLINK-32507,93.47,43,446,442,0.0003015,,0.52
2024-222V,62133,STARLINK-32245,93.46,43,445,443,0.0001141,,0.56
2024-222W,62134,STARLINK-32546,93.46,43,445,443,0.0001855,,0.52
2024-222X,62135,STARLINK-32545,93.46,43,445,443,0.0001629,,0.25
2024-222Y,62136,STARLINK-32554,93.47,43,445,443,0.0001147,,0.36
2024-222Z,62137,STARLINK-32570,93.46,43,446,442,0.0002483,,0.36
2024-223A,62138,KONDOR-FKA NO. 2,94.76,97.44,507,507,0.0000256,,0.24
2024-224A,62139,STARLINK-32529,93.46,43,445,443,0.0001167,,0.58
2024-224B,62140,STARLINK-32464,93.99,43,471,469,0.0001374,,0.33
2024-224C,62141,STARLINK-32482,93.99,43,471,468,0.0001859,,0.25
2024-224D,62142,STARLINK-32454,93.99,43,470,469,0.0001281,,1.15
2024-224E,62143,STARLINK-32485,93.99,43.01,471,468,0.0002472,,0.6
2024-224F,62144,STARLINK-32388,93.99,43,470,469,0.0001,,0.49
2024-224G,62145,STARLINK-32374,93.99,43,471,468,0.0002224,,0.6
2024-224H,62146,STARLINK-32384,93.99,43,470,469,0.0001255,,0.25
2024-224J,62147,STARLINK-32295,93.99,43,471,469,0.0001434,,0.6
2024-224K,62148,STARLINK-32479,93.99,43,471,468,0.0001671,,0.5
2024-224L,62149,STARLINK-32468,93.99,43,470,469,0.0001134,,0.59
2024-224M,62150,STARLINK-32629,93.99,43,471,469,0.0001369,,0.45
2024-224N,62151,STARLINK-32644,93.99,43,471,469,0.0001513,,0.29
2024-224P,62152,STARLINK-32623,93.99,43,470,469,0.0001131,,0.31
2024-224Q,62153,STARLINK-32639,93.99,43.01,472,468,0.0002958,,0.6
2024-224R,62154,STARLINK-32625,93.99,43,471,468,0.0001754,,0.28
2024-224S,62155,STARLINK-32635,93.99,43,470,469,0.0001055,,0.3
2024-224T,62156,STARLINK-32532,93.99,43.01,471,468,0.0001742,,0.65
2024-224U,62157,STARLINK-32503,93.99,43.01,471,468,0.0001779,,0.49
2024-224V,62158,STARLINK-32508,93.99,43,471,469,0.0001314,,0.33
2024-224W,62159,STARLINK-32524,93.99,43,471,468,0.0001666,,0.32
2024-224X,62160,STARLINK-32484,93.99,43.01,471,468,0.0001537,,0.62
2024-224Y,62161,STARLINK-32497,93.99,43,470,469,0.00013,,0.64
2024-224Z,62162,STARLINK-32526,93.99,43,470,469,0.0001307,,0.63
2024-225C,62165,STARLINK-32523,93.61,70,454,448,0.0003829,,0.26
2024-225D,62166,STARLINK-32551,93.61,70,453,449,0.0003056,,0.82
2024-225E,62167,STARLINK-32506,93.61,70,453,449,0.0002896,,0.25
2024-225F,62168,STARLINK-32562,93.61,70,453,449,0.000297,,0.8
2024-225G,62169,STARLINK-32558,93.61,70,453,449,0.0003092,,0.79
2024-225H,62170,STARLINK-32538,93.61,70,453,449,0.0002817,,0.78
2024-225J,62171,STARLINK-32257,93.61,69.99,454,448,0.0003802,,0.24
2024-225K,62172,STARLINK-32407,93.61,70,453,449,0.000298,,0.81
2024-225L,62173,STARLINK-32575,93.61,70,453,449,0.0003044,,0.8
2024-225M,62174,STARLINK-32552,93.61,70,453,449,0.0003314,,0.82
2024-225N,62175,STARLINK-32534,93.61,70,454,448,0.000381,,0.25
2024-225P,62176,STARLINK-32516,93.61,70,453,449,0.0002737,,0.26
2024-225Q,62177,STARLINK-32542,93.61,70,453,449,0.0003072,,0.8
2024-225R,62178,STARLINK-32600,93.61,70,453,449,0.0003378,,0.81
2024-225S,62179,STARLINK-32584,95.11,70,526,522,0.0003307,,0.58
2024-225T,62180,STARLINK-32587,95.32,70,537,532,0.000321,,0.58
2024-225U,62181,STARLINK-32602,93.61,70,453,449,0.0002847,,0.79
2024-225V,62182,STARLINK-32565,93.61,70,453,449,0.000301,,0.24
2024-225W,62183,STARLINK-32589,93.61,70,454,449,0.0003652,,0.24
2024-225X,62184,STARLINK-32581,93.61,70,453,449,0.0003181,,0.81
2024-226A,62185,2024-226A,105.87,50.01,1077,994,0.0056298,,0.24
2024-226B,62186,2024-226B,107.35,50.01,1113,1095,0.0011516,,0.5
2024-227A,62188,TJS-13,717.88,63.42,38716,1643,0.6979609,,7
2024-228A,62190,HAISHAO-1,93.02,42.99,496,349,0.0108588,,0.59
2024-229A,62192,STARLINK-32686,93.99,43,471,469,0.000149,,0.64
2024-229B,62193,STARLINK-32688,93.99,43,470,469,0.000115,,1.07
2024-229C,62194,STARLINK-32684,93.99,43,470,469,0.0001338,,0.92
2024-229D,62195,STARLINK-32672,93.99,43,470,469,0.0001308,,0.86
2024-229E,62196,STARLINK-32682,91.08,43,329,327,0.000123,,0.25
2024-229F,62197,STARLINK-32663,93.99,43,471,468,0.0001858,,0.31
2024-229G,62198,STARLINK-32640,93.99,43,471,469,0.0001465,,0.92
2024-229H,62199,STARLINK-32653,93.46,43,445,443,0.0001318,,0.28
2024-229J,62200,STARLINK-32647,93.99,43,471,469,0.0001364,,0.95
2024-229K,62201,STARLINK-32667,93.99,43,470,469,0.0001259,,0.32
2024-229L,62202,STARLINK-32655,93.99,43,471,468,0.0002375,,0.3
2024-229M,62203,STARLINK-32665,93.99,43,471,468,0.0001802,,0.35
2024-229N,62204,STARLINK-32664,93.99,43,471,469,0.0001442,,0.63
2024-229P,62205,STARLINK-32660,93.46,43,445,443,0.0001143,,0.35
2024-229Q,62206,STARLINK-32448,93.99,43,470,469,0.0001322,,0.92
2024-229R,62207,STARLINK-32430,93.99,43,470,469,0.0001321,,0.32
2024-229S,62208,STARLINK-32675,93.99,43,470,469,0.0001323,,0.93
2024-229T,62209,STARLINK-32671,93.99,43,471,468,0.000204,,0.97
2024-229U,62210,STARLINK-32670,93.99,43,471,468,0.0001617,,0.34
2024-229V,62211,STARLINK-32642,93.99,43,470,469,0.0001175,,0.33
2024-229W,62212,STARLINK-32668,93.99,43,470,469,0.0001258,,0.32
2024-229X,62213,STARLINK-32669,93.99,43,471,468,0.0002252,,0.31
2024-229Y,62214,STARLINK-32666,93.99,43.01,471,468,0.0001552,,0.31
2024-229Z,62215,STARLINK-32662,93.99,43,470,469,0.0001346,,0.95
2024-230A,62216,COSMOS 2580,103.1,67.14,910,901,0.0006331,,0.55
2024-231A,62218,STARLINK-11394 [DTC],91.42,53.16,345,343,0.0001787,,0.54
2024-231B,62219,STARLINK-11490 [DTC],91.74,53.16,360,359,0.0001122,,0.58
2024-231C,62220,STARLINK-11466 [DTC],91.73,53.16,361,359,0.0001434,,0.33
2024-231D,62221,STARLINK-11468 [DTC],91.74,53.16,361,359,0.0001184,,0.26
2024-231E,62222,STARLINK-11488 [DTC],91.74,53.16,361,358,0.0001878,,0.91
2024-231F,62223,STARLINK-11483 [DTC],91.34,53.15,341,340,0.0001132,,1.26
2024-231G,62224,STARLINK-11492 [DTC],91.74,53.16,361,359,0.0001398,,0.27
2024-231H,62225,STARLINK-11471 [DTC],91.67,53.16,357,356,0.0001207,,0.33
2024-231J,62226,STARLINK-11475 [DTC],91.73,53.16,360,359,0.0001297,,0.33
2024-231K,62227,STARLINK-11469 [DTC],91.74,53.16,361,359,0.0001564,,0.93
2024-231L,62228,STARLINK-11476 [DTC],91.73,53.16,360,358,0.0001113,,0.33
2024-231M,62229,STARLINK-11485 [DTC],91.74,53.16,361,358,0.0001834,,0.62
2024-231N,62230,STARLINK-11481 [DTC],91.74,53.15,361,359,0.0001354,,0.64
2024-231P,62231,STARLINK-32650,93.53,53.16,448,447,0.0000753,,0.63
2024-231Q,62232,STARLINK-32636,93.53,53.16,448,446,0.000123,,0.6
2024-231R,62233,STARLINK-32643,93.53,53.16,448,446,0.0001591,,0.62
2024-231S,62234,STARLINK-32652,93.53,53.16,448,447,0.000101,,0.91
2024-231T,62235,STARLINK-32631,93.53,53.16,448,446,0.0001793,,0.61
2024-231U,62236,STARLINK-32641,93.53,53.16,448,447,0.0000866,,0.25
2024-232B,62238,QIANFAN-37,101.6,88.99,848,821,0.00184,,0.56
2024-232C,62239,QIANFAN-38,101.44,88.99,839,814,0.0017115,,0.24
2024-232D,62240,QIANFAN-39,101.05,88.99,821,795,0.0018126,,0.59
2024-232E,62241,QIANFAN-40,101,88.99,819,793,0.0018283,,0.61
2024-232F,62242,QIANFAN-41,101.41,88.99,838,813,0.0017681,,0.25
2024-232G,62243,QIANFAN-42,101.11,88.99,824,799,0.0017067,,0.58
2024-232H,62244,QIANFAN-43,101.38,88.99,836,811,0.0017231,,0.26
2024-232J,62245,QIANFAN-44,101.29,88.99,833,807,0.001768,,0.57
2024-232K,62246,QIANFAN-45,101.35,88.99,835,810,0.0017248,,0.27
2024-232L,62247,QIANFAN-46,101.6,88.99,847,822,0.0017557,,0.56
2024-232M,62248,QIANFAN-47,101.37,88.99,836,811,0.0017352,,0.55
2024-232N,62249,QIANFAN-48,101.03,88.99,821,794,0.0018708,,0.6
2024-232P,62250,QIANFAN-49,101.53,88.99,843,819,0.0016795,,0.6
2024-232Q,62251,QIANFAN-50,101.38,88.99,837,811,0.0017869,,0.55
2024-232R,62252,QIANFAN-51,101.41,88.99,837,813,0.0016681,,0.55
2024-232S,62253,QIANFAN-52,101.34,88.99,835,809,0.0018027,,0.27
2024-232T,62254,QIANFAN-53,101.36,88.99,835,811,0.0017322,,0.27
2024-232U,62255,QIANFAN-54,101.18,88.99,827,803,0.0016688,,0.58
2024-233A,62256,PROBA-3,1179.7,59.24,60592,619,0.8108024,,1.06
2024-234A,62259,SXM-9,1435.82,0.02,35802,35760,0.0004952,*G,0.68
2024-235A,62261,SENTINEL-1C,98.68,98.18,697,695,0.0001298,,0.22
2024-231V,62262,STARLINK-32632,93.53,53.16,448,446,0.0001558,,0.59
2024-236A,62263,2024-236A,90.71,58.53,341,279,0.0046343,,0.65
2024-236B,62264,2024-236B,91.21,58.55,370,297,0.0054469,,0.68
2024-237A,62267,STARLINK-11496 [DTC],91.27,43,337,336,0.000084,,0.49
2024-237B,62268,STARLINK-11501 [DTC],91.26,43,338,335,0.0001866,,0.44
2024-237C,62269,STARLINK-11491 [DTC],91.26,42.99,338,335,0.0002291,,0.5
2024-237D,62270,STARLINK-11479 [DTC],91.26,43,337,336,0.0001254,,0.44
2024-237E,62271,STARLINK-11489 [DTC],91.26,43,338,336,0.0001474,,0.39
2024-237F,62272,STARLINK-11494 [DTC],91.26,43,337,336,0.0000925,,0.45
2024-237G,62273,STARLINK-11333 [DTC],91.26,43,337,336,0.0000521,,0.52
2024-237H,62274,STARLINK-11504 [DTC],91.26,43,338,335,0.0001552,,0.46
2024-237J,62275,STARLINK-11495 [DTC],91.67,43,357,356,0.0001082,,0.33
2024-237K,62276,STARLINK-11498 [DTC],91.26,42.99,337,336,0.0000787,,0.79
2024-237L,62277,STARLINK-11484 [DTC],91.26,43,337,335,0.0001616,,0.48
2024-237M,62278,STARLINK-11487 [DTC],91.67,43,357,356,0.0001429,,0.58
2024-237N,62279,STARLINK-11499 [DTC],91.72,43,360,358,0.0001284,,0.52
2024-237P,62280,STARLINK-33548,93.46,43.01,446,443,0.000229,,0.5
2024-237Q,62281,STARLINK-33544,93.46,43,445,443,0.0001971,,0.47
2024-237R,62282,STARLINK-33560,93.46,43,445,443,0.0001382,,0.48
2024-237S,62283,STARLINK-33547,93.46,43,445,443,0.0001601,,1.43
2024-237T,62284,STARLINK-33563,93.46,43,445,443,0.0001234,,0.49
2024-237U,62285,STARLINK-33550,93.46,43,444,444,0.000058,,1.06
2024-237V,62286,STARLINK-33564,93.46,43.01,445,443,0.0002052,,0.78
2024-237W,62287,STARLINK-33546,93.46,43.01,445,443,0.000142,,1.14
2024-237X,62288,STARLINK-33565,93.46,43,445,443,0.0001425,,1.42
2024-237Y,62289,STARLINK-33549,93.46,43.01,445,443,0.0001002,,1.11
2024-238A,62290,GJZ 01,107.56,59.91,1124,1103,0.0013678,,0.51
2024-238B,62291,GJZ 02,101.12,59.92,829,794,0.0023887,,0.28
2024-238C,62292,GJZ 03,104.72,59.91,992,971,0.0014478,,0.29
2024-238D,62293,GJZ 04,104.72,59.91,990,972,0.0012252,,0.29
2024-238E,62294,GJZ 05,104.72,59.91,990,972,0.0012356,,0.29
1998-067XB,62295,YODAKA,91.88,51.63,377,357,0.0014296,,0.31
1998-067XC,62296,1998-067XC,92.28,51.64,396,376,0.0014511,,0.68
1998-067XD,62297,1998-067XD,92.02,51.63,384,363,0.0015702,,0.35
1998-067XE,62298,YOMOGI,92.26,51.63,395,376,0.0014513,,0.43
1998-067XF,62299,ONGLAISAT,91.99,51.63,381,363,0.0013576,,0.34
2024-239A,62301,STARLINK-32648,93.53,53.16,448,446,0.0001804,,0.99
2024-239B,62302,STARLINK-32594,92.03,53.16,375,373,0.0000999,,0.34
2024-239C,62303,STARLINK-32621,93.53,53.16,448,447,0.0001015,,1.33
2024-239D,62304,STARLINK-32597,93.53,53.16,449,446,0.0002491,,0.32
2024-239E,62305,STARLINK-32649,93.53,53.16,448,447,0.0000994,,0.32
2024-239F,62306,STARLINK-32633,93.53,53.16,448,447,0.0000899,,1.28
2024-239G,62307,STARLINK-32646,93.53,53.16,448,447,0.0000461,,0.67
2024-239H,62308,STARLINK-32706,93.53,53.16,448,446,0.0001246,,0.56
2024-239J,62309,STARLINK-32678,93.53,53.16,448,446,0.0001151,,0.28
2024-239K,62310,STARLINK-32696,93.53,53.16,448,446,0.0001623,,0.27
2024-239L,62311,STARLINK-32700,93.53,53.16,448,446,0.0001713,,0.33
2024-239M,62312,STARLINK-32698,93.53,53.16,448,446,0.0001097,,0.56
2024-239N,62313,STARLINK-32634,93.53,53.16,448,447,0.0001071,,0.33
2024-239P,62314,STARLINK-32651,93.53,53.16,449,446,0.0002082,,0.31
2024-239Q,62315,STARLINK-32627,92.01,53.16,375,371,0.0003272,,2.26
2024-239R,62316,STARLINK-32596,93.53,53.16,448,447,0.0000988,,0.67
2024-239S,62317,STARLINK-32519,93.53,53.16,448,446,0.0001411,,0.7
2024-239T,62318,STARLINK-32576,93.53,53.16,448,447,0.0001017,,0.31
2024-239U,62319,STARLINK-32527,93.53,53.16,448,447,0.0000988,,0.29
2024-239V,62320,STARLINK-32481,93.53,53.16,448,446,0.0001636,,0.99
2024-239W,62321,STARLINK-32645,93.53,53.16,448,446,0.0001342,,0.97
2024-239X,62322,STARLINK-32654,93.53,53.16,448,446,0.0001275,,0.32
2024-240A,62323,HULIANGWANG DIGUI-01,107.66,86.5,1128,1109,0.0012783,,0.57
2024-240B,62324,HULIANGWANG DIGUI-02,107.66,86.51,1127,1110,0.0010792,,0.56
2024-240C,62325,HULIANGWANG DIGUI-03,107.66,86.5,1128,1109,0.0012534,,0.57
2024-240D,62326,HULIANGWANG DIGUI-04,107.66,86.5,1127,1110,0.0011792,,0.58
2024-240E,62327,HULIANGWANG DIGUI-05,107.66,86.51,1127,1110,0.0011678,,0.22
2024-240F,62328,HULIANGWANG DIGUI-06,107.66,86.5,1126,1111,0.0010439,,0.6
2024-240G,62329,HULIANGWANG DIGUI-07,107.66,86.5,1127,1110,0.0011442,,0.6
2024-240H,62330,HULIANGWANG DIGUI-08,107.66,86.51,1126,1110,0.0010644,,0.6
2024-240J,62331,HULIANGWANG DIGUI-09,107.66,86.5,1127,1110,0.001085,,0.54
2024-240K,62332,HULIANGWANG DIGUI-10,107.66,86.51,1126,1111,0.0010113,,0.55
2024-241A,62333,PIESAT-2 09,95.16,97.49,527,525,0.0001591,,0.81
2024-241B,62334,PIESAT-2 10,95.17,97.49,534,520,0.0010356,,0.23
2024-241C,62335,PIESAT-2 11,95.15,97.49,530,521,0.0006344,,0.25
2024-241D,62336,PIESAT-2 12,95.15,97.49,527,525,0.0001742,,0.27
2024-242A,62339,NAVSTAR 83 (USA 440),718.01,55,20195,20171,0.000442,,1.01
2024-244A,62362,O3B MPOWER A,197.23,8.85,7008,2683,0.1926468,,19.35
2024-245A,62365,TIANQI 33,102.9,44.98,902,890,0.0007876,,0.91
2024-245B,62366,TIANQI 34,102.61,44.98,887,878,0.0005869,,0.28
2024-245C,62367,TIANQI 35,102.29,45.01,875,860,0.0010062,,2.28
2024-245D,62368,TIANQI 36,102.39,45.03,881,862,0.0013035,,1.93
2024-246A,62374,TJS-12,1436.11,1.92,35791,35783,0.0000979,*G,1.45
2024-247B,62378,TANSTAAFL-2,94.79,44.99,510,507,0.0002623,,0.59
2024-247C,62379,HAWK-11B,94.78,45.01,510,505,0.0003421,,0.6
2024-247D,62380,2024-247D,94.77,45,509,506,0.0002529,,0.6
2024-247E,62381,HAWK-11C,94.78,45,510,506,0.0002868,,0.6
2024-247F,62382,HAWK-11A,94.78,44.98,510,506,0.0002677,,0.6
2024-247G,62383,LIZZIESAT-2,94.77,45,509,505,0.0002783,,0.6
2024-247H,62384,ICEYE-X49,95.46,45,542,539,0.0002391,,0.59
2024-247J,62385,2024-247J,94.7,45,506,501,0.0003601,,0.62
2024-247K,62386,TOMORROW-S4,94.82,44.99,513,507,0.0003842,,0.59
2024-247L,62387,2024-247L,94.69,45,506,501,0.0003577,,0.62
2024-247M,62388,GITAI-SC1,94.81,45,510,508,0.0001871,,0.59
2024-247N,62389,ICEYE-X47,95.45,44.99,543,538,0.0003029,,0.66
2024-247P,62390,2024-247P,94.9,45,515,513,0.0001451,,16.77
2024-247Q,62391,LASARSAT,94.78,44.99,511,505,0.0004925,,0.59
2024-247R,62392,TOMORROW-S3,94.82,44.99,513,507,0.0003788,,0.58
2024-247S,62393,2024-247S,94.76,44.99,511,503,0.0005859,,0.6
2024-247T,62394,CROCUBE,94.78,44.99,512,504,0.0005343,,0.59
2024-247U,62395,2024-247U,94.7,45,506,501,0.0003591,,0.62
2024-247V,62396,2024-247V,94.69,45,506,501,0.000365,,0.62
2024-247W,62397,2024-247W,94.66,45,504,500,0.0003302,,0.63
2024-247X,62398,2024-247X,94.66,45,504,500,0.0003279,,0.63
2024-247Y,62399,2024-247Y,94.7,45,506,501,0.0003626,,0.62
2024-247Z,62400,XCUBE-1,94.76,44.99,510,504,0.0004172,,0.61
2024-247AA,62401,CTC 0,94.71,44.99,508,501,0.0004704,,0.62
2024-247AB,62402,DJIBOUTI 1B,94.68,44.99,506,500,0.0004755,,0.62
2024-247AC,62403,2024-247AC,94.8,44.99,512,506,0.0004976,,0.78
2024-247AD,62404,2024-247AD,94.7,45,506,501,0.0003627,,0.62
2024-247AE,62405,2024-247AE,94.67,44.99,506,499,0.0005114,,0.63
2024-248A,62406,STRIX-2,95.97,97.57,578,553,0.0017557,,0.26
2024-249A,62409,STARLINK-11444 [DTC],91.26,43,338,335,0.0001943,,0.3
2024-249B,62410,STARLINK-11493 [DTC],91.26,43,338,335,0.0001701,,0.31
2024-249C,62411,STARLINK-11453 [DTC],91.26,43,338,335,0.0001859,,0.31
2024-249D,62412,STARLINK-11462 [DTC],91.26,43,338,335,0.0001869,,0.32
2024-249E,62413,STARLINK-11441 [DTC],91.26,43,338,335,0.0001791,,0.26
2024-249F,62414,STARLINK-11445 [DTC],91.26,43,338,335,0.0001946,,0.27
2024-249G,62415,STARLINK-11355 [DTC],91.26,43,338,336,0.000156,,0.27
2024-249H,62416,STARLINK-11446 [DTC],91.26,43,338,335,0.0002158,,0.21
2024-249J,62417,STARLINK-11428 [DTC],91.26,43,338,335,0.0002223,,0.22
2024-249K,62418,STARLINK-11447 [DTC],91.26,43,338,335,0.0001891,,0.29
2024-249L,62419,STARLINK-11439 [DTC],91.26,43,338,335,0.0001708,,0.22
2024-249M,62420,STARLINK-11434 [DTC],91.26,43,338,335,0.0001883,,0.29
2024-249N,62421,STARLINK-11461 [DTC],91.26,43,338,335,0.0001747,,0.3
2024-249P,62422,STARLINK-32692,93.47,43,445,443,0.0001683,,0.33
2024-249Q,62423,STARLINK-32680,93.35,43,440,437,0.0001476,,0.25
2024-249R,62424,STARLINK-32638,93.46,43,445,443,0.0001286,,0.33
2024-249S,62425,STARLINK-32283,92.93,43,419,417,0.0001381,,0.71
2024-249T,62426,STARLINK-32676,93.46,43,445,443,0.0001821,,0.33
2024-249U,62427,STARLINK-32659,93.46,43,445,443,0.0001764,,0.75
2024-249V,62428,STARLINK-32614,92.87,43,416,414,0.0001474,,0.78
2024-249W,62429,STARLINK-32418,93.13,43,430,426,0.0002927,,0.32
2024-250A,62430,RESURS-P 5,93.99,97.26,471,468,0.0002428,,0.26
2024-251A,62432,STARLINK-32702,92.59,53.16,403,401,0.0001267,,0.33
2024-251B,62433,STARLINK-32712,92.59,53.16,403,401,0.0001282,,0.33
2024-251C,62434,STARLINK-32674,92.59,53.16,402,401,0.0001254,,0.33
2024-251D,62435,STARLINK-32711,92.59,53.16,402,401,0.0001238,,0.33
2024-251E,62436,STARLINK-32697,92.59,53.16,402,401,0.0001244,,0.33
2024-251F,62437,STARLINK-32693,91.11,53.16,331,327,0.0003499,,0.29
2024-251G,62438,STARLINK-32721,92.59,53.16,402,401,0.0001243,,0.33
2024-251H,62439,STARLINK-32709,92.59,53.16,402,401,0.0001218,,0.33
2024-251J,62440,STARLINK-32689,92.59,53.16,402,401,0.0001226,,0.33
2024-251K,62441,STARLINK-32724,92.59,53.16,402,401,0.0001193,,0.33
2024-251L,62442,STARLINK-32291,92.59,53.16,402,401,0.0001209,,0.33
2024-251M,62443,STARLINK-32736,92.59,53.16,402,401,0.0001203,,0.33
2024-251N,62444,STARLINK-32737,92.59,53.16,402,401,0.0001172,,0.33
2024-251P,62445,STARLINK-32683,92.59,53.16,402,401,0.0001163,,0.33
2024-251Q,62446,STARLINK-32726,92.59,53.16,402,401,0.0001195,,0.33
2024-251R,62447,STARLINK-32730,92.59,53.16,402,401,0.0001146,,0.33
2024-251S,62448,STARLINK-32719,91.5,53.16,349,347,0.0001077,,0.79
2024-251T,62449,STARLINK-32723,92.59,53.16,402,401,0.0001137,,0.33
2024-251U,62450,STARLINK-32722,92.59,53.16,402,401,0.0001194,,0.33
2024-251V,62451,STARLINK-32720,92.59,53.16,402,401,0.0001119,,0.33
2024-251W,62452,STARLINK-32656,92.59,53.16,402,401,0.0001118,,0.33
2024-251X,62453,STARLINK-32690,92.59,53.16,402,401,0.0001138,,0.33
2024-252A,62454,2024-252A,1311.36,11.17,65013,1603,0.7988891,,0.84
2024-252B,62455,2024-252B,1321.09,11.08,65033,1976,0.7905305,,0.54
2024-252C,62456,2024-252C,1309.03,11.46,65013,1509,0.8010187,,0.91
2024-252D,62457,2024-252D,1330.88,11.23,65532,1870,0.7941964,,0.83
2024-253A,62459,SDX01,93.98,55,476,462,0.0010364,,0.26
2024-253B,62460,SDX02,93.98,55,476,462,0.0010262,,0.52
2024-253C,62461,POEM-4,91.38,55.22,347,338,0.0006938,,0.54
2024-254A,62462,STARLINK-11518 [DTC],91.26,43,338,335,0.0001808,,0.56
2024-254B,62463,STARLINK-11455 [DTC],91.26,43,338,335,0.0001822,,0.33
2024-254C,62464,STARLINK-11459 [DTC],91.26,43,337,335,0.0001692,,0.33
2024-254D,62465,STARLINK-11178 [DTC],91.26,43,338,335,0.0002207,,0.33
2024-254E,62466,STARLINK-11506 [DTC],91.23,43,336,334,0.0001846,,0.33
2024-254F,62467,STARLINK-11486 [DTC],91.09,42.99,329,327,0.000161,,0.25
2024-254G,62468,STARLINK-11511 [DTC],90.89,43,319,317,0.0002034,,0.59
2024-254H,62469,STARLINK-11505 [DTC],90.89,42.99,319,317,0.0002071,,0.59
2024-254J,62470,STARLINK-11497 [DTC],90.88,42.99,319,317,0.0002015,,0.59
2024-254K,62471,STARLINK-11477 [DTC],90.89,42.99,320,316,0.000239,,0.59
2024-254L,62472,STARLINK-11500 [DTC],90.89,42.99,319,317,0.0001625,,0.59
2024-254M,62473,STARLINK-11464 [DTC],90.89,42.99,319,317,0.0001537,,0.59
2024-254N,62474,STARLINK-11502 [DTC],90.88,42.99,319,317,0.0002078,,0.59
2024-254P,62475,STARLINK-32657,92.09,43,378,376,0.0001544,,0.25
2024-254Q,62476,STARLINK-32734,92.07,43,377,375,0.0001522,,0.33
2024-254R,62477,STARLINK-32733,92.07,43,377,375,0.0001526,,0.33
2024-254S,62478,STARLINK-32707,92.07,43,377,375,0.0001527,,0.33
2024-254T,62479,STARLINK-32705,92.09,43,378,376,0.0001541,,0.25
2024-254U,62480,STARLINK-32743,92.07,43,377,375,0.0001524,,0.33
2024-254V,62481,STARLINK-32753,92.07,43,377,375,0.0001496,,0.33
2024-254W,62482,STARLINK-32699,92.09,43,378,376,0.0001571,,0.25
2025-001A,62483,THURAYA-4,1139.08,20.4,57421,2082,0.7658322,,0.75
2025-002A,62485,SHIJIAN-25 (SJ-25),1436.02,10.22,36023,35547,0.0056368,,0.73
2025-003A,62487,STARLINK-32713,91.67,43,357,356,0.0001333,,0.33
2025-003B,62488,STARLINK-32732,91.67,43,357,356,0.0001255,,0.33
2025-003C,62489,STARLINK-32328,91.67,43,357,356,0.000123,,0.33
2025-003D,62490,STARLINK-32332,91.67,43,357,356,0.0001254,,0.33
2025-003E,62491,STARLINK-32717,91.67,43,357,356,0.0001294,,0.33
2025-003F,62492,STARLINK-32757,91.67,43,357,356,0.0001315,,0.33
2025-003G,62493,STARLINK-32731,91.67,43,357,356,0.0001236,,0.33
2025-003H,62494,STARLINK-32694,91.67,43,357,356,0.000128,,0.33
2025-003J,62495,STARLINK-32708,91.67,43,357,356,0.0001297,,0.33
2025-003K,62496,STARLINK-32718,91.67,43,357,356,0.0001298,,0.33
2025-003L,62497,STARLINK-32729,91.67,43,358,356,0.000141,,0.33
2025-003M,62498,STARLINK-32739,91.67,43,358,356,0.0001408,,0.33
2025-003N,62499,STARLINK-32714,91.67,43,357,356,0.0001293,,0.33
2025-003P,62500,STARLINK-32685,91.67,43,357,356,0.000129,,0.33
2025-003Q,62501,STARLINK-32691,91.67,43,357,356,0.0001297,,0.33
2025-003R,62502,STARLINK-32788,91.67,43,358,356,0.0001549,,0.33
2025-003S,62503,STARLINK-32768,91.67,43,357,356,0.0001331,,0.33
2025-003T,62504,STARLINK-32792,91.67,43,358,356,0.0001349,,0.33
2025-003U,62505,STARLINK-32725,91.29,43,339,337,0.0001298,,0.33
2025-003V,62506,STARLINK-32681,90.82,43,316,314,0.0001153,,0.33
2025-003W,62507,STARLINK-32679,91.3,43,339,338,0.0001341,,0.33
2025-003X,62508,STARLINK-32749,91.67,43,357,356,0.000131,,0.33
2025-003Y,62509,STARLINK-32744,91.67,43,358,356,0.0001351,,0.33
2025-003Z,62510,STARLINK-32701,91.67,43,357,356,0.0001282,,0.33
2025-004A,62511,STARLINK-11452 [DTC],91.11,43.01,330,328,0.0001424,,0.58
2025-004B,62512,STARLINK-11443 [DTC],90.97,43.01,323,321,0.0001359,,0.58
2025-004C,62513,STARLINK-11440 [DTC],90.87,43.01,318,316,0.0001966,,0.33
2025-004D,62514,STARLINK-11514 [DTC],90.88,43.01,319,317,0.0001499,,0.33
2025-004E,62515,STARLINK-11508 [DTC],90.88,43.01,319,317,0.0001679,,0.58
2025-004F,62516,STARLINK-11510 [DTC],90.88,43.01,319,317,0.0001465,,0.33
2025-004G,62517,STARLINK-11512 [DTC],90.88,43.01,319,317,0.0001413,,0.33
2025-004H,62518,STARLINK-11450 [DTC],90.88,43.01,319,317,0.000148,,0.33
2025-004J,62519,STARLINK-11507 [DTC],90.89,43.01,319,317,0.0001453,,0.33
2025-004K,62520,STARLINK-11482 [DTC],90.88,43.01,319,317,0.0001456,,0.33
2025-004L,62521,STARLINK-11528 [DTC],90.65,43.01,308,305,0.0001655,,0.58
2025-004M,62522,STARLINK-11516 [DTC],90.88,43.01,319,317,0.000142,,0.33
2025-004N,62523,STARLINK-11527 [DTC],90.88,43.01,319,317,0.0001527,,0.33
2025-004P,62524,STARLINK-32748,91.08,43.01,328,327,0.0001265,,0.58
2025-004Q,62525,STARLINK-32777,91.08,43.01,328,327,0.0001335,,0.58
2025-004R,62526,STARLINK-32741,91.08,43.01,329,327,0.0001239,,0.58
2025-004S,62527,STARLINK-32754,91.09,43.01,329,327,0.000134,,0.58
2025-004T,62528,STARLINK-32786,91.14,43.01,331,330,0.0001085,,0.25
2025-004U,62529,STARLINK-32789,91.14,43.01,331,330,0.0001119,,0.25
2025-004V,62530,STARLINK-32791,91.1,43.01,329,327,0.0001362,,0.58
2025-004W,62531,STARLINK-32785,91.1,43.01,329,328,0.0001263,,0.58
2025-006A,62554,STARLINK-11538 [DTC],91.26,43,338,335,0.0001946,,0.33
2025-006B,62555,STARLINK-11534 [DTC],91.08,43.01,329,326,0.0001649,,0.58
2025-006C,62556,STARLINK-11515 [DTC],90.99,43.01,324,322,0.0001573,,0.33
2025-006D,62557,STARLINK-11478 [DTC],90.85,43.01,317,315,0.0002005,,0.28
2025-006E,62558,STARLINK-11358 [DTC],90.84,43.01,317,315,0.0001192,,0.33
2025-006F,62559,STARLINK-11517 [DTC],90.84,43.01,317,315,0.0001685,,0.58
2025-006G,62560,STARLINK-11519 [DTC],90.85,43.01,317,315,0.0001477,,0.33
2025-006H,62561,STARLINK-11451 [DTC],90.85,43.01,317,315,0.0002052,,0.33
2025-006J,62562,STARLINK-11530 [DTC],90.84,43.01,317,315,0.0001581,,0.58
2025-006K,62563,STARLINK-11536 [DTC],90.84,43.01,317,314,0.0002273,,0.33
2025-006L,62564,STARLINK-11540 [DTC],90.84,43.01,317,315,0.0002032,,0.33
2025-006M,62565,STARLINK-11523 [DTC],90.85,43.01,317,315,0.0001489,,0.33
2025-006N,62566,STARLINK-11525 [DTC],90.85,43.01,317,315,0.0001423,,0.33
2025-006P,62567,STARLINK-32752,91.14,43.01,332,330,0.0001605,,0.33
2025-006Q,62568,STARLINK-32760,91.14,43.01,332,330,0.0001397,,0.33
2025-006R,62569,STARLINK-32715,91.15,43.01,332,330,0.0001363,,0.33
2025-006S,62570,STARLINK-32764,91.15,43.01,332,330,0.0001357,,0.33
2025-006T,62571,STARLINK-32773,91.15,43.01,332,330,0.0001346,,0.33
2025-006U,62572,STARLINK-32750,91.15,43.01,332,330,0.0001411,,0.33
2025-006V,62573,STARLINK-32771,91.15,43.01,332,330,0.0001237,,0.33
2025-006W,62574,STARLINK-32766,91.15,43.01,332,330,0.0001289,,0.33
2025-007B,62576,CENTISPACE-1 S7,97.59,54.98,653,634,0.0013246,,4.52
2025-007C,62577,CENTISPACE-1 S8,97.59,54.98,652,634,0.0012761,,3.75
2025-007D,62578,CENTISPACE-1 S9,97.6,54.98,653,635,0.0013045,,0.25
2025-007E,62579,CENTISPACE-1 S10,97.6,54.99,652,635,0.0011804,,3.75
2025-007F,62580,CENTISPACE-1 S11,97.6,54.98,652,636,0.0011506,,3.74
2025-007G,62581,CENTISPACE-1 S12,97.58,54.98,652,634,0.0012838,,0.52
2025-007H,62582,CENTISPACE-1 S13,97.6,54.98,652,636,0.0011059,,3.81
2025-007J,62583,CENTISPACE-1 S14,97.62,54.98,652,638,0.0010412,,0.52
2025-007K,62584,CENTISPACE-1 S15,97.62,54.98,653,636,0.0011974,,0.25
2025-007L,62585,CENTISPACE-1 S16,97.62,54.98,653,636,0.0011845,,0.25
2025-008A,62587,STARLINK-11547 [DTC],90.92,43.01,320,319,0.0001214,,0.58
2025-008B,62588,STARLINK-11185 [DTC],90.89,43.01,320,316,0.0002574,,0.58
2025-008C,62589,STARLINK-11513 [DTC],90.88,43.01,319,316,0.0002107,,0.58
2025-008D,62590,STARLINK-11397 [DTC],90.89,43.01,319,317,0.000112,,0.33
2025-008E,62591,STARLINK-11420 [DTC],90.88,43.01,319,317,0.0001473,,0.33
2025-008F,62592,STARLINK-11415 [DTC],90.88,43.01,319,317,0.0001467,,0.33
2025-008G,62593,STARLINK-11413 [DTC],90.88,43.01,319,317,0.0001467,,0.33
2025-008H,62594,STARLINK-11416 [DTC],90.33,43.01,292,290,0.0001719,*D,0.33
2025-008J,62595,STARLINK-11535 [DTC],90.89,43.01,319,317,0.0001312,,0.33
2025-008K,62596,STARLINK-11532 [DTC],90.88,43.01,319,316,0.0001972,,0.33
2025-008L,62597,STARLINK-11521 [DTC],90.88,43.01,319,316,0.0002187,,0.33
2025-008M,62598,STARLINK-11258 [DTC],90.89,43.01,319,317,0.0001844,,0.58
2025-008N,62599,STARLINK-11529 [DTC],90.89,43.01,319,317,0.0001546,,0.33
2025-008P,62600,STARLINK-32747,90.85,43.01,317,315,0.0001455,,0.58
2025-008Q,62601,STARLINK-32767,90.85,43.01,317,315,0.0001375,,0.58
2025-008R,62602,STARLINK-32769,90.88,43.01,319,317,0.0001243,,0.33
2025-008S,62603,STARLINK-32778,90.88,43.01,319,317,0.0001217,,0.33
2025-008T,62604,STARLINK-32710,90.88,43.01,318,317,0.0001157,,0.33
2025-008U,62605,STARLINK-32742,90.88,43.01,318,317,0.0001305,,0.33
2025-008V,62606,STARLINK-32783,90.84,43.01,317,315,0.0001287,,0.58
2025-008W,62607,STARLINK-32784,90.87,43.01,318,316,0.0001246,,0.33
2025-010A,62716,BLUE GHOST,11390.87,35.04,322453,189,0.96084,,7.2
2025-010B,62717,HAKUTO-R,13491.54,35.17,362529,176,0.96509,,7.18
2025-011A,62720,BLUE RING PATHFINDER,374.69,30,19253,2423,0.4887845,,0.94
2025-012A,62725,2025-012A,95.1,97.48,529,517,0.0008635,,0.26
2025-012B,62726,2025-012B,95.08,97.48,529,516,0.0008942,,0.26
2025-012C,62727,2025-012C,95.08,97.48,529,517,0.0008588,,0.26
2025-013A,62729,2025-013A,95.4,97.61,548,529,0.0013845,,0.24
2025-013B,62730,2025-013B,95.4,97.61,548,528,0.0014139,,0.24
2025-013C,62731,2025-013C,95.4,97.61,548,528,0.0014126,,0.24
2025-013D,62732,2025-013D,95.4,97.61,547,528,0.0014127,,1.15
2025-013E,62733,2025-013E,95.4,97.61,548,528,0.0014375,,1.15
